id;lat;long;type;site;code
11888;37.3927558826;-5.9561129741;Dressel 20;Sevilla;ACIRGI
12552;37.3927558826;-5.9561129741;Ignotus;Sevilla;LCA
26461;37.3927558826;-5.9561129741;Dressel 20;Sevilla;CAMILIMELISSI
26531;37.3927558826;-5.9561129741;Dressel 20;Sevilla;DOM
29261;37.3927558826;-5.9561129741;Dressel 20;Sevilla;LFC
29622;37.3927558826;-5.9561129741;Dressel 20;Sevilla;LVALERIAMETISTI
10990;37.536615;-5.900952;Dressel 20;Villar de Brenes;VIR
10991;37.536615;-5.900952;Dressel 20;Villar de Brenes;VIR
10992;37.536615;-5.900952;Dressel 20;Villar de Brenes;VIR
10993;37.536615;-5.900952;Dressel 20;Villar de Brenes;VIR
11022;37.536615;-5.900952;Dressel 20;Villar de Brenes;PAH
11044;37.536615;-5.900952;Dressel 20;Villar de Brenes;CFSCVF
13441;37.536615;-5.900952;Dressel 20;Villar de Brenes;LFFV
13442;37.536615;-5.900952;Dressel 20;Villar de Brenes;LFFV
13449;37.536615;-5.900952;Dressel 20;Villar de Brenes;GFS
29406;37.536615;-5.900952;Dressel 20;Villar de Brenes;HERMES
29599;37.536615;-5.900952;Dressel 20;Villar de Brenes;QVC
29600;37.536615;-5.900952;Dressel 20;Villar de Brenes;QVC
29656;37.536615;-5.900952;Dressel 20;Villar de Brenes;VIRG
29657;37.536615;-5.900952;Dressel 20;Villar de Brenes;VIRG
29660;37.536615;-5.900952;Dressel 20;Villar de Brenes;VIRGIN
29661;37.536615;-5.900952;Dressel 20;Villar de Brenes;VIRI
29663;37.536615;-5.900952;Dressel 20;Villar de Brenes;VIRIII
29664;37.536615;-5.900952;Dressel 20;Villar de Brenes;VIRIII
29665;37.536615;-5.900952;Dressel 20;Villar de Brenes;VIRIIII
29666;37.536615;-5.900952;Dressel 20;Villar de Brenes;VIRAV
29667;37.536615;-5.900952;Dressel 20;Villar de Brenes;VIRAV
37200;37.536615;-5.900952;Amphora incerta;Villar de Brenes;MACRINVS
37217;37.536615;-5.900952;Amphora incerta;Villar de Brenes;PASCASIVS
13604;37.587337;-5.79237;Dressel 20;Los Villares;PNN
13137;37.581745;-5.669186;Dressel 20;Guadajoz;STT
13610;37.581745;-5.669186;Dressel 20;Guadajoz;LSPBO
13611;37.581745;-5.669186;Dressel 20;Guadajoz;LSPBO
13614;37.581745;-5.669186;Dressel 20;Guadajoz;LHLHE
13128;37.583256;-5.658615;Dressel 20;Adelfa;LSPBO
13131;37.583256;-5.658615;Dressel 20;Adelfa;LEF
13615;37.583256;-5.658615;Dressel 20;Adelfa;LSPBO
13616;37.583256;-5.658615;Dressel 20;Adelfa;LSPBO
13617;37.583256;-5.658615;Dressel 20;Adelfa;LSPBO
13618;37.583256;-5.658615;Dressel 20;Adelfa;LSPBO
13619;37.583256;-5.658615;Dressel 20;Adelfa;TATILIASIATICI
13622;37.583256;-5.658615;Dressel 20;Adelfa;GM
33364;37.583256;-5.658615;Dressel 20;Adelfa;ACIRGI
33365;37.583256;-5.658615;Dressel 20;Adelfa;LCFPC
33366;37.583256;-5.658615;Dressel 20;Adelfa;LCS
33367;37.583256;-5.658615;Dressel 20;Adelfa;LCS
33368;37.583256;-5.658615;Dressel 20;Adelfa;LCS
33369;37.583256;-5.658615;Dressel 20;Adelfa;LCS
33371;37.583256;-5.658615;Dressel 20;Adelfa;LER
33373;37.583256;-5.658615;Dressel 20;Adelfa;CFS
33374;37.583256;-5.658615;Dressel 20;Adelfa;MFX
33375;37.583256;-5.658615;Dressel 20;Adelfa;MFX
33376;37.583256;-5.658615;Dressel 20;Adelfa;GIF
33377;37.583256;-5.658615;Dressel 20;Adelfa;MAS
33378;37.583256;-5.658615;Dressel 20;Adelfa;MAS
33379;37.583256;-5.658615;Dressel 20;Adelfa;MSFPC
33381;37.583256;-5.658615;Dressel 20;Adelfa;LSPBO
13624;37.585268;-5.64988;Dressel 20;Juan Barba;TATILIASIATICI
13625;37.585268;-5.64988;Dressel 20;Juan Barba;TATILIASIATICI
13626;37.585268;-5.64988;Dressel 20;Juan Barba;LER
13627;37.585268;-5.64988;Dressel 20;Juan Barba;LER
13098;37.61618;-5.644928;Dressel 20;El Tejarillo;MMCS
13100;37.61618;-5.644928;Dressel 20;El Tejarillo;MMCS
13101;37.61618;-5.644928;Dressel 20;El Tejarillo;MMCS
13102;37.61618;-5.644928;Dressel 20;El Tejarillo;MMCS
13103;37.61618;-5.644928;Dressel 20;El Tejarillo;MMCS
13107;37.61618;-5.644928;Dressel 20;El Tejarillo;DEF
13108;37.61618;-5.644928;Dressel 20;El Tejarillo;DEF
13109;37.61618;-5.644928;Dressel 20;El Tejarillo;PNN
13110;37.61618;-5.644928;Dressel 20;El Tejarillo;PNN
13118;37.61618;-5.644928;Dressel 20;El Tejarillo;IICCLLM
13119;37.61618;-5.644928;Dressel 20;El Tejarillo;ELIMFP
13228;37.61618;-5.644928;Dressel 20;El Tejarillo;PNN
13229;37.61618;-5.644928;Dressel 20;El Tejarillo;PNN
13230;37.61618;-5.644928;Dressel 20;El Tejarillo;PNN
13231;37.61618;-5.644928;Dressel 20;El Tejarillo;PNN
13232;37.61618;-5.644928;Dressel 20;El Tejarillo;PNN
13233;37.61618;-5.644928;Dressel 20;El Tejarillo;PNN
13481;37.61618;-5.644928;Dressel 20;El Tejarillo;IICCLLM
13482;37.61618;-5.644928;Dressel 20;El Tejarillo;IICCLLM
13483;37.61618;-5.644928;Dressel 20;El Tejarillo;IICCLLM
13484;37.61618;-5.644928;Dressel 20;El Tejarillo;IICCLLM
13485;37.61618;-5.644928;Dressel 20;El Tejarillo;IICCLLM
13486;37.61618;-5.644928;Dressel 20;El Tejarillo;IICCLLM
13487;37.61618;-5.644928;Dressel 20;El Tejarillo;IICCLLM
13492;37.61618;-5.644928;Dressel 20;El Tejarillo;PNN
13493;37.61618;-5.644928;Dressel 20;El Tejarillo;PNN
13494;37.61618;-5.644928;Dressel 20;El Tejarillo;PNN
13495;37.61618;-5.644928;Dressel 20;El Tejarillo;PNN
13496;37.61618;-5.644928;Dressel 20;El Tejarillo;PNN
13497;37.61618;-5.644928;Dressel 20;El Tejarillo;PNN
13498;37.61618;-5.644928;Dressel 20;El Tejarillo;PNN
13499;37.61618;-5.644928;Dressel 20;El Tejarillo;PNN
13500;37.61618;-5.644928;Dressel 20;El Tejarillo;PNN
13501;37.61618;-5.644928;Dressel 20;El Tejarillo;PNN
13502;37.61618;-5.644928;Dressel 20;El Tejarillo;PNN
13503;37.61618;-5.644928;Dressel 20;El Tejarillo;PNN
13504;37.61618;-5.644928;Dressel 20;El Tejarillo;PNN
13505;37.61618;-5.644928;Dressel 20;El Tejarillo;PNN
13506;37.61618;-5.644928;Dressel 20;El Tejarillo;PNN
13507;37.61618;-5.644928;Dressel 20;El Tejarillo;PNN
13508;37.61618;-5.644928;Dressel 20;El Tejarillo;PNN
13509;37.61618;-5.644928;Dressel 20;El Tejarillo;PNN
13510;37.61618;-5.644928;Dressel 20;El Tejarillo;PNN
13511;37.61618;-5.644928;Dressel 20;El Tejarillo;PNN
13512;37.61618;-5.644928;Dressel 20;El Tejarillo;PNN
13513;37.61618;-5.644928;Dressel 20;El Tejarillo;PNN
13514;37.61618;-5.644928;Dressel 20;El Tejarillo;PNN
13515;37.61618;-5.644928;Dressel 20;El Tejarillo;PNN
13516;37.61618;-5.644928;Dressel 20;El Tejarillo;PNN
13517;37.61618;-5.644928;Dressel 20;El Tejarillo;PNN
13518;37.61618;-5.644928;Dressel 20;El Tejarillo;PNN
13519;37.61618;-5.644928;Dressel 20;El Tejarillo;PNN
13520;37.61618;-5.644928;Dressel 20;El Tejarillo;PNN
13521;37.61618;-5.644928;Dressel 20;El Tejarillo;PNN
13522;37.61618;-5.644928;Dressel 20;El Tejarillo;PNN
13523;37.61618;-5.644928;Dressel 20;El Tejarillo;PNN
13524;37.61618;-5.644928;Dressel 20;El Tejarillo;PNN
13525;37.61618;-5.644928;Dressel 20;El Tejarillo;PNN
13526;37.61618;-5.644928;Dressel 20;El Tejarillo;PNN
13527;37.61618;-5.644928;Dressel 20;El Tejarillo;PNN
13528;37.61618;-5.644928;Dressel 20;El Tejarillo;PNN
13529;37.61618;-5.644928;Dressel 20;El Tejarillo;PNN
13530;37.61618;-5.644928;Dressel 20;El Tejarillo;PNPHI
13532;37.61618;-5.644928;Dressel 20;El Tejarillo;IICCLLM
13533;37.61618;-5.644928;Dressel 20;El Tejarillo;IICCLLM
13535;37.61618;-5.644928;Dressel 20;El Tejarillo;IICCLLM
13536;37.61618;-5.644928;Dressel 20;El Tejarillo;IICCLLM
13540;37.61618;-5.644928;Dressel 20;El Tejarillo;MMCS
13543;37.61618;-5.644928;Dressel 20;El Tejarillo;MMCS
13544;37.61618;-5.644928;Dressel 20;El Tejarillo;MMCS
13545;37.61618;-5.644928;Dressel 20;El Tejarillo;MMCS
13546;37.61618;-5.644928;Dressel 20;El Tejarillo;MMCS
13547;37.61618;-5.644928;Dressel 20;El Tejarillo;MMCS
13548;37.61618;-5.644928;Dressel 20;El Tejarillo;MMCS
13549;37.61618;-5.644928;Dressel 20;El Tejarillo;MMCS
13556;37.61618;-5.644928;Dressel 20;El Tejarillo;PNN
13557;37.61618;-5.644928;Dressel 20;El Tejarillo;PNN
13558;37.61618;-5.644928;Dressel 20;El Tejarillo;PNN
13559;37.61618;-5.644928;Dressel 20;El Tejarillo;PNN
13560;37.61618;-5.644928;Dressel 20;El Tejarillo;PNN
13561;37.61618;-5.644928;Dressel 20;El Tejarillo;PNN
13562;37.61618;-5.644928;Dressel 20;El Tejarillo;PNN
13563;37.61618;-5.644928;Dressel 20;El Tejarillo;DFN
13564;37.61618;-5.644928;Dressel 20;El Tejarillo;DFN
13565;37.61618;-5.644928;Dressel 20;El Tejarillo;DFN
13566;37.61618;-5.644928;Dressel 20;El Tejarillo;DFN
13568;37.61618;-5.644928;Dressel 20;El Tejarillo;PNPHI
13569;37.61618;-5.644928;Dolium;El Tejarillo;OPTATI
13570;37.61618;-5.644928;Dressel 20;El Tejarillo;PNN
13571;37.61618;-5.644928;Dressel 20;El Tejarillo;PNN
13572;37.61618;-5.644928;Dressel 20;El Tejarillo;PNN
13573;37.61618;-5.644928;Dressel 20;El Tejarillo;PNN
13574;37.61618;-5.644928;Dressel 20;El Tejarillo;MMCS
28200;37.61618;-5.644928;Dressel 20;El Tejarillo;PNN
13124;37.588861;-5.626636;Dressel 20;Villar Tesoro;LMVE
13269;37.588861;-5.626636;Dressel 20;Villar Tesoro;LICISPE
13636;37.588861;-5.626636;Dressel 20;Villar Tesoro;LGG
13654;37.588861;-5.626636;Dressel 20;Villar Tesoro;LIT
13655;37.588861;-5.626636;Dressel 20;Villar Tesoro;LIT
13656;37.588861;-5.626636;Dressel 20;Villar Tesoro;LIT
13657;37.588861;-5.626636;Dressel 20;Villar Tesoro;LIT
13658;37.588861;-5.626636;Dressel 20;Villar Tesoro;LIT
13665;37.588861;-5.626636;Dressel 20;Villar Tesoro;LGG
13666;37.588861;-5.626636;Dressel 20;Villar Tesoro;LGG
13669;37.588861;-5.626636;Dressel 20;Villar Tesoro;LSPBO
13670;37.588861;-5.626636;Dressel 20;Villar Tesoro;FONTANI
13091;37.605064;-5.619801;Dressel 20;Mejía;TFA
13092;37.605064;-5.619801;Dressel 20;Mejía;STA
13094;37.605064;-5.619801;Dressel 20;Mejía;LMVE
13236;37.605064;-5.619801;Dressel 20;Mejía;TFA
13237;37.605064;-5.619801;Dressel 20;Mejía;TFA
13671;37.605064;-5.619801;Dressel 20;Mejía;TFA
13672;37.605064;-5.619801;Dressel 20;Mejía;STLA
13673;37.605064;-5.619801;Dressel 20;Mejía;ST
13674;37.605064;-5.619801;Dressel 20;Mejía;LMVE
13675;37.612696;-5.60742;Dressel 20;Tostoneras;TATILIASIATICI
13677;37.612696;-5.60742;Dressel 20;Tostoneras;TATILIASIATICI
13680;37.612696;-5.60742;Dressel 20;Tostoneras;PNN
12523;37.623647;-5.604665;Dressel 20;Arva;PNN
12658;37.623647;-5.604665;Dressel 20;Arva;DFN
12659;37.623647;-5.604665;Dressel 20;Arva;CMM
12660;37.623647;-5.604665;Dressel 20;Arva;CMM
12969;37.623647;-5.604665;Dressel 20;Arva;SALS
12987;37.623647;-5.604665;Dressel 20;Arva;PCICELI
12991;37.623647;-5.604665;Dressel 20;Arva;CSTLA
12992;37.623647;-5.604665;Dressel 20;Arva;STLA
12995;37.623647;-5.604665;Dressel 20;Arva;STATI
12996;37.623647;-5.604665;Dressel 20;Arva;GST
13002;37.623647;-5.604665;Dressel 20;Arva;LGG
13003;37.623647;-5.604665;Dressel 20;Arva;LGG
13008;37.623647;-5.604665;Dressel 20;Arva;PNN
13009;37.623647;-5.604665;Dressel 20;Arva;PNN
13010;37.623647;-5.604665;Dressel 20;Arva;PNN
13011;37.623647;-5.604665;Dressel 20;Arva;PNN
13012;37.623647;-5.604665;Dressel 20;Arva;PNN
13013;37.623647;-5.604665;Dressel 20;Arva;PNN
13015;37.623647;-5.604665;Dressel 20;Arva;PNN
13016;37.623647;-5.604665;Dressel 20;Arva;PNN
13017;37.623647;-5.604665;Dressel 20;Arva;PNN
13018;37.623647;-5.604665;Dressel 20;Arva;PNN
13020;37.623647;-5.604665;Dressel 20;Arva;PNN
13021;37.623647;-5.604665;Dressel 20;Arva;PNN
13023;37.623647;-5.604665;Dressel 20;Arva;PNN
13031;37.623647;-5.604665;Dressel 20;Arva;PNN
13032;37.623647;-5.604665;Dressel 20;Arva;PNN
13037;37.623647;-5.604665;Dressel 20;Arva;PNN
13039;37.623647;-5.604665;Dressel 20;Arva;COR
13041;37.623647;-5.604665;Dressel 20;Arva;MIM
13060;37.623647;-5.604665;Dressel 20;Arva;DEF
13061;37.623647;-5.604665;Dressel 20;Arva;PNN
13065;37.623647;-5.604665;Dressel 20;Arva;CN
13174;37.623647;-5.604665;Dressel 20;Arva;CN
13194;37.623647;-5.604665;Dressel 20;Arva;PNN
13201;37.623647;-5.604665;Dressel 20;Arva;PNN
13202;37.623647;-5.604665;Dressel 20;Arva;PNN
13203;37.623647;-5.604665;Dressel 20;Arva;PNN
13205;37.623647;-5.604665;Dressel 20;Arva;SALS
13210;37.623647;-5.604665;Dressel 20;Arva;PNN
13218;37.623647;-5.604665;Dressel 20;Arva;PNN
13219;37.623647;-5.604665;Dressel 20;Arva;PCICELI
13220;37.623647;-5.604665;Dressel 20;Arva;PNN
13224;37.623647;-5.604665;Dressel 20;Arva;ES
13238;37.623647;-5.604665;Dressel 20;Arva;PNN
13239;37.623647;-5.604665;Dressel 20;Arva;QFR
13240;37.623647;-5.604665;Dressel 20;Arva;QFR
13241;37.623647;-5.604665;Dressel 20;Arva;STP
13579;37.623647;-5.604665;Dressel 20;Arva;SAXOFERREO
13580;37.623647;-5.604665;Dressel 20;Arva;LAEO
13581;37.623647;-5.604665;Dressel 20;Arva;CAMILIMELISSI
13583;37.623647;-5.604665;Dressel 20;Arva;PNN
13587;37.623647;-5.604665;Dressel 20;Arva;MFM
13598;37.623647;-5.604665;Dressel 20;Arva;LVALERITROPHIMI
13919;37.623647;-5.604665;Dressel 20;Arva;PNPHI
17740;37.623647;-5.604665;Dressel 20;Arva;TATILIASIATICI
17741;37.623647;-5.604665;Dressel 20;Arva;PCLODICELI
17748;37.623647;-5.604665;Dressel 20;Arva;LIVNIMELISSI
17754;37.623647;-5.604665;Dressel 20;Arva;PNN
17755;37.623647;-5.604665;Dressel 20;Arva;PNPHI
28209;37.623647;-5.604665;Dressel 20;Arva;PNN
28210;37.623647;-5.604665;Dressel 20;Arva;PNN
28212;37.623647;-5.604665;Dressel 20;Arva;PNN
28218;37.623647;-5.604665;Dressel 20;Arva;PNN
28226;37.623647;-5.604665;Dressel 20;Arva;PNN
28330;37.623647;-5.604665;Dressel 20;Arva;MEDIANAE
9541;37.623647;-5.604665;Dressel 20;Arva;BARBA
9544;37.623647;-5.604665;Dressel 20;Arva;MHA
9545;37.623647;-5.604665;Dressel 20;Arva;IIIMINICIOR
9546;37.623647;-5.604665;Dressel 20;Arva;IIIMINICIOR
9547;37.623647;-5.604665;Dressel 20;Arva;IIIMINICIOR
9548;37.623647;-5.604665;Dressel 20;Arva;IIIMINICIOR
9549;37.623647;-5.604665;Dressel 20;Arva;IIIMINICIOR
9555;37.623647;-5.604665;Dressel 20;Arva;PNN
9556;37.623647;-5.604665;Dressel 20;Arva;PNN
9557;37.623647;-5.604665;Dressel 20;Arva;PNN
9558;37.623647;-5.604665;Dressel 20;Arva;PNN
9559;37.623647;-5.604665;Dressel 20;Arva;PNN
9563;37.623647;-5.604665;Dressel 20;Arva;PNPHI
9564;37.623647;-5.604665;Dressel 20;Arva;QAG
12941;37.617631;-5.556263;Dressel 20;Azanaque-Castillejo;CONSFC
12942;37.617631;-5.556263;Dressel 20;Azanaque-Castillejo;CONSFC
12943;37.617631;-5.556263;Dressel 20;Azanaque-Castillejo;CONSFC
12949;37.617631;-5.556263;Dressel 20;Azanaque-Castillejo;MHICA
12950;37.617631;-5.556263;Dressel 20;Azanaque-Castillejo;CMM
12953;37.617631;-5.556263;Dressel 20;Azanaque-Castillejo;QAELIOPTATI
12954;37.617631;-5.556263;Dressel 20;Azanaque-Castillejo;QAELIOPTATI
12955;37.617631;-5.556263;Dressel 20;Azanaque-Castillejo;QAELIOPTATI
13702;37.617631;-5.556263;Dressel 20;Azanaque-Castillejo;CMM
13703;37.617631;-5.556263;Dressel 20;Azanaque-Castillejo;CMM
13706;37.617631;-5.556263;Dressel 20;Azanaque-Castillejo;CMM
13707;37.617631;-5.556263;Dressel 20;Azanaque-Castillejo;GANNIRVFINI
13708;37.617631;-5.556263;Dressel 20;Azanaque-Castillejo;SAES
13722;37.617631;-5.556263;Dressel 20;Azanaque-Castillejo;CONSFC
13723;37.617631;-5.556263;Dressel 20;Azanaque-Castillejo;CONSFC
13724;37.617631;-5.556263;Dressel 20;Azanaque-Castillejo;CONSFC
13728;37.617631;-5.556263;Dressel 20;Azanaque-Castillejo;CORBEL
13733;37.617631;-5.556263;Dressel 20;Azanaque-Castillejo;LAEQ
33322;37.617631;-5.556263;Dressel 20;Azanaque-Castillejo;CONSFC
33323;37.617631;-5.556263;Dressel 20;Azanaque-Castillejo;CONSFC
33325;37.617631;-5.556263;Dressel 20;Azanaque-Castillejo;CONSFC
33333;37.617631;-5.556263;Dressel 20;Azanaque-Castillejo;FIRMI
33337;37.617631;-5.556263;Dressel 20;Azanaque-Castillejo;GAP
33342;37.617631;-5.556263;Dressel 20;Azanaque-Castillejo;APF
33344;37.617631;-5.556263;Dressel 20;Azanaque-Castillejo;CMM
33345;37.617631;-5.556263;Dressel 20;Azanaque-Castillejo;GM
33347;37.617631;-5.556263;Dressel 20;Azanaque-Castillejo;CMM
33348;37.617631;-5.556263;Dressel 20;Azanaque-Castillejo;CMM
33349;37.617631;-5.556263;Dressel 20;Azanaque-Castillejo;CMM
33350;37.617631;-5.556263;Dressel 20;Azanaque-Castillejo;CMM
33352;37.617631;-5.556263;Dressel 20;Azanaque-Castillejo;MHICA
33353;37.617631;-5.556263;Dressel 20;Azanaque-Castillejo;MHICA
33354;37.617631;-5.556263;Dressel 23;Azanaque-Castillejo;P
33358;37.617631;-5.556263;Dressel 20;Azanaque-Castillejo;QAELIOPTATI
33360;37.617631;-5.556263;Dressel 20;Azanaque-Castillejo;QAELIOPTATI
33362;37.617631;-5.556263;Dressel 20;Azanaque-Castillejo;VICT
13736;37.624871;-5.550459;Dressel 20;El Judío;QAELIOPTATI
13738;37.624871;-5.550459;Dressel 20;El Judío;AGAPI
11103;37.648779;-5.506146;Dressel 20;La Catria;LIT
11104;37.648779;-5.506146;Dressel 20;La Catria;MMR
11113;37.648779;-5.506146;Dressel 20;La Catria;POPVLI
11114;37.648779;-5.506146;Dressel 20;La Catria;POROCODV
11121;37.648779;-5.506146;Dressel 20;La Catria;LQS
12507;37.648779;-5.506146;Dressel 20;La Catria;SEXN
12513;37.648779;-5.506146;Dressel 20;La Catria;MIM
28047;37.648779;-5.506146;Dressel 20;La Catria;POROCODV
28048;37.648779;-5.506146;Dressel 20;La Catria;POROCODV
28051;37.648779;-5.506146;Dressel 20;La Catria;POROCODV
29208;37.648779;-5.506146;Dressel 20;La Catria;CEFP
6645;37.648779;-5.506146;Dressel 20;La Catria;QAELIOPTATI
6646;37.648779;-5.506146;Dressel 20;La Catria;QAELIOPTATI
6647;37.648779;-5.506146;Dressel 20;La Catria;QAELIOPTATI
6648;37.648779;-5.506146;Dressel 20;La Catria;QAELIOPTATI
6649;37.648779;-5.506146;Dressel 20;La Catria;QAELIOPTATI
6650;37.648779;-5.506146;Dressel 20;La Catria;QAELIOPTATI
6651;37.648779;-5.506146;Dressel 20;La Catria;QAELIOPTATI
6655;37.648779;-5.506146;Dressel 20;La Catria;QAELIOPTATI
6656;37.648779;-5.506146;Dressel 20;La Catria;QAELIOPTATI
6657;37.648779;-5.506146;Dressel 20;La Catria;QAELIOPTATI
6658;37.648779;-5.506146;Dressel 20;La Catria;QAELIOPTATI
6659;37.648779;-5.506146;Dressel 20;La Catria;QAELIOPTATI
6660;37.648779;-5.506146;Dressel 20;La Catria;QAELIOPTATI
6663;37.648779;-5.506146;Dressel 20;La Catria;QAELIOPTATI
6664;37.648779;-5.506146;Dressel 20;La Catria;QAELIOPTATI
6665;37.648779;-5.506146;Dressel 20;La Catria;QAELIOPTATI
6666;37.648779;-5.506146;Dressel 20;La Catria;QAELIOPTATI
6721;37.648779;-5.506146;Dressel 20;La Catria;CHRYSANTI
6751;37.648779;-5.506146;Dressel 20;La Catria;CEFP
6752;37.648779;-5.506146;Dressel 20;La Catria;CEFP
6753;37.648779;-5.506146;Dressel 20;La Catria;GEF
6754;37.648779;-5.506146;Dressel 20;La Catria;GEF
6755;37.648779;-5.506146;Dressel 20;La Catria;GEF
6786;37.648779;-5.506146;Dressel 20;La Catria;CENNIHISPANI
6787;37.648779;-5.506146;Dressel 20;La Catria;CENNIHISPANI
6821;37.648779;-5.506146;Dressel 20;La Catria;MIM
6822;37.648779;-5.506146;Dressel 20;La Catria;MIM
6823;37.648779;-5.506146;Dressel 20;La Catria;MIM
6824;37.648779;-5.506146;Dressel 20;La Catria;MIM
6825;37.648779;-5.506146;Dressel 20;La Catria;MIM
6826;37.648779;-5.506146;Dressel 20;La Catria;MIM
6827;37.648779;-5.506146;Dressel 20;La Catria;MIM
6828;37.648779;-5.506146;Dressel 20;La Catria;MIM
6829;37.648779;-5.506146;Dressel 20;La Catria;MIM
6830;37.648779;-5.506146;Dressel 20;La Catria;MIM
6831;37.648779;-5.506146;Dressel 20;La Catria;MIM
6832;37.648779;-5.506146;Dressel 20;La Catria;MIM
6833;37.648779;-5.506146;Dressel 20;La Catria;MIM
6834;37.648779;-5.506146;Dressel 20;La Catria;MIM
6835;37.648779;-5.506146;Dressel 20;La Catria;MIM
6856;37.648779;-5.506146;Dressel 20;La Catria;ALF
6857;37.648779;-5.506146;Dressel 20;La Catria;ALF
6882;37.648779;-5.506146;Dressel 20;La Catria;PMH
6885;37.648779;-5.506146;Dressel 20;La Catria;PMPPR
6890;37.648779;-5.506146;Dressel 20;La Catria;MMR
6891;37.648779;-5.506146;Dressel 20;La Catria;MMR
6892;37.648779;-5.506146;Dressel 20;La Catria;MMR
6965;37.648779;-5.506146;Dressel 20;La Catria;POROCODV
6966;37.648779;-5.506146;Dressel 20;La Catria;POROCODV
6967;37.648779;-5.506146;Dressel 20;La Catria;POROCODV
6968;37.648779;-5.506146;Dressel 20;La Catria;POROCODV
6969;37.648779;-5.506146;Dressel 20;La Catria;POROCODV
6970;37.648779;-5.506146;Dressel 20;La Catria;POROCODV
6971;37.648779;-5.506146;Dressel 20;La Catria;POROCODV
6972;37.648779;-5.506146;Dressel 20;La Catria;POROCODV
6973;37.648779;-5.506146;Dressel 20;La Catria;POROCODV
6974;37.648779;-5.506146;Dressel 20;La Catria;POROCODV
6977;37.648779;-5.506146;Dressel 20;La Catria;POCODV
6978;37.648779;-5.506146;Dressel 20;La Catria;POCODV
6995;37.648779;-5.506146;Dressel 20;La Catria;GPC
7003;37.648779;-5.506146;Dressel 20;La Catria;POPVLI
7004;37.648779;-5.506146;Dressel 20;La Catria;POPVLI
7005;37.648779;-5.506146;Dressel 20;La Catria;POPVLI
7006;37.648779;-5.506146;Dressel 20;La Catria;POPVLI
7007;37.648779;-5.506146;Dressel 20;La Catria;POPVLI
7008;37.648779;-5.506146;Dressel 20;La Catria;POPVLI
7009;37.648779;-5.506146;Dressel 20;La Catria;POPVLI
7010;37.648779;-5.506146;Dressel 20;La Catria;POPVLI
7011;37.648779;-5.506146;Dressel 20;La Catria;POPVLI
7012;37.648779;-5.506146;Dressel 20;La Catria;POPVLI
7013;37.648779;-5.506146;Dressel 20;La Catria;POPVLI
7014;37.648779;-5.506146;Dressel 20;La Catria;POPVLI
7015;37.648779;-5.506146;Dressel 20;La Catria;POPVLI
7016;37.648779;-5.506146;Dressel 20;La Catria;POPVLI
7017;37.648779;-5.506146;Dressel 20;La Catria;POPVLI
7018;37.648779;-5.506146;Dressel 20;La Catria;POPVLI
7019;37.648779;-5.506146;Dressel 20;La Catria;POPVLI
7020;37.648779;-5.506146;Dressel 20;La Catria;POPVLI
7021;37.648779;-5.506146;Dressel 20;La Catria;POPVLI
7022;37.648779;-5.506146;Dressel 20;La Catria;POPVLI
7023;37.648779;-5.506146;Dressel 20;La Catria;POPVLI
7024;37.648779;-5.506146;Dressel 20;La Catria;POPVLI
7025;37.648779;-5.506146;Dressel 20;La Catria;POPVLI
7026;37.648779;-5.506146;Dressel 20;La Catria;POPVLI
7027;37.648779;-5.506146;Dressel 20;La Catria;POPVLI
7028;37.648779;-5.506146;Dressel 20;La Catria;POPVLI
7029;37.648779;-5.506146;Dressel 20;La Catria;POPVLI
7030;37.648779;-5.506146;Dressel 20;La Catria;POPVLI
7031;37.648779;-5.506146;Dressel 20;La Catria;POPVLI
7055;37.648779;-5.506146;Dressel 20;La Catria;LQS
7056;37.648779;-5.506146;Dressel 20;La Catria;LQS
7120;37.648779;-5.506146;Dressel 20;La Catria;LSERLVPI
7121;37.648779;-5.506146;Dressel 20;La Catria;LSERLVPI
7133;37.648779;-5.506146;Dressel 20;La Catria;LVALERITROPHIMI
7137;37.648779;-5.506146;Dressel 20;La Catria;ATITAE
28044;37.642799;-5.497951;Dressel 20;Los Mochales;POROCODV
28052;37.642799;-5.497951;Dressel 20;Los Mochales;POROCODV
11171;37.661787;-5.486442;Dressel 20;Haza del Olivo;SIP
11172;37.661787;-5.486442;Dressel 20;Haza del Olivo;IPC
11174;37.661787;-5.486442;Dressel 20;Haza del Olivo;NERVAELVP
11181;37.657511;-5.480342;Dressel 20;Manuel Nieto;LSERLVPI
11182;37.657511;-5.480342;Dressel 20;Manuel Nieto;LSERLVPI
12939;37.627358;-5.461938;Dressel 20;Lora la Vieja;LVALERITROPHIMI
13242;37.627358;-5.461938;Dressel 20;Lora la Vieja;LVALERITROPHIMI
11208;37.630921;-5.452824;Dressel 20;El Marchante;LSL
11213;37.630921;-5.452824;Dressel 20;El Marchante;VPC
11214;37.630921;-5.452824;Dressel 20;El Marchante;VPC
11221;37.630921;-5.452824;Dressel 20;El Marchante;GAPMA
11223;37.630921;-5.452824;Dressel 20;El Marchante;ICIFAFC
11224;37.630921;-5.452824;Dressel 20;El Marchante;LSLSEN
11272;37.674854;-5.451432;Dressel 20;La María;DIA
11274;37.674854;-5.451432;Dressel 20;La María;NER
11275;37.674854;-5.451432;Dressel 20;La María;NER
11277;37.674854;-5.451432;Dressel 20;La María;LER
12470;37.674854;-5.451432;Dressel 20;La María;DIA
12473;37.674854;-5.451432;Dressel 20;La María;FCRV
12474;37.674854;-5.451432;Dressel 20;La María;DIA
12910;37.674854;-5.451432;Dressel 20;La María;IFPVLFPV
21228;37.717502;-5.412668;Dressel 20;La Coscoja;QAO
21229;37.717502;-5.412668;Dressel 20;La Coscoja;QAELIOPTATI
21238;37.696596;-5.366061;Dressel 20;La Botica;LASFIC
12464;37.695332;-5.291723;Dressel 20;El Portillo;KV
12466;37.695332;-5.291723;Dressel 20;El Portillo;KV
12468;37.695332;-5.291723;Dressel 20;El Portillo;AVRELIHERACLAE
12469;37.695332;-5.291723;Dressel 20;El Portillo;AVRELIHERACLAE
910;37.687599;-5.274237;Dressel 20;Madueño;MCC
911;37.687599;-5.274237;Dressel 20;Madueño;MCC
912;37.687599;-5.274237;Dressel 20;Madueño;MCC
913;37.687599;-5.274237;Dressel 20;Madueño;MCCDFM
921;37.687599;-5.274237;Dressel 20;Madueño;TTLVC
922;37.687599;-5.274237;Dressel 20;Madueño;TTLVC
923;37.687599;-5.274237;Dressel 20;Madueño;TTLVC
924;37.687599;-5.274237;Dressel 20;Madueño;TTLVC
926;37.687599;-5.274237;Dressel 20;Madueño;SECVNDIINIA
928;37.687599;-5.274237;Dressel 20;Madueño;KV
25023;37.723211;-5.246417;Dressel 20;El Mohino;MAELIALEXANDRI
11522;37.736864;-5.23998;Dressel 20;Isla de la Jurada;SBOGLVAELPAF
930;37.678539;-5.224417;Dressel 20;La Graja;PCHO
931;37.678539;-5.224417;Dressel 20;La Graja;PCHO
932;37.678539;-5.224417;Dressel 20;La Graja;PCHO
11416;37.67122;-5.222501;Dressel 20;Tierras del Judío;LVIBICHOMIS
11417;37.67122;-5.222501;Dressel 20;Tierras del Judío;LVIBICHOMIS
11418;37.67122;-5.222501;Dressel 20;Tierras del Judío;LVIBICHOMIS
11435;37.67122;-5.222501;Dressel 20;Tierras del Judío;LCT
11436;37.67122;-5.222501;Dressel 20;Tierras del Judío;LCT
11437;37.67122;-5.222501;Dressel 20;Tierras del Judío;LCT
11438;37.67122;-5.222501;Dressel 20;Tierras del Judío;LCT
11439;37.67122;-5.222501;Dressel 20;Tierras del Judío;LCT
11440;37.67122;-5.222501;Dressel 20;Tierras del Judío;LVIBICHOMIS
11441;37.67122;-5.222501;Dressel 20;Tierras del Judío;LVIBICHOMIS
11442;37.67122;-5.222501;Dressel 20;Tierras del Judío;LVIBICHOMIS
11443;37.67122;-5.222501;Dressel 20;Tierras del Judío;LVIBICHOMIS
11444;37.67122;-5.222501;Dressel 20;Tierras del Judío;LVIBICHOMIS
11445;37.67122;-5.222501;Dressel 20;Tierras del Judío;LVIBICHOMIS
11456;37.67122;-5.222501;Dressel 20;Tierras del Judío;LVIBICHROMIS
11397;37.67842;-5.21428;Dressel 20;Malpica Sur;FGFIVSFM
11413;37.67842;-5.21428;Dressel 20;Malpica Sur;FA
12450;37.67842;-5.21428;Dressel 20;Malpica Sur;FCFIVSFM
12451;37.67842;-5.21428;Dressel 20;Malpica Sur;TRLA
12452;37.67842;-5.21428;Dressel 20;Malpica Sur;FCFIVSFM
26637;37.752937;-5.211861;Dressel 20;Cerro de los Pesebres;PAH
26638;37.752937;-5.211861;Dressel 20;Cerro de los Pesebres;PAH
26639;37.752937;-5.211861;Dressel 20;Cerro de los Pesebres;PAH
26640;37.752937;-5.211861;Dressel 20;Cerro de los Pesebres;PAH
26641;37.752937;-5.211861;Dressel 20;Cerro de los Pesebres;CANTONIQVIETI
26666;37.752937;-5.211861;Dressel 20;Cerro de los Pesebres;LFC
26667;37.752937;-5.211861;Dressel 20;Cerro de los Pesebres;LFC
26668;37.752937;-5.211861;Dressel 20;Cerro de los Pesebres;LFC
26669;37.752937;-5.211861;Dressel 20;Cerro de los Pesebres;LFC
26670;37.752937;-5.211861;Dressel 20;Cerro de los Pesebres;LFC
26671;37.752937;-5.211861;Dressel 20;Cerro de los Pesebres;LFC
26672;37.752937;-5.211861;Dressel 20;Cerro de los Pesebres;LFC
26673;37.752937;-5.211861;Dressel 20;Cerro de los Pesebres;LFC
26674;37.752937;-5.211861;Dressel 20;Cerro de los Pesebres;LFC
26675;37.752937;-5.211861;Dressel 20;Cerro de los Pesebres;LFC
26676;37.752937;-5.211861;Dressel 20;Cerro de los Pesebres;LFC
26677;37.752937;-5.211861;Dressel 20;Cerro de los Pesebres;LFC
26678;37.752937;-5.211861;Dressel 20;Cerro de los Pesebres;LFC
26679;37.752937;-5.211861;Dressel 20;Cerro de los Pesebres;LFC
26680;37.752937;-5.211861;Dressel 20;Cerro de los Pesebres;LFC
26681;37.752937;-5.211861;Dressel 20;Cerro de los Pesebres;LFC
26682;37.752937;-5.211861;Dressel 20;Cerro de los Pesebres;LFC
26683;37.752937;-5.211861;Dressel 20;Cerro de los Pesebres;LFC
26684;37.752937;-5.211861;Dressel 20;Cerro de los Pesebres;LFC
26685;37.752937;-5.211861;Dressel 20;Cerro de los Pesebres;LFC
26686;37.752937;-5.211861;Dressel 20;Cerro de los Pesebres;LFC
26687;37.752937;-5.211861;Dressel 20;Cerro de los Pesebres;LFC
26688;37.752937;-5.211861;Dressel 20;Cerro de los Pesebres;LFC
26689;37.752937;-5.211861;Dressel 20;Cerro de los Pesebres;LFC
26690;37.752937;-5.211861;Dressel 20;Cerro de los Pesebres;LFC
26691;37.752937;-5.211861;Dressel 20;Cerro de los Pesebres;LFC
26692;37.752937;-5.211861;Dressel 20;Cerro de los Pesebres;LFC
26693;37.752937;-5.211861;Dressel 20;Cerro de los Pesebres;LFC
26694;37.752937;-5.211861;Dressel 20;Cerro de los Pesebres;LFC
26695;37.752937;-5.211861;Dressel 20;Cerro de los Pesebres;LFC
26696;37.752937;-5.211861;Dressel 20;Cerro de los Pesebres;LFC
26697;37.752937;-5.211861;Dressel 20;Cerro de los Pesebres;LFC
26698;37.752937;-5.211861;Dressel 20;Cerro de los Pesebres;LFC
26699;37.752937;-5.211861;Dressel 20;Cerro de los Pesebres;LFC
26700;37.752937;-5.211861;Dressel 20;Cerro de los Pesebres;LFC
26701;37.752937;-5.211861;Dressel 20;Cerro de los Pesebres;LFC
26702;37.752937;-5.211861;Dressel 20;Cerro de los Pesebres;LFC
26703;37.752937;-5.211861;Dressel 20;Cerro de los Pesebres;LFC
26704;37.752937;-5.211861;Dressel 20;Cerro de los Pesebres;LFC
26705;37.752937;-5.211861;Dressel 20;Cerro de los Pesebres;LFC
26706;37.752937;-5.211861;Dressel 20;Cerro de los Pesebres;LFC
26707;37.752937;-5.211861;Dressel 20;Cerro de los Pesebres;LFC
26708;37.752937;-5.211861;Dressel 20;Cerro de los Pesebres;LFC
26709;37.752937;-5.211861;Dressel 20;Cerro de los Pesebres;LFC
26710;37.752937;-5.211861;Dressel 20;Cerro de los Pesebres;LFC
26711;37.752937;-5.211861;Dressel 20;Cerro de los Pesebres;LFC
26712;37.752937;-5.211861;Dressel 20;Cerro de los Pesebres;LFC
26713;37.752937;-5.211861;Dressel 20;Cerro de los Pesebres;LFC
26714;37.752937;-5.211861;Dressel 20;Cerro de los Pesebres;LFC
26715;37.752937;-5.211861;Dressel 20;Cerro de los Pesebres;LFC
26716;37.752937;-5.211861;Dressel 20;Cerro de los Pesebres;LFC
26717;37.752937;-5.211861;Dressel 20;Cerro de los Pesebres;LFC
26718;37.752937;-5.211861;Dressel 20;Cerro de los Pesebres;LFC
26719;37.752937;-5.211861;Dressel 20;Cerro de los Pesebres;LFC
26720;37.752937;-5.211861;Dressel 20;Cerro de los Pesebres;LFC
26721;37.752937;-5.211861;Dressel 20;Cerro de los Pesebres;LFC
26722;37.752937;-5.211861;Dressel 20;Cerro de los Pesebres;LFC
26723;37.752937;-5.211861;Dressel 20;Cerro de los Pesebres;LFC
26724;37.752937;-5.211861;Dressel 20;Cerro de los Pesebres;LFC
26725;37.752937;-5.211861;Dressel 20;Cerro de los Pesebres;LFC
26726;37.752937;-5.211861;Dressel 20;Cerro de los Pesebres;LFC
26727;37.752937;-5.211861;Dressel 20;Cerro de los Pesebres;LFC
26728;37.752937;-5.211861;Dressel 20;Cerro de los Pesebres;LFC
26729;37.752937;-5.211861;Dressel 20;Cerro de los Pesebres;LFC
26730;37.752937;-5.211861;Dressel 20;Cerro de los Pesebres;LFC
26731;37.752937;-5.211861;Dressel 20;Cerro de los Pesebres;LFC
26732;37.752937;-5.211861;Dressel 20;Cerro de los Pesebres;LFC
26733;37.752937;-5.211861;Dressel 20;Cerro de los Pesebres;LFC
26734;37.752937;-5.211861;Dressel 20;Cerro de los Pesebres;LFC
26735;37.752937;-5.211861;Dressel 20;Cerro de los Pesebres;LFC
26736;37.752937;-5.211861;Dressel 20;Cerro de los Pesebres;LFC
26737;37.752937;-5.211861;Dressel 20;Cerro de los Pesebres;LFC
26738;37.752937;-5.211861;Dressel 20;Cerro de los Pesebres;LFC
26739;37.752937;-5.211861;Dressel 20;Cerro de los Pesebres;LFC
26740;37.752937;-5.211861;Dressel 20;Cerro de los Pesebres;LFC
26741;37.752937;-5.211861;Dressel 20;Cerro de los Pesebres;LFC
26742;37.752937;-5.211861;Dressel 20;Cerro de los Pesebres;LFC
26743;37.752937;-5.211861;Dressel 20;Cerro de los Pesebres;LFC
26744;37.752937;-5.211861;Dressel 20;Cerro de los Pesebres;LFC
26745;37.752937;-5.211861;Dressel 20;Cerro de los Pesebres;LFC
26746;37.752937;-5.211861;Dressel 20;Cerro de los Pesebres;LFC
26747;37.752937;-5.211861;Dressel 20;Cerro de los Pesebres;LFC
26748;37.752937;-5.211861;Dressel 20;Cerro de los Pesebres;LFC
26749;37.752937;-5.211861;Dressel 20;Cerro de los Pesebres;LFC
26750;37.752937;-5.211861;Dressel 20;Cerro de los Pesebres;LFC
26751;37.752937;-5.211861;Dressel 20;Cerro de los Pesebres;LFC
26752;37.752937;-5.211861;Dressel 20;Cerro de los Pesebres;LFC
26753;37.752937;-5.211861;Dressel 20;Cerro de los Pesebres;LFC
26754;37.752937;-5.211861;Dressel 20;Cerro de los Pesebres;LFC
26756;37.752937;-5.211861;Dressel 20;Cerro de los Pesebres;LFC
26851;37.752937;-5.211861;Dressel 20;Cerro de los Pesebres;SCALSIAG
26860;37.752937;-5.211861;Dressel 20;Cerro de los Pesebres;SCALESIACAP
26884;37.752937;-5.211861;Dressel 20;Cerro de los Pesebres;SCALGAB
26885;37.752937;-5.211861;Dressel 20;Cerro de los Pesebres;SCALGAB
26944;37.752937;-5.211861;Dressel 20;Cerro de los Pesebres;SCALESE
26964;37.752937;-5.211861;Dressel 20;Cerro de los Pesebres;FIG
26979;37.752937;-5.211861;Dressel 20;Cerro de los Pesebres;SCAM
843;37.752937;-5.211861;Dressel 20;Cerro de los Pesebres;MCC
844;37.752937;-5.211861;Dressel 20;Cerro de los Pesebres;MCCDFM
846;37.752937;-5.211861;Dressel 20;Cerro de los Pesebres;CELSI
848;37.752937;-5.211861;Dressel 20;Cerro de los Pesebres;CELSI
851;37.752937;-5.211861;Dressel 20;Cerro de los Pesebres;LFC
853;37.752937;-5.211861;Dressel 20;Cerro de los Pesebres;LFC
854;37.752937;-5.211861;Dressel 20;Cerro de los Pesebres;LFC
855;37.752937;-5.211861;Dressel 20;Cerro de los Pesebres;LFC
856;37.752937;-5.211861;Dressel 20;Cerro de los Pesebres;LFC
857;37.752937;-5.211861;Dressel 20;Cerro de los Pesebres;LFC
858;37.752937;-5.211861;Dressel 20;Cerro de los Pesebres;LFC
860;37.752937;-5.211861;Dressel 20;Cerro de los Pesebres;LFC
861;37.752937;-5.211861;Dressel 20;Cerro de los Pesebres;LFC
862;37.752937;-5.211861;Dressel 20;Cerro de los Pesebres;LFC
863;37.752937;-5.211861;Dressel 20;Cerro de los Pesebres;LFC
864;37.752937;-5.211861;Dressel 20;Cerro de los Pesebres;LFC
865;37.752937;-5.211861;Dressel 20;Cerro de los Pesebres;LFC
866;37.752937;-5.211861;Dressel 20;Cerro de los Pesebres;LFC
867;37.752937;-5.211861;Dressel 20;Cerro de los Pesebres;LFC
868;37.752937;-5.211861;Dressel 20;Cerro de los Pesebres;LFC
869;37.752937;-5.211861;Dressel 20;Cerro de los Pesebres;LFC
870;37.752937;-5.211861;Dressel 20;Cerro de los Pesebres;LFC
872;37.752937;-5.211861;Dressel 20;Cerro de los Pesebres;LFC
874;37.752937;-5.211861;Dressel 20;Cerro de los Pesebres;LFC
876;37.752937;-5.211861;Dressel 20 parva;Cerro de los Pesebres;LFF
877;37.752937;-5.211861;Dressel 20 parva;Cerro de los Pesebres;LFF
878;37.752937;-5.211861;Dressel 20;Cerro de los Pesebres;LFF
879;37.752937;-5.211861;Dressel 20;Cerro de los Pesebres;LFF
880;37.752937;-5.211861;Dressel 20;Cerro de los Pesebres;LFF
881;37.752937;-5.211861;Dressel 20;Cerro de los Pesebres;LFF
882;37.752937;-5.211861;Dressel 20;Cerro de los Pesebres;LFF
885;37.752937;-5.211861;Dressel 20;Cerro de los Pesebres;LFLVC
886;37.752937;-5.211861;Dressel 20;Cerro de los Pesebres;LFLVC
887;37.752937;-5.211861;Dressel 20;Cerro de los Pesebres;LFLVC
890;37.752937;-5.211861;Dressel 20;Cerro de los Pesebres;LFLVC
893;37.752937;-5.211861;Dressel 20;Cerro de los Pesebres;LFLVC
898;37.752937;-5.211861;Dressel 20;Cerro de los Pesebres;QSA
901;37.752937;-5.211861;Dressel 20;Cerro de los Pesebres;FSC
903;37.752937;-5.211861;Dressel 20;Cerro de los Pesebres;SCALENSIA
907;37.752937;-5.211861;Dressel 20;Cerro de los Pesebres;S
11461;37.671559;-5.20847;Dressel 20;Malpica;CIALB
11476;37.671559;-5.20847;Dressel 20;Malpica;CIALB
11480;37.671559;-5.20847;Dressel 20;Malpica;CIALB
11514;37.671559;-5.20847;Dressel 20;Malpica;CIVE
11515;37.671559;-5.20847;Dressel 20;Malpica;CIALB
12420;37.671559;-5.20847;Dressel 20;Malpica;ABF
12434;37.671559;-5.20847;Dressel 20;Malpica;QI
12439;37.671559;-5.20847;Dressel 20;Malpica;LEP
12832;37.671559;-5.20847;Dressel 20;Malpica;CIALB
12836;37.671559;-5.20847;Dressel 20;Malpica;QIC
12837;37.671559;-5.20847;Dressel 20;Malpica;QIM
11528;37.762993;-5.199238;Dressel 20;Villacisneros;LFC
11529;37.762993;-5.199238;Dressel 20;Villacisneros;LFC
11530;37.762993;-5.199238;Dressel 20;Villacisneros;LFC
10941;37.649374;-5.197134;Dressel 20;Tarancón;LAEL
10943;37.649374;-5.197134;Dressel 20;Tarancón;LAEL
10945;37.649374;-5.197134;Dressel 20;Tarancón;OM
11259;37.649374;-5.197134;Dressel 20;Tarancón Oeste;VNA
11260;37.649374;-5.197134;Dressel 20;Tarancón Oeste;VNAI
11265;37.649374;-5.197134;Dressel 20;Tarancón Oeste;LVALCHAE
12410;37.649374;-5.197134;Dressel 20;Tarancón Oeste;STATI
12411;37.649374;-5.197134;Dressel 20;Tarancón Oeste;LAEL
10936;37.65358;-5.184784;Dressel 20;Las Valbuenas;LAEL
10940;37.65358;-5.184784;Dressel 20;Las Valbuenas;QIA
12405;37.65358;-5.184784;Dressel 20;Las Valbuenas;LAEL
12407;37.65358;-5.184784;Dressel 20;Las Valbuenas;QIA
10915;37.638263;-5.165148;Dressel 20;Doña Mencia;LIDFIT
10916;37.638263;-5.165148;Dressel 20;Doña Mencia;AELIFVSCIANI
10931;37.638263;-5.165148;Dressel 20;Doña Mencia;SIP
10932;37.638263;-5.165148;Dressel 20;Doña Mencia;SIP
10933;37.638263;-5.165148;Dressel 20;Doña Mencia;SIP
10934;37.638263;-5.165148;Dressel 20;Doña Mencia;IAIO
10935;37.638263;-5.165148;Dressel 20;Doña Mencia;IAIO
12399;37.638263;-5.165148;Dressel 20;Doña Mencia;LIDFIT
12400;37.638263;-5.165148;Dressel 20;Doña Mencia;LIDFIT
12401;37.638263;-5.165148;Dressel 20;Doña Mencia;LIDFIT
11621;37.772275;-5.162394;Dressel 20;La Corregidora;FEDOPP
12255;37.772275;-5.162394;Dressel 20;La Corregidora;AELIFVSCIANI
12256;37.772275;-5.162394;Dressel 20;La Corregidora;AELIFVSCIANI
12258;37.772275;-5.162394;Dressel 20;La Corregidora;IMPIGI
12260;37.772275;-5.162394;Dressel 20;La Corregidora;IMPIGI
12375;37.635572;-5.153187;Dressel 20;Las Ánimas;LAVRELIGERMANI
12379;37.635572;-5.153187;Dressel 20;Las Ánimas;LFC
12380;37.635572;-5.153187;Dressel 20;Las Ánimas;LFLVC
12381;37.635572;-5.153187;Dressel 20;Las Ánimas;LFC
10883;37.621484;-5.134134;Dressel 20;Isla del Castillo;MIM
10884;37.621484;-5.134134;Dressel 20;Isla del Castillo;MIM
10885;37.621484;-5.134134;Dressel 20;Isla del Castillo;MIM
10886;37.621484;-5.134134;Dressel 20;Isla del Castillo;LAVRELIGERMANI
10887;37.621484;-5.134134;Dressel 20;Isla del Castillo;LAVRELIGERMANI
10888;37.621484;-5.134134;Dressel 20;Isla del Castillo;LAVRELIGERMANI
10890;37.621484;-5.134134;Dressel 20;Isla del Castillo;LAVRELIGERMANI
10891;37.621484;-5.134134;Dressel 20;Isla del Castillo;LFC
10892;37.621484;-5.134134;Dressel 20;Isla del Castillo;LFC
10893;37.621484;-5.134134;Dressel 20;Isla del Castillo;LFC
10894;37.621484;-5.134134;Dressel 20;Isla del Castillo;LFC
10896;37.621484;-5.134134;Dressel 20;Isla del Castillo;LFC
10900;37.621484;-5.134134;Dressel 20;Isla del Castillo;LFC
10901;37.621484;-5.134134;Dressel 20;Isla del Castillo;LFC
10902;37.621484;-5.134134;Dressel 20;Isla del Castillo;LFC
10903;37.621484;-5.134134;Dressel 20;Isla del Castillo;LFC
10908;37.621484;-5.134134;Dressel 20;Isla del Castillo;CIDIOF
10914;37.621484;-5.134134;Dressel 20;Isla del Castillo;LFC
12386;37.621484;-5.134134;Dressel 20;Isla del Castillo;LAVRELIGERMANI
12387;37.621484;-5.134134;Dressel 20;Isla del Castillo;LAVRELIGERMANI
12388;37.621484;-5.134134;Dressel 20;Isla del Castillo;LAVRELIGERMANI
12845;37.621484;-5.134134;Dressel 20;Isla del Castillo;FEL
13754;37.621484;-5.134134;Dressel 20;Isla del Castillo;LFC
11821;37.766491;-5.125061;Dressel 20;Barranco del Picacho;FCVCV
11822;37.766491;-5.125061;Dressel 20;Barranco del Picacho;NICEFVAR
11823;37.766491;-5.125061;Dressel 20;Barranco del Picacho;VAR
11824;37.766491;-5.125061;Dressel 20;Barranco del Picacho;VAR
11825;37.766491;-5.125061;Dressel 20;Barranco del Picacho;VAR
11826;37.766491;-5.125061;Dressel 20;Barranco del Picacho;LFCT
11829;37.766491;-5.125061;Dressel 20;Barranco del Picacho;CVA
11832;37.766491;-5.125061;Dressel 20;Barranco del Picacho;FCVCV
11833;37.766491;-5.125061;Dressel 20;Barranco del Picacho;FCVCV
11835;37.766491;-5.125061;Dressel 20;Barranco del Picacho;FCVCV
11836;37.766491;-5.125061;Dressel 20;Barranco del Picacho;CCNS
11837;37.766491;-5.125061;Dressel 20;Barranco del Picacho;CCNS
11838;37.766491;-5.125061;Dressel 20;Barranco del Picacho;CCNS
11839;37.766491;-5.125061;Dressel 20;Barranco del Picacho;FCVCV
10867;37.614189;-5.115609;Dressel 20;Alcotrista;LFC
10879;37.614189;-5.115609;Dressel 20;Alcotrista;CSIVAASFCA
11066;37.614189;-5.115609;Dressel 20;Alcotrista;LFCS
12319;37.614189;-5.115609;Dressel 20;Alcotrista;LAVRELIGERMANI
12324;37.614189;-5.115609;Dressel 20;Alcotrista;LFCS
12326;37.614189;-5.115609;Dressel 20;Alcotrista;LFCS
12327;37.614189;-5.115609;Dressel 20;Alcotrista;CFS
12329;37.614189;-5.115609;Dressel 20;Alcotrista;LFCS
12331;37.614189;-5.115609;Dressel 20;Alcotrista;LCCO
12332;37.614189;-5.115609;Dressel 20;Alcotrista;LFC
12335;37.614189;-5.115609;Dressel 20;Alcotrista;LOCCAI
12337;37.614189;-5.115609;Dressel 20;Alcotrista;LFCS
12339;37.614189;-5.115609;Dressel 20;Alcotrista;LFC
12345;37.614189;-5.115609;Dressel 20;Alcotrista;LFC
12353;37.614189;-5.115609;Dressel 20;Alcotrista;FABI
12357;37.614189;-5.115609;Dressel 20;Alcotrista;LAVRELIGERMANI
12847;37.614189;-5.115609;Dressel 20;Alcotrista;PSAVITI
11642;37.780204;-5.109427;Dressel 20;La Estrella;FCVCV
12203;37.780204;-5.109427;Dressel 20;La Estrella;AATF
12204;37.780204;-5.109427;Dressel 20;La Estrella;CCNS
12206;37.780204;-5.109427;Dressel 20;La Estrella;CVVA
12804;37.780204;-5.109427;Dressel 20;La Estrella;LFC
10840;37.585951;-5.088429;Dressel 20;Las Delicias;CAMILIMELISSI
10845;37.585951;-5.088429;Dressel 20;Las Delicias;LIVNIMELISSI
10854;37.585951;-5.088429;Dressel 20;Las Delicias;FEL
11049;37.585951;-5.088429;Dressel 20;Las Delicias;LVIVCV
11052;37.585951;-5.088429;Dressel 20;Las Delicias;CAMILIMELISSI
11056;37.585951;-5.088429;Dressel 20;Las Delicias;SILVESTRI
11062;37.585951;-5.088429;Dressel 20;Las Delicias;GERM
12861;37.585951;-5.088429;Dressel 20;Las Delicias;LVIVCV
12862;37.585951;-5.088429;Dressel 20;Las Delicias;LVIVCV
12867;37.585951;-5.088429;Dressel 20;Las Delicias;IISILVESTRI
12868;37.585951;-5.088429;Dressel 20;Las Delicias;SILVESTRI
12869;37.585951;-5.088429;Dressel 20;Las Delicias;CAMILIMELISSI
12880;37.585951;-5.088429;Dressel 20;Las Delicias;FELICIS
12881;37.585951;-5.088429;Dressel 20;Las Delicias;FELICIS
12889;37.585951;-5.088429;Dressel 20;Las Delicias;SY
28455;37.585951;-5.088429;Dressel 20;Las Delicias;QIS
38784;37.585951;-5.088429;Dressel 20;Las Delicias;GERMA
38785;37.585951;-5.088429;Dressel 20;Las Delicias;GERMA
38786;37.585951;-5.088429;Dressel 20;Las Delicias;GERMA
38787;37.585951;-5.088429;Dressel 20;Las Delicias;GERMA
38788;37.585951;-5.088429;Dressel 20;Las Delicias;GERMA
38789;37.585951;-5.088429;Dressel 20;Las Delicias;GERMA
38790;37.585951;-5.088429;Dressel 20;Las Delicias;GERMA
38791;37.585951;-5.088429;Dressel 20;Las Delicias;GERMA
38792;37.585951;-5.088429;Dressel 20;Las Delicias;GERMA
38793;37.585951;-5.088429;Dressel 20;Las Delicias;PSAVITI
38794;37.585951;-5.088429;Dressel 20;Las Delicias;PSAVITI
38795;37.585951;-5.088429;Dressel 20;Las Delicias;PSAVITI
38796;37.585951;-5.088429;Dressel 20;Las Delicias;PSAVITI
38798;37.585951;-5.088429;Dressel 20;Las Delicias;SEDAVITI
38799;37.585951;-5.088429;Dressel 20;Las Delicias;SEDAVITI
38800;37.585951;-5.088429;Dressel 20;Las Delicias;SEDAVITI
38801;37.585951;-5.088429;Dressel 20;Las Delicias;IVCVNDI
38802;37.585951;-5.088429;Dressel 20;Las Delicias;IVCVNDI
38803;37.585951;-5.088429;Dressel 20;Las Delicias;LVIVCV
38804;37.585951;-5.088429;Dressel 20;Las Delicias;LVIVCV
38805;37.585951;-5.088429;Dressel 20;Las Delicias;ROMANI
38806;37.585951;-5.088429;Dressel 20;Las Delicias;GEHE
38810;37.585951;-5.088429;Dressel 20;Las Delicias;IVCVNDI
38812;37.585951;-5.088429;Dressel 20;Las Delicias;FELICIS
38813;37.585951;-5.088429;Dressel 20;Las Delicias;FELICIS
38814;37.585951;-5.088429;Dressel 20;Las Delicias;FELICIS
38815;37.585951;-5.088429;Dressel 20;Las Delicias;FELICIS
38816;37.585951;-5.088429;Dressel 20;Las Delicias;FELICIS
38817;37.585951;-5.088429;Dressel 20;Las Delicias;GELAD
38818;37.585951;-5.088429;Dressel 20;Las Delicias;ITALICI
38821;37.585951;-5.088429;Dressel 20;Las Delicias;PSAVITI
38822;37.585951;-5.088429;Dressel 20;Las Delicias;LIVNIMELISSI
38823;37.585951;-5.088429;Dressel 20;Las Delicias;LIVNIMELISSI
38824;37.585951;-5.088429;Dressel 20;Las Delicias;LIVNIMELISSI
38825;37.585951;-5.088429;Dressel 20;Las Delicias;LIVNIMELISSI
38826;37.585951;-5.088429;Dressel 20;Las Delicias;LIVNIMELISSI
38827;37.585951;-5.088429;Dressel 20;Las Delicias;LIVNIMELISSI
38828;37.585951;-5.088429;Dressel 20;Las Delicias;LIVNIMELISSI
38829;37.585951;-5.088429;Dressel 20;Las Delicias;LIVNIMELISSI
38830;37.585951;-5.088429;Dressel 20;Las Delicias;LIVNIMELISSI
38831;37.585951;-5.088429;Dressel 20;Las Delicias;LIVNIMELISSI
38832;37.585951;-5.088429;Dressel 20;Las Delicias;LIVNIMELISSI
38833;37.585951;-5.088429;Dressel 20;Las Delicias;LIVNIMELISSI
38834;37.585951;-5.088429;Dressel 20;Las Delicias;LIVNIMELISSI
38835;37.585951;-5.088429;Dressel 20;Las Delicias;LIVNIMELISSI
38836;37.585951;-5.088429;Dressel 20;Las Delicias;LIVNIMELISSI
38837;37.585951;-5.088429;Dressel 20;Las Delicias;LIVNIMELISSI
38838;37.585951;-5.088429;Dressel 20;Las Delicias;LIVNIMELISSI
38839;37.585951;-5.088429;Dressel 20;Las Delicias;LIVNIMELISSI
38840;37.585951;-5.088429;Dressel 20;Las Delicias;LIVNIMELISSI
38841;37.585951;-5.088429;Dressel 20;Las Delicias;LIVNIMELISSI
38842;37.585951;-5.088429;Dressel 20;Las Delicias;LIVNIMELISSI
38843;37.585951;-5.088429;Dressel 20;Las Delicias;LIVNIMELISSI
38844;37.585951;-5.088429;Dressel 20;Las Delicias;LIVNIMELISSI
38845;37.585951;-5.088429;Dressel 20;Las Delicias;LIVNIMELISSI
38846;37.585951;-5.088429;Dressel 20;Las Delicias;LIVNIMELISSI
38847;37.585951;-5.088429;Dressel 20;Las Delicias;LIVNIMELISSI
38848;37.585951;-5.088429;Dressel 20;Las Delicias;LIVNIMELISSI
38849;37.585951;-5.088429;Dressel 20;Las Delicias;LIVNIMELISSI
38850;37.585951;-5.088429;Dressel 20;Las Delicias;LIVNIMELISSI
38851;37.585951;-5.088429;Dressel 20;Las Delicias;LIVNIMELISSI
38852;37.585951;-5.088429;Dressel 20;Las Delicias;LIVNIMELISSI
38853;37.585951;-5.088429;Dressel 20;Las Delicias;LIVNIMELISSI
38854;37.585951;-5.088429;Dressel 20;Las Delicias;LIVNIMELISSI
38855;37.585951;-5.088429;Dressel 20;Las Delicias;LIVNIMELISSI
38856;37.585951;-5.088429;Dressel 20;Las Delicias;LIVNIMELISSI
38857;37.585951;-5.088429;Dressel 20;Las Delicias;LIVNIMELISSI
38858;37.585951;-5.088429;Dressel 20;Las Delicias;LIVNIMELISSI
38859;37.585951;-5.088429;Dressel 20;Las Delicias;LIVNIMELISSI
38860;37.585951;-5.088429;Dressel 20;Las Delicias;LIVNIMELISSI
38861;37.585951;-5.088429;Dressel 20;Las Delicias;LIVNIMELISSI
38862;37.585951;-5.088429;Dressel 20;Las Delicias;LIVNIMELISSI
38863;37.585951;-5.088429;Dressel 20;Las Delicias;LIVNIMELISSI
38864;37.585951;-5.088429;Dressel 20;Las Delicias;LIVNIMELISSI
38865;37.585951;-5.088429;Dressel 20;Las Delicias;LIVNIMELISSI
38866;37.585951;-5.088429;Dressel 20;Las Delicias;LIVNIMELISSI
38867;37.585951;-5.088429;Dressel 20;Las Delicias;LIVNIMELISSI
38868;37.585951;-5.088429;Dressel 20;Las Delicias;LIVNIMELISSI
38869;37.585951;-5.088429;Dressel 20;Las Delicias;LIVNIMELISSI
38870;37.585951;-5.088429;Dressel 20;Las Delicias;LIVNIMELISSI
38871;37.585951;-5.088429;Dressel 20;Las Delicias;LIVNIMELISSI
38872;37.585951;-5.088429;Dressel 20;Las Delicias;LIVNIMELISSI
38873;37.585951;-5.088429;Dressel 20;Las Delicias;LIVNIMELISSI
38874;37.585951;-5.088429;Dressel 20;Las Delicias;LIVNIMELISSI
38875;37.585951;-5.088429;Dressel 20;Las Delicias;LIVNIMELISSI
38876;37.585951;-5.088429;Dressel 20;Las Delicias;LIVNIMELISSI
38877;37.585951;-5.088429;Dressel 20;Las Delicias;LIVNIMELISSI
38878;37.585951;-5.088429;Dressel 20;Las Delicias;LIVNIMELISSI
38879;37.585951;-5.088429;Dressel 20;Las Delicias;LIVNIMELISSI
38880;37.585951;-5.088429;Dressel 20;Las Delicias;LIVNIMELISSI
38881;37.585951;-5.088429;Dressel 20;Las Delicias;LIVNIMELISSI
38882;37.585951;-5.088429;Dressel 20;Las Delicias;LIVNIMELISSI
38883;37.585951;-5.088429;Dressel 20;Las Delicias;LIVNIMELISSI
38884;37.585951;-5.088429;Dressel 20;Las Delicias;LIVNIMELISSI
38885;37.585951;-5.088429;Dressel 20;Las Delicias;LIVNIMELISSI
38886;37.585951;-5.088429;Dressel 20;Las Delicias;LIVNIMELISSI
38887;37.585951;-5.088429;Dressel 20;Las Delicias;LIVNIMELISSI
38888;37.585951;-5.088429;Dressel 20;Las Delicias;LIVNIMELISSI
38889;37.585951;-5.088429;Dressel 20;Las Delicias;LIVNIMELISSI
38890;37.585951;-5.088429;Dressel 20;Las Delicias;LIVNIMELISSI
38891;37.585951;-5.088429;Dressel 20;Las Delicias;LIVNIMELISSI
38892;37.585951;-5.088429;Dressel 20;Las Delicias;LIVNIMELISSI
38893;37.585951;-5.088429;Dressel 20;Las Delicias;LIVNIMELISSI
38894;37.585951;-5.088429;Dressel 20;Las Delicias;LIVNIMELISSI
38895;37.585951;-5.088429;Dressel 20;Las Delicias;LIVNIMELISSI
38896;37.585951;-5.088429;Dressel 20;Las Delicias;LIVNIMELISSI
38897;37.585951;-5.088429;Dressel 20;Las Delicias;LIVNIMELISSI
38898;37.585951;-5.088429;Dressel 20;Las Delicias;LIVNIMELISSI
38899;37.585951;-5.088429;Dressel 20;Las Delicias;LIVNIMELISSI
38900;37.585951;-5.088429;Dressel 20;Las Delicias;LIVNIMELISSI
38901;37.585951;-5.088429;Dressel 20;Las Delicias;LIVNIMELISSI
38902;37.585951;-5.088429;Dressel 20;Las Delicias;LIVNIMELISSI
38903;37.585951;-5.088429;Dressel 20;Las Delicias;LIVNIMELISSI
38904;37.585951;-5.088429;Dressel 20;Las Delicias;LIVNIMELISSI
38905;37.585951;-5.088429;Dressel 20;Las Delicias;LIVNIMELISSI
38906;37.585951;-5.088429;Dressel 20;Las Delicias;CAMILIMELISSI
38907;37.585951;-5.088429;Dressel 20;Las Delicias;CAMILIMELISSI
38908;37.585951;-5.088429;Dressel 20;Las Delicias;CAMILIMELISSI
38909;37.585951;-5.088429;Dressel 20;Las Delicias;CAMILIMELISSI
38910;37.585951;-5.088429;Dressel 20;Las Delicias;CAMILIMELISSI
38911;37.585951;-5.088429;Dressel 20;Las Delicias;CAMILIMELISSI
38912;37.585951;-5.088429;Dressel 20;Las Delicias;CAMILIMELISSI
38913;37.585951;-5.088429;Dressel 20;Las Delicias;CAMILIMELISSI
38914;37.585951;-5.088429;Dressel 20;Las Delicias;CAMILIMELISSI
38915;37.585951;-5.088429;Dressel 20;Las Delicias;CAMILIMELISSI
38916;37.585951;-5.088429;Dressel 20;Las Delicias;CAMILIMELISSI
38917;37.585951;-5.088429;Dressel 20;Las Delicias;CAMILIMELISSI
38918;37.585951;-5.088429;Dressel 20;Las Delicias;CAMILIMELISSI
38919;37.585951;-5.088429;Dressel 20;Las Delicias;CAMILIMELISSI
38920;37.585951;-5.088429;Dressel 20;Las Delicias;CAMILIMELISSI
38921;37.585951;-5.088429;Dressel 20;Las Delicias;CAMILIMELISSI
38922;37.585951;-5.088429;Dressel 20;Las Delicias;CAMILIMELISSI
38923;37.585951;-5.088429;Dressel 20;Las Delicias;CAMILIMELISSI
38924;37.585951;-5.088429;Dressel 20;Las Delicias;CAMILIMELISSI
38925;37.585951;-5.088429;Dressel 20;Las Delicias;CAMILIMELISSI
38926;37.585951;-5.088429;Dressel 20;Las Delicias;CAMILIMELISSI
38927;37.585951;-5.088429;Dressel 20;Las Delicias;CAMILIMELISSI
38928;37.585951;-5.088429;Dressel 20;Las Delicias;CAMILIMELISSI
38929;37.585951;-5.088429;Dressel 20;Las Delicias;CAMILIMELISSI
38930;37.585951;-5.088429;Dressel 20;Las Delicias;CAMILIMELISSI
38931;37.585951;-5.088429;Dressel 20;Las Delicias;CAMILIMELISSI
38932;37.585951;-5.088429;Dressel 20;Las Delicias;CAMILIMELISSI
38933;37.585951;-5.088429;Dressel 20;Las Delicias;CAMILIMELISSI
38934;37.585951;-5.088429;Dressel 20;Las Delicias;CAMILIMELISSI
38935;37.585951;-5.088429;Dressel 20;Las Delicias;CAMILIMELISSI
38936;37.585951;-5.088429;Dressel 20;Las Delicias;CAMILIMELISSI
38937;37.585951;-5.088429;Dressel 20;Las Delicias;CAMILIMELISSI
38938;37.585951;-5.088429;Dressel 20;Las Delicias;CAMILIMELISSI
38939;37.585951;-5.088429;Dressel 20;Las Delicias;CAMILIMELISSI
38940;37.585951;-5.088429;Dressel 20;Las Delicias;CAMILIMELISSI
38941;37.585951;-5.088429;Dressel 20;Las Delicias;CAMILIMELISSI
38942;37.585951;-5.088429;Dressel 20;Las Delicias;CAMILIMELISSI
38943;37.585951;-5.088429;Dressel 20;Las Delicias;CAMILIMELISSI
38944;37.585951;-5.088429;Dressel 20;Las Delicias;CAMILIMELISSI
38945;37.585951;-5.088429;Dressel 20;Las Delicias;CAMILIMELISSI
38946;37.585951;-5.088429;Dressel 20;Las Delicias;CAMILIMELISSI
38947;37.585951;-5.088429;Dressel 20;Las Delicias;CAMILIMELISSI
38948;37.585951;-5.088429;Dressel 20;Las Delicias;CAMILIMELISSI
38949;37.585951;-5.088429;Dressel 20;Las Delicias;CAMILIMELISSI
38950;37.585951;-5.088429;Dressel 20;Las Delicias;CAMILIMELISSI
38951;37.585951;-5.088429;Dressel 20;Las Delicias;CAMILIMELISSI
38952;37.585951;-5.088429;Dressel 20;Las Delicias;CAMILIMELISSI
38953;37.585951;-5.088429;Dressel 20;Las Delicias;CAMILIMELISSI
38954;37.585951;-5.088429;Dressel 20;Las Delicias;CAMILIMELISSI
38955;37.585951;-5.088429;Dressel 20;Las Delicias;CAMILIMELISSI
38956;37.585951;-5.088429;Dressel 20;Las Delicias;CAMILIMELISSI
38957;37.585951;-5.088429;Dressel 20;Las Delicias;CAMILIMELISSI
38958;37.585951;-5.088429;Dressel 20;Las Delicias;CAMILIMELISSI
38959;37.585951;-5.088429;Dressel 20;Las Delicias;CAMILIMELISSI
38960;37.585951;-5.088429;Dressel 20;Las Delicias;CAMILIMELISSI
38961;37.585951;-5.088429;Dressel 20;Las Delicias;CAMILIMELISSI
38962;37.585951;-5.088429;Dressel 20;Las Delicias;CAMILIMELISSI
38963;37.585951;-5.088429;Dressel 20;Las Delicias;CAMILIMELISSI
38964;37.585951;-5.088429;Dressel 20;Las Delicias;CAMILISILVESTRI
38965;37.585951;-5.088429;Dressel 20;Las Delicias;CORBEL
38966;37.585951;-5.088429;Dressel 20;Las Delicias;CORBEL
38967;37.585951;-5.088429;Dressel 20;Las Delicias;V
11567;37.806796;-5.084004;Dressel 20;Dehesa de Arriba;LTSTR
11568;37.806796;-5.084004;Dressel 20;Dehesa de Arriba;LTSTR
11570;37.806796;-5.084004;Dressel 20;Dehesa de Arriba;FAV
11575;37.806796;-5.084004;Dressel 20;Dehesa de Arriba;DITR
11576;37.806796;-5.084004;Dressel 20;Dehesa de Arriba;DITR
11577;37.806796;-5.084004;Dressel 20;Dehesa de Arriba;DITR
11644;37.812729;-5.051238;Dressel 20;Guadiato;CIVLIBAR
11645;37.812729;-5.051238;Dressel 20;Guadiato;CIVLIBAR
11646;37.812729;-5.051238;Dressel 20;Guadiato;CIVLIBAR
12799;37.812729;-5.051238;Dressel 20;Guadiato;CIVLIBAR
12800;37.812729;-5.051238;Dressel 20;Guadiato;CIVLIBAR
13257;37.812729;-5.051238;Dressel 20;Guadiato;CIVLIBAR
13258;37.812729;-5.051238;Dressel 20;Guadiato;CIVLIBAR
13259;37.812729;-5.051238;Dressel 20;Guadiato;CIVLIBAR
13260;37.812729;-5.051238;Dressel 20;Guadiato;CIVLIBAR
28436;37.812729;-5.051238;Dressel 20;Guadiato;CIVLIBAR
11666;37.796848;-5.030238;Dressel 20;Villaseca;IREO
11667;37.796848;-5.030238;Dressel 20;Villaseca;IREO
12184;37.796848;-5.030238;Dressel 20;Villaseca;THALI
12796;37.796848;-5.030238;Dressel 20;Villaseca;TVA
7190;37.796848;-5.030238;Dressel 20;Villaseca;CAT
7199;37.796848;-5.030238;Dressel 20;Villaseca;SIICVN
7200;37.796848;-5.030238;Dressel 20;Villaseca;THALI
11693;37.809123;-4.967047;Dressel 20;El Temple;CMARISILVANI
11694;37.809123;-4.967047;Dressel 20;El Temple;CMARISILVANI
11706;37.809123;-4.967047;Dressel 20;El Temple;CMARISILVANI
11720;37.809123;-4.967047;Dressel 20;El Temple;CMARISILVANI
11721;37.809123;-4.967047;Dressel 20;El Temple;CMARISILVANI
11722;37.809123;-4.967047;Dressel 20;El Temple;CMARISILVANI
11723;37.809123;-4.967047;Dressel 20;El Temple;CMARISILVANI
11724;37.809123;-4.967047;Dressel 20;El Temple;CMARISILVANI
11733;37.809123;-4.967047;Dressel 20;El Temple;LIBERALINI
11756;37.809123;-4.967047;Dressel 20;El Temple;SAES
11770;37.809123;-4.967047;Dressel 20;El Temple;SVCCESI
11779;37.809123;-4.967047;Dressel 20;El Temple;CMARISILVANI
11780;37.809123;-4.967047;Dressel 20;El Temple;CMARISILVANI
12056;37.809123;-4.967047;Dressel 20;El Temple;CMARISILVANI
12060;37.809123;-4.967047;Dressel 20;El Temple;MART
12062;37.809123;-4.967047;Dressel 20;El Temple;LIBERALINI
12088;37.809123;-4.967047;Dressel 20;El Temple;NICXIII
12093;37.809123;-4.967047;Dressel 20;El Temple;CALP
12094;37.809123;-4.967047;Dressel 20;El Temple;FINRA
12097;37.809123;-4.967047;Dressel 20;El Temple;VAR
12099;37.809123;-4.967047;Dressel 20;El Temple;CALP
12100;37.809123;-4.967047;Dressel 20;El Temple;CALP
12101;37.809123;-4.967047;Dressel 20;El Temple;CALP
12167;37.809123;-4.967047;Dressel 20;El Temple;NICXIII
12168;37.809123;-4.967047;Dressel 20;El Temple;NICXIII
28063;37.809123;-4.967047;Dressel 20;El Temple;CASTELANI
28359;37.809123;-4.967047;Dressel 20;El Temple;LIBERALINI
