"","id","lat","long","type","site","code","country","locationtype"
"4",14152,48.805827,9.241809,"Dressel 20","Bad Cannstatt","MCFRICD","Germany","Military Camp"
"5",14294,48.805827,9.241809,"Dressel 20","Bad Cannstatt","LFFCV","Germany","Military Camp"
"6",14298,48.805827,9.241809,"Dressel 20","Bad Cannstatt","LFCCVFC","Germany","Military Camp"
"7",14804,48.805827,9.241809,"Dressel 20","Bad Cannstatt","LQS","Germany","Military Camp"
"8",14993,48.805827,9.241809,"Dressel 20","Bad Cannstatt","VIRAV","Germany","Military Camp"
"10",13970,49.229708,9.156485,"Dressel 20","Bad Wimpfen","LA","Germany","Military Camp"
"11",13981,49.229708,9.156485,"Dressel 20","Bad Wimpfen","CAS","Germany","Military Camp"
"12",14090,49.229708,9.156485,"Dressel 20","Bad Wimpfen","ACIRCI","Germany","Military Camp"
"13",14312,49.229708,9.156485,"Dressel 20","Bad Wimpfen","LFCCVFS","Germany","Military Camp"
"14",14418,49.229708,9.156485,"Dressel 20","Bad Wimpfen","QHEDERAIHEDERAA","Germany","Military Camp"
"15",14529,49.229708,9.156485,"Dressel 20","Bad Wimpfen","LIT","Germany","Military Camp"
"16",14739,49.229708,9.156485,"Dressel 20","Bad Wimpfen","PORODV","Germany","Military Camp"
"17",20658,49.229708,9.156485,"Dressel 20","Bad Wimpfen","LFCCVCAT","Germany","Military Camp"
"21",14038,50.73438,7.095485,"Dressel 20","Bonn","CANTQVIETI","Germany","Military Camp"
"22",14220,50.73438,7.095485,"Dressel 20","Bonn","IICAMILIMELISSI","Germany","Military Camp"
"23",14303,50.73438,7.095485,"Dressel 20","Bonn","LFCCVFCM","Germany","Military Camp"
"24",14349,50.73438,7.095485,"Dressel 20","Bonn","DFF","Germany","Military Camp"
"25",14449,50.73438,7.095485,"Dressel 20","Bonn","CIALB","Germany","Military Camp"
"26",14565,50.73438,7.095485,"Dressel 20","Bonn","LIVNIMELISSI","Germany","Military Camp"
"27",14584,50.73438,7.095485,"Dressel 20","Bonn","IIIVNMELISSIETMELISSE","Germany","Military Camp"
"28",14585,50.73438,7.095485,"Dressel 20","Bonn","IIIVNMELISSIETMELISSE","Germany","Military Camp"
"29",14622,50.73438,7.095485,"Dressel 20","Bonn","GMMF","Germany","Military Camp"
"30",14651,50.73438,7.095485,"Dressel 20","Bonn","PMSC","Germany","Military Camp"
"31",14690,50.73438,7.095485,"Dressel 20","Bonn","PNN","Germany","Military Camp"
"32",14693,50.73438,7.095485,"Dressel 20","Bonn","PNN","Germany","Military Camp"
"33",14707,50.73438,7.095485,"Dressel 20","Bonn","SEXN","Germany","Military Camp"
"34",14803,50.73438,7.095485,"Dressel 20","Bonn","LQS","Germany","Military Camp"
"35",14848,50.73438,7.095485,"Dressel 20","Bonn","PORPS","Germany","Military Camp"
"36",14904,50.73438,7.095485,"Dressel 20","Bonn","ASAENI","Germany","Military Camp"
"37",14917,50.73438,7.095485,"Dressel 20","Bonn","SAXOFERREO","Germany","Military Camp"
"38",14922,50.73438,7.095485,"Dressel 20","Bonn","SAXFERRIVS","Germany","Military Camp"
"39",14928,50.73438,7.095485,"Dressel 20","Bonn","SCALCELS","Germany","Military Camp"
"40",14995,50.73438,7.095485,"Dressel 20","Bonn","VIR","Germany","Military Camp"
"41",17921,50.73438,7.095485,"Dressel 20","Bonn","CIVENALBEP","Germany","Military Camp"
"42",20477,50.73438,7.095485,"Dressel 20","Bonn","GAF","Germany","Military Camp"
"47",13960,50.3249,8.7409,"Dressel 20","Friedberg","SALS","Germany","Military Camp"
"48",14085,50.3249,8.7409,"Dressel 20","Friedberg","ACIRG","Germany","Military Camp"
"49",14490,50.3249,8.7409,"Dressel 20","Friedberg","QIMFN","Germany","Military Camp"
"50",14656,50.3249,8.7409,"Dressel 20","Friedberg","PMV","Germany","Military Camp"
"51",14860,50.3249,8.7409,"Dressel 20","Friedberg","CSP","Germany","Military Camp"
"52",14879,50.3249,8.7409,"Dressel 20","Friedberg","QSASER","Germany","Military Camp"
"53",14955,50.3249,8.7409,"Dressel 20","Friedberg","LVC","Germany","Military Camp"
"54",14999,50.3249,8.7409,"Dressel 20","Friedberg","VRSI","Germany","Military Camp"
"64",27737,50.236768,8.862251,"Dressel 20","Hedelbergen","DFN","Germany","Military Camp"
"65",27745,50.236768,8.862251,"Dressel 20","Hedelbergen","CIALBANIC","Germany","Military Camp"
"66",27746,50.236768,8.862251,"Dressel 20","Hedelbergen","ILEGIBILE","Germany","Military Camp"
"67",27747,50.236768,8.862251,"Dressel 20","Hedelbergen","RVFIPO","Germany","Military Camp"
"68",27749,50.236768,8.862251,"Dressel 20","Hedelbergen","PCLODIICELI","Germany","Military Camp"
"69",27750,50.236768,8.862251,"Dressel 20","Hedelbergen","QIM","Germany","Military Camp"
"70",27751,50.236768,8.862251,"Dressel 20","Hedelbergen","PANRVF","Germany","Military Camp"
"71",27752,50.236768,8.862251,"Dressel 20","Hedelbergen","LFO","Germany","Military Camp"
"75",13939,50.933333,6.95,"Dressel 20","Köln","MAC","Germany","Military Camp"
"76",13975,50.933333,6.95,"Dressel 20","Köln","MAR","Germany","Military Camp"
"77",14015,50.933333,6.95,"Dressel 20","Köln","CANTONIQVIETIPALMA","Germany","Military Camp"
"78",14026,50.933333,6.95,"Dressel 20","Köln","CANTONIQVIETI","Germany","Military Camp"
"79",14065,50.933333,6.95,"Dressel 20","Köln","LAVRGER","Germany","Military Camp"
"80",14070,50.933333,6.95,"Dressel 20","Köln","ACIRGI","Germany","Military Camp"
"81",14076,50.933333,6.95,"Dressel 20","Köln","ACIRGIF","Germany","Military Camp"
"82",14119,50.933333,6.95,"Dressel 20","Köln","BVCCI","Germany","Military Camp"
"83",14140,50.933333,6.95,"Dressel 20","Köln","QCCL","Germany","Military Camp"
"84",14144,50.933333,6.95,"Dressel 20","Köln","QCCL","Germany","Military Camp"
"85",14215,50.933333,6.95,"Dressel 20","Köln","QCAESINIGRI","Germany","Military Camp"
"86",14218,50.933333,6.95,"Dressel 20","Köln","IICAMILIMELISSI","Germany","Military Camp"
"87",14234,50.933333,6.95,"Dressel 20","Köln","CALPC","Germany","Military Camp"
"88",14286,50.933333,6.95,"Dressel 20","Köln","LFCCOL","Germany","Military Camp"
"89",14302,50.933333,6.95,"Dressel 20","Köln","LFCCVFCM","Germany","Military Camp"
"90",14313,50.933333,6.95,"Dressel 20","Köln","LFCCVFSCAL","Germany","Military Camp"
"91",14326,50.933333,6.95,"Dressel 20","Köln","QFC","Germany","Military Camp"
"92",14346,50.933333,6.95,"Dressel 20","Köln","DFF","Germany","Military Camp"
"93",14346,50.933333,6.95,"Dressel 20","Köln","PNN","Germany","Military Camp"
"94",14392,50.933333,6.95,"Dressel 20","Köln","FELICIS","Germany","Military Camp"
"95",14393,50.933333,6.95,"Dressel 20","Köln","PHILEROTI","Germany","Military Camp"
"96",14476,50.933333,6.95,"Dressel 20","Köln","MIMOPSI","Germany","Military Camp"
"97",14513,50.933333,6.95,"Dressel 20","Köln","PIRP","Germany","Military Camp"
"98",14518,50.933333,6.95,"Dressel 20","Köln","SISEN","Germany","Military Camp"
"99",14563,50.933333,6.95,"Dressel 20","Köln","LHEDERAIHEDERAMELISSIHEDERACI","Germany","Military Camp"
"100",14573,50.933333,6.95,"Dressel 20","Köln","IIIVNIMELISSIETMELISSEHEDERA","Germany","Military Camp"
"101",14576,50.933333,6.95,"Dressel 20","Köln","IIIVNIMELISSIETMELISSE","Germany","Military Camp"
"102",14609,50.933333,6.95,"Dressel 20","Köln","IICLLM","Germany","Military Camp"
"103",14615,50.933333,6.95,"Dressel 20","Köln","CMM","Germany","Military Camp"
"104",14686,50.933333,6.95,"Dressel 20","Köln","PNNF","Germany","Military Camp"
"105",14710,50.933333,6.95,"Dressel 20","Köln","DOMS","Germany","Military Camp"
"106",14735,50.933333,6.95,"Dressel 20","Köln","POROCODV","Germany","Military Camp"
"107",14746,50.933333,6.95,"Dressel 20","Köln","APC","Germany","Military Camp"
"108",14767,50.933333,6.95,"Dressel 20","Köln","LPMS","Germany","Military Camp"
"109",14835,50.933333,6.95,"Dressel 20","Köln","RIVES","Germany","Military Camp"
"110",14843,50.933333,6.95,"Dressel 20","Köln","PSA","Germany","Military Camp"
"111",14850,50.933333,6.95,"Dressel 20","Köln","PORPSAPORPSV","Germany","Military Camp"
"112",14863,50.933333,6.95,"Dressel 20","Köln","MSP","Germany","Military Camp"
"113",14868,50.933333,6.95,"Dressel 20","Köln","QSP","Germany","Military Camp"
"114",14894,50.933333,6.95,"Dressel 20","Köln","LSERGISATV","Germany","Military Camp"
"115",14901,50.933333,6.95,"Dressel 20","Köln","SAENIANESSAENIAMES","Germany","Military Camp"
"116",14920,50.933333,6.95,"Dressel 20","Köln","SAXFEREV","Germany","Military Camp"
"117",14921,50.933333,6.95,"Dressel 20","Köln","SAXOVPTI","Germany","Military Camp"
"118",14929,50.933333,6.95,"Dressel 20","Köln","SCALFES","Germany","Military Camp"
"119",14956,50.933333,6.95,"Dressel 20","Köln","QVCCF","Germany","Military Camp"
"120",14959,50.933333,6.95,"Dressel 20","Köln","PVFAVSTTINI","Germany","Military Camp"
"121",14967,50.933333,6.95,"Dressel 20","Köln","LVS","Germany","Military Camp"
"122",14997,50.933333,6.95,"Dressel 20","Köln","VRITTIPV","Germany","Military Camp"
"123",28041,50.933333,6.95,"Dressel 20","Köln","AVGGGNNNPALMACOLEARIFBARB","Germany","Military Camp"
"127",13940,49.984188,8.279096,"Dressel 20","Mainz","GAF","Germany","Military Camp"
"128",13956,49.984188,8.279096,"Dressel 20","Mainz","PORPAH","Germany","Military Camp"
"129",13961,49.984188,8.279096,"Dressel 20","Mainz","SALS","Germany","Military Camp"
"130",13976,49.984188,8.279096,"Dressel 20","Mainz","MAR","Germany","Military Camp"
"131",13979,49.984188,8.279096,"Dressel 20","Mainz","NARC","Germany","Military Camp"
"132",14000,49.984188,8.279096,"Dressel 20","Mainz","MAEMRVS","Germany","Military Camp"
"133",14009,49.984188,8.279096,"Dressel 20","Mainz","PNN","Germany","Military Camp"
"134",14010,49.984188,8.279096,"Dressel 20","Mainz","PANRVF","Germany","Military Camp"
"135",14018,49.984188,8.279096,"Dressel 20","Mainz","CANTONIQVIETI","Germany","Military Camp"
"136",14030,49.984188,8.279096,"Dressel 20","Mainz","CANTONIQVIETI","Germany","Military Camp"
"137",14031,49.984188,8.279096,"Dressel 20","Mainz","CANTONIQVIETI","Germany","Military Camp"
"138",14035,49.984188,8.279096,"Dressel 20","Mainz","CANTQVIETI","Germany","Military Camp"
"139",14145,49.984188,8.279096,"Dressel 20","Mainz","QCCV","Germany","Military Camp"
"140",14219,49.984188,8.279096,"Dressel 20","Mainz","IICAMILIMELISSI","Germany","Military Camp"
"141",14280,49.984188,8.279096,"Dressel 20","Mainz","CFAV","Germany","Military Camp"
"142",14289,49.984188,8.279096,"Dressel 20","Mainz","LFCCVCAT","Germany","Military Camp"
"143",14320,49.984188,8.279096,"Dressel 20","Mainz","LFCCV","Germany","Military Camp"
"144",14323,49.984188,8.279096,"Dressel 20","Mainz","LFCCVCAT","Germany","Military Camp"
"145",14329,49.984188,8.279096,"Dressel 20","Mainz","QFCF","Germany","Military Camp"
"146",14354,49.984188,8.279096,"Dressel 20","Mainz","LEFPC","Germany","Military Camp"
"147",14367,49.984188,8.279096,"Dressel 20","Mainz","FMFA","Germany","Military Camp"
"148",14383,49.984188,8.279096,"Dressel 20","Mainz","CFVA","Germany","Military Camp"
"149",14421,49.984188,8.279096,"Dressel 20","Mainz","QIAFS","Germany","Military Camp"
"150",14422,49.984188,8.279096,"Dressel 20","Mainz","QIAFS","Germany","Military Camp"
"151",14423,49.984188,8.279096,"Dressel 20","Mainz","QIAFS","Germany","Military Camp"
"152",14454,49.984188,8.279096,"Dressel 20","Mainz","QICSEC","Germany","Military Camp"
"153",14462,49.984188,8.279096,"Dressel 20","Mainz","MIM","Germany","Military Camp"
"154",14466,49.984188,8.279096,"Dressel 20","Mainz","MIM","Germany","Military Camp"
"155",14533,49.984188,8.279096,"Dressel 20","Mainz","LIT","Germany","Military Camp"
"156",14542,49.984188,8.279096,"Dressel 20","Mainz","PIVLICRISPI","Germany","Military Camp"
"157",14552,49.984188,8.279096,"Dressel 20","Mainz","CIVNIHEBVRI","Germany","Military Camp"
"158",14554,49.984188,8.279096,"Dressel 20","Mainz","CIVNIHEBVRI","Germany","Military Camp"
"159",14603,49.984188,8.279096,"Dressel 20","Mainz","ALFO","Germany","Military Camp"
"160",14605,49.984188,8.279096,"Dressel 20","Mainz","AELFO","Germany","Military Camp"
"161",14616,49.984188,8.279096,"Dressel 20","Mainz","GMMF","Germany","Military Camp"
"162",14703,49.984188,8.279096,"Dressel 20","Mainz","SNR","Germany","Military Camp"
"163",14730,49.984188,8.279096,"Dressel 20","Mainz","CONSFC","Germany","Military Camp"
"164",14736,49.984188,8.279096,"Dressel 20","Mainz","POROCODV","Germany","Military Camp"
"165",14831,49.984188,8.279096,"Dressel 20","Mainz","PRI","Germany","Military Camp"
"166",14849,49.984188,8.279096,"Dressel 20","Mainz","PORPSA","Germany","Military Camp"
"167",14854,49.984188,8.279096,"Dressel 20","Mainz","LSLVPI","Germany","Military Camp"
"168",14862,49.984188,8.279096,"Dressel 20","Mainz","LSPBO","Germany","Military Camp"
"169",14878,49.984188,8.279096,"Dressel 20","Mainz","QSASER","Germany","Military Camp"
"170",14911,49.984188,8.279096,"Dressel 20","Mainz","SAXOFERRI","Germany","Military Camp"
"171",14934,49.984188,8.279096,"Dressel 20","Mainz","FSCIMNIANO","Germany","Military Camp"
"172",14935,49.984188,8.279096,"Dressel 20","Mainz","FSCIMNIANO","Germany","Military Camp"
"173",14940,49.984188,8.279096,"Dressel 20","Mainz","STATIANIENSIA","Germany","Military Camp"
"174",14944,49.984188,8.279096,"Dressel 20","Mainz","STCA","Germany","Military Camp"
"175",14953,49.984188,8.279096,"Dressel 20","Mainz","LVA","Germany","Military Camp"
"176",14987,49.984188,8.279096,"Dressel 20","Mainz","VIRGIN","Germany","Military Camp"
"177",18898,49.984188,8.279096,"Dressel 20","Mainz","PAC","Germany","Military Camp"
"178",18899,49.984188,8.279096,"Dressel 20","Mainz","PQAF","Germany","Military Camp"
"179",18900,49.984188,8.279096,"Dressel 20","Mainz","CALF","Germany","Military Camp"
"180",18908,49.984188,8.279096,"Dressel 20","Mainz","CAE","Germany","Military Camp"
"181",18923,49.984188,8.279096,"Dressel 20","Mainz","ACIRCIF","Germany","Military Camp"
"182",18930,49.984188,8.279096,"Dressel 20","Mainz","AVGN","Germany","Military Camp"
"183",18936,49.984188,8.279096,"Dressel 20","Mainz","LCFPO","Germany","Military Camp"
"184",18937,49.984188,8.279096,"Dressel 20","Mainz","QCI","Germany","Military Camp"
"185",18938,49.984188,8.279096,"Dressel 20","Mainz","SCLC","Germany","Military Camp"
"186",18939,49.984188,8.279096,"Dressel 20","Mainz","SCLC","Germany","Military Camp"
"187",18940,49.984188,8.279096,"Dressel 20","Mainz","VCLC","Germany","Military Camp"
"188",18941,49.984188,8.279096,"Dressel 20","Mainz","PCM","Germany","Military Camp"
"189",18942,49.984188,8.279096,"Dressel 20","Mainz","QCR","Germany","Military Camp"
"190",18943,49.984188,8.279096,"Dressel 20","Mainz","QCR","Germany","Military Camp"
"191",18944,49.984188,8.279096,"Dressel 20","Mainz","QCR","Germany","Military Camp"
"192",18945,49.984188,8.279096,"Dressel 20","Mainz","QCRM","Germany","Military Camp"
"193",18962,49.984188,8.279096,"Dressel 20","Mainz","CEFP","Germany","Military Camp"
"194",18963,49.984188,8.279096,"Dressel 20","Mainz","PELC","Germany","Military Camp"
"195",18973,49.984188,8.279096,"Dressel 20","Mainz","MFC","Germany","Military Camp"
"196",18989,49.984188,8.279096,"Dressel 20","Mainz","GIALB","Germany","Military Camp"
"197",19063,49.984188,8.279096,"Dressel 20","Mainz","FPATERNI","Germany","Military Camp"
"198",19351,49.984188,8.279096,"Dressel 20","Mainz","SINEIMAGINE","Germany","Military Camp"
"199",19364,49.984188,8.279096,"Dressel 20","Mainz","QSP","Germany","Military Camp"
"200",19365,49.984188,8.279096,"Dressel 20","Mainz","QSP","Germany","Military Camp"
"201",19375,49.984188,8.279096,"Dressel 20","Mainz","SNR","Germany","Military Camp"
"202",19379,49.984188,8.279096,"Dressel 20","Mainz","SAMIS","Germany","Military Camp"
"203",19387,49.984188,8.279096,"Dressel 20","Mainz","SECVNDI","Germany","Military Camp"
"204",19388,49.984188,8.279096,"Dressel 20","Mainz","SER","Germany","Military Camp"
"205",19420,49.984188,8.279096,"Dressel 20","Mainz","SINEIMAGINE","Germany","Military Camp"
"206",37023,49.984188,8.279096,"Dressel 20","Mainz","ALFO","Germany","Military Camp"
"209",13964,51.198071,6.685037,"Dressel 20","Neuss","CAPXIV","Germany","Military Camp"
"210",14150,51.198071,6.685037,"Dressel 20","Neuss","LCFPCE","Germany","Military Camp"
"211",14181,51.198071,6.685037,"Dressel 20","Neuss","LCM","Germany","Military Camp"
"212",14260,51.198071,6.685037,"Dressel 20","Neuss","IIIENNIORIVLSAE","Germany","Military Camp"
"213",14388,51.198071,6.685037,"Dressel 20","Neuss","MFLAVIT","Germany","Military Camp"
"214",14416,51.198071,6.685037,"Dressel 20","Neuss","MIAPMA","Germany","Military Camp"
"215",14470,51.198071,6.685037,"Dressel 20","Neuss","MIM","Germany","Military Camp"
"216",14884,51.198071,6.685037,"Dressel 20","Neuss","ILSLSEN","Germany","Military Camp"
"217",14903,51.198071,6.685037,"Dressel 20","Neuss","SAENIANE","Germany","Military Camp"
"218",14964,51.198071,6.685037,"Dressel 20","Neuss","LVIVCV","Germany","Military Camp"
"219",14973,51.198071,6.685037,"Dressel 20","Neuss","LVALTROPHIMI","Germany","Military Camp"
"228",13941,50.271515,8.566917,"Dressel 20","Saalburg","GAF","Germany","Military Camp"
"229",13949,50.271515,8.566917,"Dressel 20","Saalburg","CAFFP","Germany","Military Camp"
"230",13950,50.271515,8.566917,"Dressel 20","Saalburg","CAFSM","Germany","Military Camp"
"231",13967,50.271515,8.566917,"Dressel 20","Saalburg","LVALEME","Germany","Military Camp"
"232",13990,50.271515,8.566917,"Dressel 20","Saalburg","LHEDERAAE","Germany","Military Camp"
"233",14051,50.271515,8.566917,"Dressel 20","Saalburg","PAPRV","Germany","Military Camp"
"234",14060,50.271515,8.566917,"Dressel 20","Saalburg","PATTO","Germany","Military Camp"
"235",14079,50.271515,8.566917,"Dressel 20","Saalburg","ACIRGI","Germany","Military Camp"
"236",14080,50.271515,8.566917,"Dressel 20","Saalburg","ACIRGI","Germany","Military Camp"
"237",14094,50.271515,8.566917,"Dressel 20","Saalburg","MSMACIRGI","Germany","Military Camp"
"238",14111,50.271515,8.566917,"Dressel 20","Saalburg","BELIC","Germany","Military Camp"
"239",14114,50.271515,8.566917,"Dressel 20","Saalburg","BEL","Germany","Military Camp"
"240",14116,50.271515,8.566917,"Dressel 20","Saalburg","BELI","Germany","Military Camp"
"241",14126,50.271515,8.566917,"Dressel 20","Saalburg","MCC","Germany","Military Camp"
"242",14134,50.271515,8.566917,"Dressel 20","Saalburg","QCCC","Germany","Military Camp"
"243",14136,50.271515,8.566917,"Dressel 20","Saalburg","QCCE","Germany","Military Camp"
"244",14137,50.271515,8.566917,"Dressel 20","Saalburg","QCCE","Germany","Military Camp"
"245",14141,50.271515,8.566917,"Dressel 20","Saalburg","QCCL","Germany","Military Camp"
"246",14154,50.271515,8.566917,"Dressel 20","Saalburg","LCHE","Germany","Military Camp"
"247",14155,50.271515,8.566917,"Dressel 20","Saalburg","PCHO","Germany","Military Camp"
"248",14157,50.271515,8.566917,"Dressel 20","Saalburg","PCHO","Germany","Military Camp"
"249",14162,50.271515,8.566917,"Dressel 20","Saalburg","SCLH","Germany","Military Camp"
"250",14163,50.271515,8.566917,"Dressel 20","Saalburg","SCLT","Germany","Military Camp"
"251",14165,50.271515,8.566917,"Dressel 20","Saalburg","SCLT","Germany","Military Camp"
"252",14166,34.951399,-5.362541,"Dressel 20","Saalburg","MCLSBMCLSR","Germany","Military Camp"
"253",14170,50.271515,8.566917,"Dressel 20","Saalburg","LCM","Germany","Military Camp"
"254",14172,50.271515,8.566917,"Dressel 20","Saalburg","LCM","Germany","Military Camp"
"255",14175,50.271515,8.566917,"Dressel 20","Saalburg","LCMY","Germany","Military Camp"
"256",14201,50.271515,8.566917,"Dressel 20","Saalburg","MMCSANTO","Germany","Military Camp"
"257",14202,50.271515,8.566917,"Dressel 20","Saalburg","MMCSANTO","Germany","Military Camp"
"258",14204,50.271515,8.566917,"Dressel 20","Saalburg","MMCSANTO","Germany","Military Camp"
"259",14222,50.271515,8.566917,"Dressel 20","Saalburg","PCLODIICELI","Germany","Military Camp"
"260",14247,50.271515,8.566917,"Dressel 20","Saalburg","CEFP","Germany","Military Camp"
"261",14249,50.271515,8.566917,"Dressel 20","Saalburg","HER","Germany","Military Camp"
"262",14255,50.271515,8.566917,"Dressel 20","Saalburg","IIINNIIVL","Germany","Military Camp"
"263",14268,50.271515,8.566917,"Dressel 20","Saalburg","EQFAT","Germany","Military Camp"
"264",14276,50.271515,8.566917,"Dressel 20","Saalburg","EVTICIEVETICHI","Germany","Military Camp"
"265",14293,50.271515,8.566917,"Dressel 20","Saalburg","LFCCVF","Germany","Military Camp"
"266",14316,50.271515,8.566917,"Dressel 20","Saalburg","LFCFP","Germany","Military Camp"
"267",14321,50.271515,8.566917,"Dressel 20","Saalburg","LFCCV","Germany","Military Camp"
"268",14328,50.271515,8.566917,"Dressel 20","Saalburg","QFC","Germany","Military Camp"
"269",14332,50.271515,8.566917,"Dressel 20","Saalburg","QFC","Germany","Military Camp"
"270",14341,50.271515,8.566917,"Dressel 20","Saalburg","SFE","Germany","Military Camp"
"271",14347,50.271515,8.566917,"Dressel 20","Saalburg","DFF","Germany","Military Camp"
"272",14372,50.271515,8.566917,"Dressel 20","Saalburg","QFPP","Germany","Military Camp"
"273",14390,50.271515,8.566917,"Dressel 20","Saalburg","FOLS","Germany","Military Camp"
"274",14391,50.271515,8.566917,"Dressel 20","Saalburg","QFVLNIC","Germany","Military Camp"
"275",14399,50.271515,8.566917,"Dressel 20","Saalburg","FGRV","Germany","Military Camp"
"276",14404,50.271515,8.566917,"Dressel 20","Saalburg","QHRSIL","Germany","Military Camp"
"277",14413,50.271515,8.566917,"Dressel 20","Saalburg","DIA","Germany","Military Camp"
"278",14431,50.271515,8.566917,"Dressel 20","Saalburg","QIAFS","Germany","Military Camp"
"279",14443,50.271515,8.566917,"Dressel 20","Saalburg","CIALB","Germany","Military Camp"
"280",14457,50.271515,8.566917,"Dressel 20","Saalburg","LIDFITA","Germany","Military Camp"
"281",14482,50.271515,8.566917,"Dressel 20","Saalburg","QIMFN","Germany","Military Camp"
"282",14483,50.271515,8.566917,"Dressel 20","Saalburg","QIMFN","Germany","Military Camp"
"283",14484,50.271515,8.566917,"Dressel 20","Saalburg","QIMFN","Germany","Military Camp"
"284",14497,50.271515,8.566917,"Dressel 20","Saalburg","QIMFS","Germany","Military Camp"
"285",14512,50.271515,8.566917,"Dressel 20","Saalburg","PIRP","Germany","Military Camp"
"286",14519,50.271515,8.566917,"Dressel 20","Saalburg","LISI","Germany","Military Camp"
"287",14525,50.271515,8.566917,"Dressel 20","Saalburg","LIT","Germany","Military Camp"
"288",14528,50.271515,8.566917,"Dressel 20","Saalburg","LIT","Germany","Military Camp"
"289",14536,50.271515,8.566917,"Dressel 20","Saalburg","ISAFRIF","Germany","Military Camp"
"290",14571,50.271515,8.566917,"Dressel 20","Saalburg","IIIENMELISSIETMELISSE","Germany","Military Camp"
"291",14574,50.271515,8.566917,"Dressel 20","Saalburg","IIIVNMELISSIETMELISSEHEDERA","Germany","Military Camp"
"292",14583,50.271515,8.566917,"Dressel 20","Saalburg","IIIVNMELISSIETMELISSE","Germany","Military Camp"
"293",14593,50.271515,8.566917,"Dressel 20","Saalburg","IIIVNMELISSIETMELISSE","Germany","Military Camp"
"294",14610,50.271515,8.566917,"Dressel 20","Saalburg","GLPV","Germany","Military Camp"
"295",14618,50.271515,8.566917,"Dressel 20","Saalburg","CMMF","Germany","Military Camp"
"296",14619,50.271515,8.566917,"Dressel 20","Saalburg","GMMF","Germany","Military Camp"
"297",14621,50.271515,8.566917,"Dressel 20","Saalburg","GMMF","Germany","Military Camp"
"298",14636,50.271515,8.566917,"Dressel 20","Saalburg","QMR","Germany","Military Camp"
"299",14654,50.271515,8.566917,"Dressel 20","Saalburg","QMSDI","Germany","Military Camp"
"300",14655,50.271515,8.566917,"Dressel 20","Saalburg","PMV","Germany","Military Camp"
"301",14671,50.271515,8.566917,"Dressel 20","Saalburg","MEDIANAE","Germany","Military Camp"
"302",14672,50.271515,8.566917,"Dressel 20","Saalburg","GNAC","Germany","Military Camp"
"303",14676,50.271515,8.566917,"Dressel 20","Saalburg","PNN","Germany","Military Camp"
"304",14677,50.271515,8.566917,"Dressel 20","Saalburg","PNN","Germany","Military Camp"
"305",14679,50.271515,8.566917,"Dressel 20","Saalburg","PNN","Germany","Military Camp"
"306",14680,50.271515,8.566917,"Dressel 20","Saalburg","PNN","Germany","Military Camp"
"307",14685,50.271515,8.566917,"Dressel 20","Saalburg","PNNAR","Germany","Military Camp"
"308",14695,50.271515,8.566917,"Dressel 20","Saalburg","SNR","Germany","Military Camp"
"309",14696,50.271515,8.566917,"Dressel 20","Saalburg","SNR","Germany","Military Camp"
"310",14699,50.271515,8.566917,"Dressel 20","Saalburg","SNR","Germany","Military Camp"
"311",14700,50.271515,8.566917,"Dressel 20","Saalburg","SNR","Germany","Military Camp"
"312",14704,50.271515,8.566917,"Dressel 20","Saalburg","SNR","Germany","Military Camp"
"313",14706,50.271515,8.566917,"Dressel 20","Saalburg","PNSI","Germany","Military Camp"
"314",14709,50.271515,8.566917,"Dressel 20","Saalburg","DOMS","Germany","Military Camp"
"315",14713,50.271515,8.566917,"Dressel 20","Saalburg","DOMS","Germany","Military Camp"
"316",14715,50.271515,8.566917,"Dressel 20","Saalburg","DOMS","Germany","Military Camp"
"317",14717,50.271515,8.566917,"Dressel 20","Saalburg","DOMS","Germany","Military Camp"
"318",14745,50.271515,8.566917,"Dressel 20","Saalburg","PPAC","Germany","Military Camp"
"319",14749,50.271515,8.566917,"Dressel 20","Saalburg","APAMPHORACO","Germany","Military Camp"
"320",14754,50.271515,8.566917,"Dressel 20","Saalburg","LPCHFILI","Germany","Military Camp"
"321",14756,50.271515,8.566917,"Dressel 20","Saalburg","LPFLPE","Germany","Military Camp"
"322",14762,50.271515,8.566917,"Dressel 20","Saalburg","MPM","Germany","Military Camp"
"323",14771,50.271515,8.566917,"Dressel 20","Saalburg","APP","Germany","Military Camp"
"324",14777,50.271515,8.566917,"Dressel 20","Saalburg","PMPS","Germany","Military Camp"
"325",14797,50.271515,8.566917,"Dressel 20","Saalburg","LQS","Germany","Military Camp"
"326",14798,50.271515,8.566917,"Dressel 20","Saalburg","LQS","Germany","Military Camp"
"327",14817,50.271515,8.566917,"Dressel 20","Saalburg","LQSK","Germany","Military Camp"
"328",14821,50.271515,8.566917,"Dressel 20","Saalburg","LQS","Germany","Military Camp"
"329",14829,50.271515,8.566917,"Dressel 20","Saalburg","LRCARPS","Germany","Military Camp"
"330",14866,50.271515,8.566917,"Dressel 20","Saalburg","MSP","Germany","Military Camp"
"331",14867,50.271515,8.566917,"Dressel 20","Saalburg","MSP","Germany","Military Camp"
"332",14912,50.271515,8.566917,"Dressel 20","Saalburg","SAXOFERRI","Germany","Military Camp"
"333",14913,50.271515,8.566917,"Dressel 20","Saalburg","SAXOFERRI","Germany","Military Camp"
"334",14914,50.271515,8.566917,"Dressel 20","Saalburg","SAXOFERRI","Germany","Military Camp"
"335",14927,50.271515,8.566917,"Dressel 20","Saalburg","SCALENSISP","Germany","Military Camp"
"336",14948,50.271515,8.566917,"Dressel 20","Saalburg","LTSTRPALMA","Germany","Military Camp"
"337",20528,50.271515,8.566917,"Dressel 20","Saalburg","FELIC","Germany","Military Camp"
"338",28055,50.271515,8.566917,"Dressel 20","Saalburg","QCCF","Germany","Military Camp"
"351",27095,49.012683,9.151124,"Dressel 20","Walheim","LAN","Germany","Military Camp"
"352",27096,49.012683,9.151124,"Dressel 20","Walheim","CCA","Germany","Military Camp"
"353",27097,49.012683,9.151124,"Dressel 20","Walheim","QF","Germany","Military Camp"
"354",27098,49.012683,9.151124,"Dressel 20","Walheim","M","Germany","Military Camp"
"355",27099,49.012683,9.151124,"Dressel 20","Walheim","AL","Germany","Military Camp"
"358",14543,50.082582,8.249322,"Dressel 20","Wiesbaden","PIVLICRISPI","Germany","Military Camp"
"359",27912,50.082582,8.249322,"Dressel 20","Wiesbaden","LI","Germany","Military Camp"
"360",27925,50.082582,8.249322,"Dressel 20","Wiesbaden","LIDFITAL","Germany","Military Camp"
"361",27927,50.082582,8.249322,"Dressel 20","Wiesbaden","FIGLINAACIRGIMSMAVRIANI","Germany","Military Camp"
"362",27933,50.082582,8.249322,"Dressel 20","Wiesbaden","LVLVALCHAE","Germany","Military Camp"
"363",10,49.632784,8.359164,"Dressel 20","Worms","PIVLCRISPART","Germany","Military Camp"
"364",27956,49.632784,8.359164,"Dressel 20","Worms","EVTSTERPAVL","Germany","Military Camp"
"365",27959,49.632784,8.359164,"Dressel 20","Worms","EVTICI","Germany","Military Camp"
"366",37022,49.632784,8.359164,"Dressel 20","Worms","ALFO","Germany","Military Camp"
"367",830,49.632784,8.359164,"Dressel 20","Worms","GAPF","Germany","Military Camp"
"368",835,49.632784,8.359164,"Dressel 20","Worms","LMVE","Germany","Military Camp"
"374",27403,49.897382,8.846132,"Dressel 20","Dieburg","PARVA","Germany","Civil Settlement"
"375",27403,49.897382,8.846132,"Dressel 20","Dieburg","PNN","Germany","Civil Settlement"
"376",27404,49.897382,8.846132,"Dressel 20","Dieburg","QMR","Germany","Civil Settlement"
"377",27408,49.897382,8.846132,"Dressel 20","Dieburg","IIMINACRETCAL","Germany","Civil Settlement"
"378",27409,49.897382,8.846132,"Dressel 20","Dieburg","EFC","Germany","Civil Settlement"
"379",27414,49.897382,8.846132,"Dressel 20","Dieburg","MMCSVR","Germany","Civil Settlement"
"397",13948,49.75979,6.636628,"Dressel 20","Trier","CAFFM","Germany","Civil Settlement"
"398",14192,49.75979,6.636628,"Dressel 20","Trier","QCR","Germany","Civil Settlement"
"399",14221,49.75979,6.636628,"Dressel 20","Trier","IICAMILIMELISSI","Germany","Civil Settlement"
"400",14259,49.75979,6.636628,"Dressel 20","Trier","IIIENNIIVL","Germany","Civil Settlement"
"401",14283,49.75979,6.636628,"Dressel 20","Trier","LFC","Germany","Civil Settlement"
"402",14287,49.75979,6.636628,"Dressel 20","Trier","LFCCOL","Germany","Civil Settlement"
"403",14334,49.75979,6.636628,"Dressel 20","Trier","QFC","Germany","Civil Settlement"
"404",14409,49.75979,6.636628,"Dressel 20","Trier","HISPSAENI","Germany","Civil Settlement"
"405",14426,49.75979,6.636628,"Dressel 20","Trier","QIAFS","Germany","Civil Settlement"
"406",14722,49.75979,6.636628,"Dressel 20","Trier","DOMS","Germany","Civil Settlement"
"407",14722,49.75979,6.636628,"Dressel 20","Trier","LQS","Germany","Civil Settlement"
"408",14725,49.75979,6.636628,"Dressel 20","Trier","DOMS","Germany","Civil Settlement"
"409",14806,49.75979,6.636628,"Dressel 20","Trier","LQS","Germany","Civil Settlement"
