id,lat,long,type,site,code,country,locationtype
15599,51.833333,-3.016667,Dressel 20,Abergavenny,CANTONIQVIETI,UK,Military Camp
16814,51.833333,-3.016667,Dressel 20,Abergavenny,SAENIANES,UK,Military Camp
16376,54.416667,-2.966667,Dressel 20,Ambleside,QMR,UK,Military Camp
15814,55.958056,-4.064722,Dressel 20,Bar Hill,MMACSV,UK,Military Camp
16450,55.958056,-4.064722,Dressel 20,Bar Hill,GNAPCO,UK,Military Camp
16499,55.958056,-4.064722,Dressel 20,Bar Hill,SNR,UK,Military Camp
16778,55.958056,-4.064722,Dressel 20,Bar Hill,LSPBOEQ,UK,Military Camp
17083,55.958056,-4.064722,Dressel 20,Bar Hill,VIRAV,UK,Military Camp
17084,55.958056,-4.064722,Dressel 20,Bar Hill,VIRGINENSIA,UK,Military Camp
17200,55.958056,-4.064722,Dressel 20,Bar Hill,M,UK,Military Camp
17205,55.958056,-4.064722,Dressel 20,Bar Hill,MMC,UK,Military Camp
17217,55.958056,-4.064722,Dressel 20,Bar Hill,SA,UK,Military Camp
16500,55.916667,-4.35,Dressel 20,Bearsden,SNR,UK,Military Camp
16539,55.916667,-4.35,Dressel 20,Bearsden,DOMS,UK,Military Camp
16544,55.916667,-4.35,Dressel 20,Bearsden,DOMS,UK,Military Camp
17195,55.916667,-4.35,Dressel 20,Bearsden,I,UK,Military Camp
16004,54.383333,-3.283333,Dressel 20,Beckfoot,MFF,UK,Military Camp
15704,55.066667,-3.233333,Dressel 20,Birrens,LCANTP,UK,Military Camp
15748,55.066667,-3.233333,Dressel 20,Birrens,LCFPC,UK,Military Camp
16372,55.066667,-3.233333,Dressel 20,Birrens,MMRQ,UK,Military Camp
16551,55.066667,-3.233333,Dressel 20,Birrens,DOMS,UK,Military Camp
16877,55.066667,-3.233333,Dressel 20,Birrens,SCAVE,UK,Military Camp
17110,55.066667,-3.233333,Dressel 20,Birrens,AR,UK,Military Camp
17197,55.066667,-3.233333,Dressel 20,Birrens,LFI,UK,Military Camp
15391,53.216667,-3.833333,Dressel 20,Caerhûn,GAF,UK,Military Camp
16018,53.216667,-3.833333,Dressel 20,Caerhûn,LFO,UK,Military Camp
16307,53.216667,-3.833333,Dressel 20,Caerhûn,ALFO,UK,Military Camp
16617,53.216667,-3.833333,Dressel 20,Caerhûn,PASSERAR,UK,Military Camp
16870,53.216667,-3.833333,Dressel 20,Caerhûn,SCALENSIA,UK,Military Camp
15386,51.613333,-2.958889,Dressel 20,Caerleon,MAC,UK,Military Camp
15393,51.613333,-2.958889,Dressel 20,Caerleon,GAF,UK,Military Camp
15450,51.613333,-2.958889,Dressel 20,Caerleon,LAP,UK,Military Camp
15531,51.613333,-2.958889,Dressel 20,Caerleon,MAEMRVS,UK,Military Camp
15534,51.613333,-2.958889,Dressel 20,Caerleon,MAEMRVS,UK,Military Camp
15598,51.613333,-2.958889,Dressel 20,Caerleon,CANTQVIE,UK,Military Camp
15605,51.613333,-2.958889,Dressel 20,Caerleon,CANTQVIETI,UK,Military Camp
15698,51.613333,-2.958889,Dressel 20,Caerleon,BELLVC,UK,Military Camp
15772,51.613333,-2.958889,Dressel 20,Caerleon,LCM,UK,Military Camp
15983,51.613333,-2.958889,Dressel 20,Caerleon,QFC,UK,Military Camp
15998,51.613333,-2.958889,Dressel 20,Caerleon,SFE,UK,Military Camp
16000,51.613333,-2.958889,Dressel 20,Caerleon,DEF,UK,Military Camp
16065,51.613333,-2.958889,Dressel 20,Caerleon,HERMESF,UK,Military Camp
16217,51.613333,-2.958889,Dressel 20,Caerleon,IVEP,UK,Military Camp
16285,51.613333,-2.958889,Dressel 20,Caerleon,NIMELISSETMELISSE,UK,Military Camp
16319,51.613333,-2.958889,Dressel 20,Caerleon,AELFO,UK,Military Camp
16336,51.613333,-2.958889,Dressel 20,Caerleon,PLS,UK,Military Camp
16397,51.613333,-2.958889,Dressel 20,Caerleon,PMSC,UK,Military Camp
16438,51.613333,-2.958889,Dressel 20,Caerleon,IIMINIACRETCAL,UK,Military Camp
16484,51.613333,-2.958889,Dressel 20,Caerleon,PNN,UK,Military Camp
16526,51.613333,-2.958889,Dressel 20,Caerleon,COI,UK,Military Camp
16549,51.613333,-2.958889,Dressel 20,Caerleon,DOM,UK,Military Camp
16554,51.613333,-2.958889,Dressel 20,Caerleon,DOMS,UK,Military Camp
16560,51.613333,-2.958889,Dressel 20,Caerleon,DO,UK,Military Camp
16570,51.613333,-2.958889,Dressel 20,Caerleon,PORODV,UK,Military Camp
16660,51.613333,-2.958889,Dressel 20,Caerleon,LQHEDERAS,UK,Military Camp
16711,51.613333,-2.958889,Dressel 20,Caerleon,ROM,UK,Military Camp
16727,51.613333,-2.958889,Dressel 20,Caerleon,PORPS,UK,Military Camp
16916,51.613333,-2.958889,Dressel 20,Caerleon,FSCIMNIANO,UK,Military Camp
16987,51.613333,-2.958889,Dressel 20,Caerleon,SEX,UK,Military Camp
17055,51.613333,-2.958889,Dressel 20,Caerleon,LVALERITROPHIMI,UK,Military Camp
17056,51.613333,-2.958889,Dressel 20,Caerleon,LVALTROPHIMI,UK,Military Camp
17095,51.613333,-2.958889,Dressel 20,Caerleon,VIRG,UK,Military Camp
16069,52.516667,-3.433333,Dressel 20,Caersws,HISPSAENI,UK,Military Camp
17096,52.516667,-3.433333,Dressel 20,Caersws,VIRG,UK,Military Camp
17207,52.516667,-3.433333,Dressel 20,Caersws,O,UK,Military Camp
15430,54.883333,-2.933333,Dressel 20,Carlisle,PALSAEN,UK,Military Camp
15558,54.883333,-2.933333,Dressel 20,Carlisle,PANNIRVFS,UK,Military Camp
15602,54.883333,-2.933333,Dressel 20,Carlisle,CANTQVIP,UK,Military Camp
15864,54.883333,-2.933333,Dressel 20,Carlisle,SCLT,UK,Military Camp
16061,54.883333,-2.933333,Dressel 20,Carlisle,PQHEHE,UK,Military Camp
16169,54.883333,-2.933333,Dressel 20,Carlisle,QIMF,UK,Military Camp
16179,54.883333,-2.933333,Dressel 20,Carlisle,PIR,UK,Military Camp
16212,54.883333,-2.933333,Dressel 20,Carlisle,LIT,UK,Military Camp
16353,54.883333,-2.933333,Dressel 20,Carlisle,CALLAS,UK,Military Camp
16529,54.883333,-2.933333,Dressel 20,Carlisle,DOMS,UK,Military Camp
16607,54.883333,-2.933333,Dressel 20,Carlisle,FPPOR,UK,Military Camp
16654,54.883333,-2.933333,Dressel 20,Carlisle,LQS,UK,Military Camp
16712,54.883333,-2.933333,Dressel 20,Carlisle,ROMANIPALMA,UK,Military Camp
16797,54.883333,-2.933333,Dressel 20,Carlisle,QSP,UK,Military Camp
16874,54.883333,-2.933333,Dressel 20,Carlisle,SCA,UK,Military Camp
17004,54.883333,-2.933333,Dressel 20,Carlisle,CTYC,UK,Military Camp
17100,54.883333,-2.933333,Dressel 20,Carlisle,CALPVRPOT,UK,Military Camp
17184,54.883333,-2.933333,Dressel 20,Carlisle,CIA,UK,Military Camp
17201,54.883333,-2.933333,Dressel 20,Carlisle,M,UK,Military Camp
32254,54.883333,-2.933333,Dressel 20,Carlisle,CANTONIQVIETI,UK,Military Camp
32255,54.883333,-2.933333,Dressel 20,Carlisle,CANTONQ,UK,Military Camp
32256,54.883333,-2.933333,Dressel 20,Carlisle,QFG,UK,Military Camp
32257,54.883333,-2.933333,Dressel 20,Carlisle,DOMS,UK,Military Camp
32258,54.883333,-2.933333,Dressel 20,Carlisle,LVC,UK,Military Camp
33311,54.883333,-2.933333,Dressel 20,Carlisle,LPLVCA,UK,Military Camp
33312,54.883333,-2.933333,Dressel 20,Carlisle,QICSEG,UK,Military Camp
33313,54.883333,-2.933333,Dressel 20,Carlisle,ALFO,UK,Military Camp
33314,54.883333,-2.933333,Dressel 20,Carlisle,AE,UK,Military Camp
33315,54.883333,-2.933333,Dressel 20,Carlisle,QMR,UK,Military Camp
33316,54.883333,-2.933333,Dressel 20,Carlisle,DECCA,UK,Military Camp
33317,54.883333,-2.933333,Dressel 20,Carlisle,TFAMV,UK,Military Camp
15805,55.983333,-3.95,Dressel 20,Castlecary,MMCS,UK,Military Camp
16120,55.983333,-3.95,Dressel 20,Castlecary,LIDFITA,UK,Military Camp
17085,55.983333,-3.95,Dressel 20,Castlecary,VIRGINENSIA,UK,Military Camp
17178,55.983333,-3.95,Dressel 20,Castlecary,ANTIFDIS,UK,Military Camp
15677,54.366667,-1.633333,Dressel 20,Catterick,IIAVRHERACLAEPATETFILFBAR,UK,Military Camp
15775,54.366667,-1.633333,Dressel 20,Catterick,IICO,UK,Military Camp
16781,54.366667,-1.633333,Dressel 20,Catterick,IPSI,UK,Military Camp
16640,51.733333,0.483333,Dressel 20,Chelmsford,MQFF,UK,Military Camp
15380,53.2,-2.916667,Dressel 20,Chester,AA,UK,Military Camp
15383,53.2,-2.916667,Dressel 20,Chester,AAFAAE,UK,Military Camp
15407,53.2,-2.916667,Dressel 20,Chester,QAGEMELLI,UK,Military Camp
15412,53.2,-2.916667,Dressel 20,Chester,LAGER,UK,Military Camp
15416,53.2,-2.916667,Dressel 20,Chester,PORTPAH,UK,Military Camp
15417,53.2,-2.916667,Dressel 20,Chester,PORTPAH,UK,Military Camp
15420,53.2,-2.916667,Dressel 20,Chester,PAHSCALS,UK,Military Camp
15455,53.2,-2.916667,Dressel 20,Chester,PORLAR,UK,Military Camp
15465,53.2,-2.916667,Dressel 20,Chester,MAR,UK,Military Camp
15477,53.2,-2.916667,Dressel 20,Chester,CAS,UK,Military Camp
15520,53.2,-2.916667,Dressel 20,Chester,QAEOPO,UK,Military Camp
15540,53.2,-2.916667,Dressel 20,Chester,AGRICOLAE,UK,Military Camp
15546,53.2,-2.916667,Dressel 20,Chester,AGRICOLAE,UK,Military Camp
15551,53.2,-2.916667,Dressel 20,Chester,CALVI,UK,Military Camp
15566,53.2,-2.916667,Dressel 20,Chester,CANTONIQVIETI,UK,Military Camp
15591,53.2,-2.916667,Dressel 20,Chester,CANTONIQVIETI,UK,Military Camp
15616,53.2,-2.916667,Dressel 20,Chester,QANTRVG,UK,Military Camp
15621,53.2,-2.916667,Dressel 20,Chester,LAPAE,UK,Military Camp
15655,53.2,-2.916667,Dressel 20,Chester,ATATFTATAF,UK,Military Camp
15675,53.2,-2.916667,Dressel 20,Chester,AVMONT,UK,Military Camp
15758,53.2,-2.916667,Dressel 20,Chester,PCHO,UK,Military Camp
15918,53.2,-2.916667,Dressel 20,Chester,IIIENNIIVL,UK,Military Camp
15932,53.2,-2.916667,Dressel 20,Chester,IIIENNIVLHEDERA,UK,Military Camp
15997,53.2,-2.916667,Dressel 20,Chester,SF,UK,Military Camp
16003,53.2,-2.916667,Dressel 20,Chester,LEFPC,UK,Military Camp
16039,53.2,-2.916667,Dressel 20,Chester,MFELICIS,UK,Military Camp
16083,53.2,-2.916667,Dressel 20,Chester,QIA,UK,Military Camp
16112,53.2,-2.916667,Dressel 20,Chester,MIAPC,UK,Military Camp
16313,53.2,-2.916667,Dressel 20,Chester,ALF,UK,Military Camp
16318,53.2,-2.916667,Dressel 20,Chester,AELFO,UK,Military Camp
16321,53.2,-2.916667,Dressel 20,Chester,CLMFF,UK,Military Camp
16350,53.2,-2.916667,Dressel 20,Chester,QMCALLAIDIS,UK,Military Camp
16354,53.2,-2.916667,Dressel 20,Chester,QME,UK,Military Camp
16356,53.2,-2.916667,Dressel 20,Chester,LMFE,UK,Military Camp
16362,53.2,-2.916667,Dressel 20,Chester,CMM,UK,Military Camp
16381,53.2,-2.916667,Dressel 20,Chester,QMR,UK,Military Camp
16404,53.2,-2.916667,Dressel 20,Chester,LMVE,UK,Military Camp
16405,53.2,-2.916667,Dressel 20,Chester,LMVE,UK,Military Camp
16406,53.2,-2.916667,Dressel 20,Chester,LMVE,UK,Military Camp
16479,53.2,-2.916667,Dressel 20,Chester,PNN,UK,Military Camp
16618,53.2,-2.916667,Dressel 20,Chester,PASSERAR,UK,Military Camp
16700,53.2,-2.916667,Dressel 20,Chester,ROMANI,UK,Military Camp
16703,53.2,-2.916667,Dressel 20,Chester,ROMANI,UK,Military Camp
16717,53.2,-2.916667,Dressel 20,Chester,RVFPO,UK,Military Camp
16754,53.2,-2.916667,Dressel 20,Chester,MSFPC,UK,Military Camp
16759,53.2,-2.916667,Dressel 20,Chester,LSLPAMPHORA,UK,Military Camp
16768,53.2,-2.916667,Dressel 20,Chester,MSMACIRGI,UK,Military Camp
16785,53.2,-2.916667,Dressel 20,Chester,QSP,UK,Military Camp
16798,53.2,-2.916667,Dressel 20,Chester,QSP,UK,Military Camp
16871,53.2,-2.916667,Dressel 20,Chester,SCALENSIAGEME,UK,Military Camp
16876,53.2,-2.916667,Dressel 20,Chester,SCALCEL,UK,Military Camp
16887,53.2,-2.916667,Dressel 20,Chester,FSCIMNIANO,UK,Military Camp
16888,53.2,-2.916667,Dressel 20,Chester,FSCIMNIANO,UK,Military Camp
16907,53.2,-2.916667,Dressel 20,Chester,FSCIMNIANI,UK,Military Camp
16938,53.2,-2.916667,Dressel 20,Chester,SECVND,UK,Military Camp
16992,53.2,-2.916667,Dressel 20,Chester,STATIANIENSIA,UK,Military Camp
17076,53.2,-2.916667,Dressel 20,Chester,LVIST,UK,Military Camp
17120,53.2,-2.916667,Dressel 20,Chester,CVTC,UK,Military Camp
17187,53.2,-2.916667,Dressel 20,Chester,COO,UK,Military Camp
17189,53.2,-2.916667,Dressel 20,Chester,CS,UK,Military Camp
17208,53.2,-2.916667,Dressel 20,Chester,OC,UK,Military Camp
17214,53.2,-2.916667,Dressel 20,Chester,R,UK,Military Camp
17216,53.2,-2.916667,Dressel 20,Chester,RSV,UK,Military Camp
16690,53.25,-1.416667,Dressel 20,Chesterfield,BRAR,UK,Military Camp
16795,53.25,-1.416667,Dressel 20,Chesterfield,QSP,UK,Military Camp
16990,53.25,-1.416667,Dressel 20,Chesterfield,SILVESTRI,UK,Military Camp
15845,52.066667,0.2,Dressel 20,Chesterford,IICAMILIMELISSI,UK,Military Camp
15846,52.066667,0.2,Dressel 20,Chesterford,IICAMILIMELISSI,UK,Military Camp
15381,51.733333,-1.983333,Dressel 20,Cirencester,IIAALIM,UK,Military Camp
15401,51.733333,-1.983333,Dressel 20,Cirencester,LHEDERAAHEDERAF,UK,Military Camp
15434,51.733333,-1.983333,Dressel 20,Cirencester,SALS,UK,Military Camp
15456,51.733333,-1.983333,Dressel 20,Cirencester,PORLAR,UK,Military Camp
15476,51.733333,-1.983333,Dressel 20,Cirencester,CAS,UK,Military Camp
15482,51.733333,-1.983333,Dressel 20,Cirencester,ACIRGIF,UK,Military Camp
15593,51.733333,-1.983333,Dressel 20,Cirencester,CANTONIQVIETI,UK,Military Camp
15635,51.733333,-1.983333,Dressel 20,Cirencester,PARVA,UK,Military Camp
15660,51.733333,-1.983333,Dressel 20,Cirencester,ATSP,UK,Military Camp
15671,51.733333,-1.983333,Dressel 20,Cirencester,AVGGGNNNCOLEARIFBA,UK,Military Camp
15681,51.733333,-1.983333,Dressel 20,Cirencester,IIAVRHERACLAEPATETFILFBAR,UK,Military Camp
15682,51.733333,-1.983333,Dressel 20,Cirencester,LAVIVA,UK,Military Camp
15691,51.733333,-1.983333,Dressel 20,Cirencester,BARMASI,UK,Military Camp
15695,51.733333,-1.983333,Dressel 20,Cirencester,BELSIL,UK,Military Camp
15763,51.733333,-1.983333,Dressel 20,Cirencester,PCI,UK,Military Camp
15799,51.733333,-1.983333,Dressel 20,Cirencester,QCRP,UK,Military Camp
15811,51.733333,-1.983333,Dressel 20,Cirencester,MMCSAE,UK,Military Camp
15813,51.733333,-1.983333,Dressel 20,Cirencester,MMCSAR,UK,Military Camp
15824,51.733333,-1.983333,Dressel 20,Cirencester,MMCSR,UK,Military Camp
15826,51.733333,-1.983333,Dressel 20,Cirencester,MCS,UK,Military Camp
15842,51.733333,-1.983333,Dressel 20,Cirencester,CALPVRNIB,UK,Military Camp
15849,51.733333,-1.983333,Dressel 20,Cirencester,IICAMMEL,UK,Military Camp
15856,51.733333,-1.983333,Dressel 20,Cirencester,GEMELLI,UK,Military Camp
15883,51.733333,-1.983333,Dressel 20,Cirencester,FCVCV,UK,Military Camp
15946,51.733333,-1.983333,Dressel 20,Cirencester,QFALBELQFALBETN,UK,Military Camp
15974,51.733333,-1.983333,Dressel 20,Cirencester,LFCSENTI,UK,Military Camp
15989,51.733333,-1.983333,Dressel 20,Cirencester,SFE,UK,Military Camp
16016,51.733333,-1.983333,Dressel 20,Cirencester,LFO,UK,Military Camp
16027,51.733333,-1.983333,Dressel 20,Cirencester,PORFS,UK,Military Camp
16047,51.733333,-1.983333,Dressel 20,Cirencester,PHILEROF,UK,Military Camp
16071,51.733333,-1.983333,Dressel 20,Cirencester,HISPSAENICORONA,UK,Military Camp
16081,51.733333,-1.983333,Dressel 20,Cirencester,MIA,UK,Military Camp
16082,51.733333,-1.983333,Dressel 20,Cirencester,MIARV,UK,Military Camp
16087,51.733333,-1.983333,Dressel 20,Cirencester,QIAFS,UK,Military Camp
16140,51.733333,-1.983333,Dressel 20,Cirencester,MIM,UK,Military Camp
16141,51.733333,-1.983333,Dressel 20,Cirencester,MIM,UK,Military Camp
16168,51.733333,-1.983333,Dressel 20,Cirencester,QIMNHM,UK,Military Camp
16223,51.733333,-1.983333,Dressel 20,Cirencester,PIVLICRISPI,UK,Military Camp
16280,51.733333,-1.983333,Dressel 20,Cirencester,IMIP,UK,Military Camp
16281,51.733333,-1.983333,Dressel 20,Cirencester,LIVEI,UK,Military Camp
16294,51.733333,-1.983333,Dressel 20,Cirencester,IIIVNIMEE,UK,Military Camp
16413,51.733333,-1.983333,Dressel 20,Cirencester,CMAQOF,UK,Military Camp
16428,51.733333,-1.983333,Dressel 20,Cirencester,MAVRI,UK,Military Camp
16452,51.733333,-1.983333,Dressel 20,Cirencester,ANAR,UK,Military Camp
16455,51.733333,-1.983333,Dressel 20,Cirencester,QNDFAB,UK,Military Camp
16478,51.733333,-1.983333,Dressel 20,Cirencester,PNN,UK,Military Camp
16517,51.733333,-1.983333,Dressel 20,Cirencester,PNS,UK,Military Camp
16548,51.733333,-1.983333,Dressel 20,Cirencester,DOMS,UK,Military Camp
16567,51.733333,-1.983333,Dressel 20,Cirencester,POROPHI,UK,Military Camp
16590,51.733333,-1.983333,Dressel 20,Cirencester,CPCAMO,UK,Military Camp
16638,51.733333,-1.983333,Dressel 20,Cirencester,LQA,UK,Military Camp
16641,51.733333,-1.983333,Dressel 20,Cirencester,MQFF,UK,Military Camp
16648,51.733333,-1.983333,Dressel 20,Cirencester,PQFF,UK,Military Camp
16651,51.733333,-1.983333,Dressel 20,Cirencester,LQS,UK,Military Camp
16692,51.733333,-1.983333,Dressel 20,Cirencester,LRPHCON,UK,Military Camp
16702,51.733333,-1.983333,Dressel 20,Cirencester,ROMANI,UK,Military Camp
16707,51.733333,-1.983333,Dressel 20,Cirencester,ROMANIPALMA,UK,Military Camp
16720,51.733333,-1.983333,Dressel 20,Cirencester,RVFATITAE,UK,Military Camp
16806,51.733333,-1.983333,Dressel 20,Cirencester,LSEP,UK,Military Camp
16836,51.733333,-1.983333,Dressel 20,Cirencester,SATVRNINI,UK,Military Camp
16837,51.733333,-1.983333,Dressel 20,Cirencester,SATVRNINI,UK,Military Camp
16859,51.733333,-1.983333,Dressel 20,Cirencester,SAXOFERREO,UK,Military Camp
16860,51.733333,-1.983333,Dressel 20,Cirencester,SAXOFERRO,UK,Military Camp
16862,51.733333,-1.983333,Dressel 20,Cirencester,SAXOFERO,UK,Military Camp
16908,51.733333,-1.983333,Dressel 20,Cirencester,FSCIMNIA,UK,Military Camp
16919,51.733333,-1.983333,Dressel 20,Cirencester,FSCIMNIOANO,UK,Military Camp
16923,51.733333,-1.983333,Dressel 20,Cirencester,FHEDERASCIMNIANO,UK,Military Camp
16940,51.733333,-1.983333,Dressel 20,Cirencester,LSELSENCI,UK,Military Camp
16950,51.733333,-1.983333,Dressel 20,Cirencester,CSEMPOL,UK,Military Camp
17060,51.733333,-1.983333,Dressel 20,Cirencester,LVALVIT,UK,Military Camp
17092,51.733333,-1.983333,Dressel 20,Cirencester,VRCIN,UK,Military Camp
17119,51.733333,-1.983333,Dressel 20,Cirencester,CR,UK,Military Camp
17141,51.733333,-1.983333,Dressel 20,Cirencester,MS,UK,Military Camp
17153,51.733333,-1.983333,Dressel 20,Cirencester,Q,UK,Military Camp
17180,51.733333,-1.983333,Dressel 20,Cirencester,ASPHEDERA,UK,Military Camp
17218,51.733333,-1.983333,Dressel 20,Cirencester,SAT,UK,Military Camp
15433,51.883333,0.9,Dressel 20,Colchester,SALS,UK,Military Camp
15439,51.883333,0.9,Dressel 20,Colchester,LAM,UK,Military Camp
15441,51.883333,0.9,Dressel 20,Colchester,SAMIS,UK,Military Camp
15442,51.883333,0.9,Dressel 20,Colchester,SAMIS,UK,Military Camp
15452,51.883333,0.9,Dressel 20,Colchester,LAR,UK,Military Camp
15459,51.883333,0.9,Dressel 20,Colchester,PORLAR,UK,Military Camp
15472,51.883333,0.9,Dressel 20,Colchester,MAR,UK,Military Camp
15489,51.883333,0.9,Dressel 20,Colchester,ACIRGI,UK,Military Camp
15512,51.883333,0.9,Dressel 20,Colchester,ACIRG,UK,Military Camp
15516,51.883333,0.9,Dressel 20,Colchester,MAEALEX,UK,Military Camp
15530,51.883333,0.9,Dressel 20,Colchester,MAEMRVS,UK,Military Camp
15536,51.883333,0.9,Dressel 20,Colchester,LAEMILIRVST,UK,Military Camp
15537,51.883333,0.9,Dressel 20,Colchester,AFGRISSVS,UK,Military Camp
15548,51.883333,0.9,Dressel 20,Colchester,AGRICOLAE,UK,Military Camp
15561,51.883333,0.9,Dressel 20,Colchester,LANNISEC,UK,Military Camp
15564,51.883333,0.9,Dressel 20,Colchester,ANTHI,UK,Military Camp
15567,51.883333,0.9,Dressel 20,Colchester,CANTONIQVIETI,UK,Military Camp
15569,51.883333,0.9,Dressel 20,Colchester,GANTONIQVIETI,UK,Military Camp
15584,51.883333,0.9,Dressel 20,Colchester,GANTQVIETI,UK,Military Camp
15597,51.883333,0.9,Dressel 20,Colchester,CANTQVIT,UK,Military Camp
15630,51.883333,0.9,Dressel 20,Colchester,CAPF,UK,Military Camp
15636,51.883333,0.9,Dressel 20,Colchester,PARVA,UK,Military Camp
15645,51.883333,0.9,Dressel 20,Colchester,TATILASIATICI,UK,Military Camp
15651,51.883333,0.9,Dressel 20,Colchester,TAATIATICI,UK,Military Camp
15678,51.883333,0.9,Dressel 20,Colchester,IIAVRHERACLAEPATETFILBAR,UK,Military Camp
15706,51.883333,0.9,Dressel 20,Colchester,LCANT,UK,Military Camp
15713,51.883333,0.9,Dressel 20,Colchester,MCC,UK,Military Camp
15731,51.883333,0.9,Dressel 20,Colchester,QCC,UK,Military Camp
15746,51.883333,0.9,Dressel 20,Colchester,LCFPC,UK,Military Camp
15760,51.883333,0.9,Dressel 20,Colchester,PCHO,UK,Military Camp
15780,51.883333,0.9,Dressel 20,Colchester,QCR,UK,Military Camp
15793,51.883333,0.9,Dressel 20,Colchester,QCR,UK,Military Camp
15848,51.883333,0.9,Dressel 20,Colchester,IICAMILIMELISSI,UK,Military Camp
15857,51.883333,0.9,Dressel 20,Colchester,CIVNCTINCIVNCITIN,UK,Military Camp
15862,51.883333,0.9,Dressel 20,Colchester,MCLSP,UK,Military Camp
15863,51.883333,0.9,Dressel 20,Colchester,SCLC,UK,Military Camp
15884,51.883333,0.9,Dressel 20,Colchester,GRVM,UK,Military Camp
15885,51.883333,0.9,Dressel 20,Colchester,PORD,UK,Military Camp
15888,51.883333,0.9,Dressel 20,Colchester,CEC,UK,Military Camp
15908,51.883333,0.9,Dressel 20,Colchester,FIGEDOPPAEF,UK,Military Camp
15909,51.883333,0.9,Dressel 20,Colchester,FIGEDOPPAEFVSCIANI,UK,Military Camp
15947,51.883333,0.9,Dressel 20,Colchester,QFALBQFAP,UK,Military Camp
15953,51.883333,0.9,Dressel 20,Colchester,CFAV,UK,Military Camp
15970,51.883333,0.9,Dressel 20,Colchester,LFCL,UK,Military Camp
16013,51.883333,0.9,Dressel 20,Colchester,DFN,UK,Military Camp
16020,51.883333,0.9,Dressel 20,Colchester,LFS,UK,Military Camp
16022,51.883333,0.9,Dressel 20,Colchester,PORFS,UK,Military Camp
16023,51.883333,0.9,Dressel 20,Colchester,PORLFS,UK,Military Camp
16025,51.883333,0.9,Dressel 20,Colchester,PORLFS,UK,Military Camp
16026,51.883333,0.9,Dressel 20,Colchester,PORLFS,UK,Military Camp
16028,51.883333,0.9,Dressel 20,Colchester,PORLFS,UK,Military Camp
16033,51.883333,0.9,Dressel 20,Colchester,CFVA,UK,Military Camp
16037,51.883333,0.9,Dressel 20,Colchester,FELICIS,UK,Military Camp
16044,51.883333,0.9,Dressel 20,Colchester,QFRME,UK,Military Camp
16045,51.883333,0.9,Dressel 20,Colchester,FFVTI,UK,Military Camp
16051,51.883333,0.9,Dressel 20,Colchester,PHILO,UK,Military Camp
16052,51.883333,0.9,Dressel 20,Colchester,PHILO,UK,Military Camp
16057,51.883333,0.9,Dressel 20,Colchester,MHAS,UK,Military Camp
16088,51.883333,0.9,Dressel 20,Colchester,QIAFS,UK,Military Camp
16103,51.883333,0.9,Dressel 20,Colchester,ALB,UK,Military Camp
16111,51.883333,0.9,Dressel 20,Colchester,CIALB,UK,Military Camp
16128,51.883333,0.9,Dressel 20,Colchester,MIM,UK,Military Camp
16131,51.883333,0.9,Dressel 20,Colchester,MIM,UK,Military Camp
16136,51.883333,0.9,Dressel 20,Colchester,MIM,UK,Military Camp
16137,51.883333,0.9,Dressel 20,Colchester,MIM,UK,Military Camp
16164,51.883333,0.9,Dressel 20,Colchester,QIMF,UK,Military Camp
16175,51.883333,0.9,Dressel 20,Colchester,CIR,UK,Military Camp
16186,51.883333,0.9,Dressel 20,Colchester,AIS,UK,Military Camp
16190,51.883333,0.9,Dressel 20,Colchester,SISEN,UK,Military Camp
16191,51.883333,0.9,Dressel 20,Colchester,SISEN,UK,Military Camp
16192,51.883333,0.9,Dressel 20,Colchester,SI,UK,Military Camp
16240,51.883333,0.9,Dressel 20,Colchester,LIVNIMELISSI,UK,Military Camp
16249,51.883333,0.9,Dressel 20,Colchester,IIIVNIMELISSETMELISSE,UK,Military Camp
16283,51.883333,0.9,Dressel 20,Colchester,IVNIMISSIP,UK,Military Camp
16284,51.883333,0.9,Dressel 20,Colchester,LIVNIMELISSI,UK,Military Camp
16292,51.883333,0.9,Dressel 20,Colchester,ISSISEHEDERA,UK,Military Camp
16300,51.883333,0.9,Dressel 20,Colchester,IIIVNIETM,UK,Military Camp
16329,51.883333,0.9,Dressel 20,Colchester,GLPVDE,UK,Military Camp
16337,51.883333,0.9,Dressel 20,Colchester,SLTSAXFERR,UK,Military Camp
16338,51.883333,0.9,Dressel 20,Colchester,SLTSAXFERR,UK,Military Camp
16349,51.883333,0.9,Dressel 20,Colchester,QMCAL,UK,Military Camp
16431,51.883333,0.9,Dressel 20,Colchester,IIIMINICIORPALMA,UK,Military Camp
16434,51.883333,0.9,Dressel 20,Colchester,IIIMIICIOR,UK,Military Camp
16475,51.883333,0.9,Dressel 20,Colchester,PNN,UK,Military Camp
16477,51.883333,0.9,Dressel 20,Colchester,PNN,UK,Military Camp
16481,51.883333,0.9,Dressel 20,Colchester,PN,UK,Military Camp
16482,51.883333,0.9,Dressel 20,Colchester,PNNPALMA,UK,Military Camp
16485,51.883333,0.9,Dressel 20,Colchester,AVPNN,UK,Military Camp
16492,51.883333,0.9,Dressel 20,Colchester,PNN,UK,Military Camp
16493,51.883333,0.9,Dressel 20,Colchester,PNN,UK,Military Camp
16494,51.883333,0.9,Dressel 20,Colchester,PNN,UK,Military Camp
16519,51.883333,0.9,Dressel 20,Colchester,PNZI,UK,Military Camp
16556,51.883333,0.9,Dressel 20,Colchester,DOMS,UK,Military Camp
16575,51.883333,0.9,Dressel 20,Colchester,POROCODV,UK,Military Camp
16587,51.883333,0.9,Dressel 20,Colchester,CP,UK,Military Camp
16588,51.883333,0.9,Dressel 20,Colchester,LPAECPCPALMA,UK,Military Camp
16603,51.883333,0.9,Dressel 20,Colchester,LPMS,UK,Military Camp
16622,51.883333,0.9,Dressel 20,Colchester,PATERNI,UK,Military Camp
16623,51.883333,0.9,Dressel 20,Colchester,FPATERNI,UK,Military Camp
16626,51.883333,0.9,Dressel 20,Colchester,PONTIC,UK,Military Camp
16630,51.883333,0.9,Dressel 20,Colchester,POP,UK,Military Camp
16632,51.883333,0.9,Dressel 20,Colchester,POR,UK,Military Camp
16657,51.883333,0.9,Dressel 20,Colchester,LQS,UK,Military Camp
16658,51.883333,0.9,Dressel 20,Colchester,LQS,UK,Military Camp
16659,51.883333,0.9,Dressel 20,Colchester,LQS,UK,Military Camp
16675,51.883333,0.9,Dressel 20,Colchester,LQS,UK,Military Camp
16676,51.883333,0.9,Dressel 20,Colchester,QS,UK,Military Camp
16677,51.883333,0.9,Dressel 20,Colchester,PQSF,UK,Military Camp
16679,51.883333,0.9,Dressel 20,Colchester,QVINTI,UK,Military Camp
16710,51.883333,0.9,Dressel 20,Colchester,ROM,UK,Military Camp
16729,51.883333,0.9,Dressel 20,Colchester,PORPSA,UK,Military Camp
16731,51.883333,0.9,Dressel 20,Colchester,QS,UK,Military Camp
16732,51.883333,0.9,Dressel 20,Colchester,QS,UK,Military Camp
16737,51.883333,0.9,Dressel 20,Colchester,PSVITI,UK,Military Camp
16743,51.883333,0.9,Dressel 20,Colchester,PSAV,UK,Military Camp
16748,51.883333,0.9,Dressel 20,Colchester,PS,UK,Military Camp
16750,51.883333,0.9,Dressel 20,Colchester,PSAVI,UK,Military Camp
16751,51.883333,0.9,Dressel 20,Colchester,ISCALLIF,UK,Military Camp
16752,51.883333,0.9,Dressel 20,Colchester,QSD,UK,Military Camp
16782,51.883333,0.9,Dressel 20,Colchester,PYR,UK,Military Camp
16786,51.883333,0.9,Dressel 20,Colchester,QSP,UK,Military Camp
16791,51.883333,0.9,Dressel 20,Colchester,QS,UK,Military Camp
16792,51.883333,0.9,Dressel 20,Colchester,QS,UK,Military Camp
16813,51.883333,0.9,Dressel 20,Colchester,EVSANIANES,UK,Military Camp
16817,51.883333,0.9,Dressel 20,Colchester,SAENIANES,UK,Military Camp
16832,51.883333,0.9,Dressel 20,Colchester,SATVRNINI,UK,Military Camp
16833,51.883333,0.9,Dressel 20,Colchester,SATVRNINI,UK,Military Camp
16842,51.883333,0.9,Dressel 20,Colchester,SATVRNINI,UK,Military Camp
16843,51.883333,0.9,Dressel 20,Colchester,SATVRNINI,UK,Military Camp
16844,51.883333,0.9,Dressel 20,Colchester,SATVRNINI,UK,Military Camp
16846,51.883333,0.9,Dressel 20,Colchester,SATVRNI,UK,Military Camp
16848,51.883333,0.9,Dressel 20,Colchester,SATVNI,UK,Military Camp
16864,51.883333,0.9,Dressel 20,Colchester,SAXFER,UK,Military Camp
16905,51.883333,0.9,Dressel 20,Colchester,FSCIMNIANI,UK,Military Camp
16925,51.883333,0.9,Dressel 20,Colchester,FSCIMNIANO,UK,Military Camp
16941,51.883333,0.9,Dressel 20,Colchester,LSELSENC,UK,Military Camp
16945,51.883333,0.9,Dressel 20,Colchester,CSEMPOLY,UK,Military Camp
16946,51.883333,0.9,Dressel 20,Colchester,CSEMPPOLY,UK,Military Camp
16951,51.883333,0.9,Dressel 20,Colchester,CSEMPO,UK,Military Camp
16956,51.883333,0.9,Dressel 20,Colchester,CSEMPPOL,UK,Military Camp
16962,51.883333,0.9,Dressel 20,Colchester,CSEMPPO,UK,Military Camp
16963,51.883333,0.9,Dressel 20,Colchester,CSEM,UK,Military Camp
16964,51.883333,0.9,Dressel 20,Colchester,CSEM,UK,Military Camp
16965,51.883333,0.9,Dressel 20,Colchester,CSEMPO,UK,Military Camp
16966,51.883333,0.9,Dressel 20,Colchester,CSEMPO,UK,Military Camp
16967,51.883333,0.9,Dressel 20,Colchester,CSEMPOL,UK,Military Camp
16968,51.883333,0.9,Dressel 20,Colchester,CSEMPOLPCLYCL,UK,Military Camp
16969,51.883333,0.9,Dressel 20,Colchester,CSEMPOLYCL,UK,Military Camp
16970,51.883333,0.9,Dressel 20,Colchester,POLYL,UK,Military Camp
16975,51.883333,0.9,Dressel 20,Colchester,CSEMPOL,UK,Military Camp
16978,51.883333,0.9,Dressel 20,Colchester,SER,UK,Military Camp
16998,51.883333,0.9,Dressel 20,Colchester,SVR,UK,Military Camp
17014,51.883333,0.9,Dressel 20,Colchester,LVAPALMA,UK,Military Camp
17030,51.883333,0.9,Dressel 20,Colchester,QVLELIANIANI,UK,Military Camp
17041,51.883333,0.9,Dressel 20,Colchester,CVVA,UK,Military Camp
17066,51.883333,0.9,Dressel 20,Colchester,LVARIONIS,UK,Military Camp
17135,51.883333,0.9,Dressel 20,Colchester,M,UK,Military Camp
20476,51.883333,0.9,Dressel 20,Colchester,GAF,UK,Military Camp
20657,51.883333,0.9,Dressel 20,Colchester,LFAXATI,UK,Military Camp
20732,51.883333,0.9,Dressel 20,Colchester,SCL,UK,Military Camp
25428,51.883333,0.9,Dressel 20,Colchester,PSAVITI,UK,Military Camp
25439,51.883333,0.9,Dressel 20,Colchester,SISEN,UK,Military Camp
25449,51.883333,0.9,Dressel 20,Colchester,TERTI,UK,Military Camp
28104,51.883333,0.9,Dressel 20,Colchester,LQSF,UK,Military Camp
29365,51.883333,0.9,Dressel 20,Colchester,LFS,UK,Military Camp
15397,54.966667,-2.016667,Dressel 20,Corbridge,CAPF,UK,Military Camp
15398,54.966667,-2.016667,Dressel 20,Corbridge,GAF,UK,Military Camp
15399,54.966667,-2.016667,Dressel 20,Corbridge,CAFEM,UK,Military Camp
15402,54.966667,-2.016667,Dressel 20,Corbridge,LAF,UK,Military Camp
15432,54.966667,-2.016667,Dressel 20,Corbridge,SALS,UK,Military Camp
15440,54.966667,-2.016667,Dressel 20,Corbridge,MAMMAS,UK,Military Camp
15444,54.966667,-2.016667,Dressel 20,Corbridge,TFAMV,UK,Military Camp
15448,54.966667,-2.016667,Dressel 20,Corbridge,DAP,UK,Military Camp
15475,54.966667,-2.016667,Dressel 20,Corbridge,PAR,UK,Military Camp
15490,54.966667,-2.016667,Dressel 20,Corbridge,ACIRGIFACIRCIPALMA,UK,Military Camp
15491,54.966667,-2.016667,Dressel 20,Corbridge,ACIRGI,UK,Military Camp
15492,54.966667,-2.016667,Dressel 20,Corbridge,ACIRGIPALMA,UK,Military Camp
15493,54.966667,-2.016667,Dressel 20,Corbridge,ACIRGI,UK,Military Camp
15494,54.966667,-2.016667,Dressel 20,Corbridge,ACIRGI,UK,Military Camp
15508,54.966667,-2.016667,Dressel 20,Corbridge,ACIRGI,UK,Military Camp
15509,54.966667,-2.016667,Dressel 20,Corbridge,ACIRGI,UK,Military Camp
15550,54.966667,-2.016667,Dressel 20,Corbridge,ALBMFNARCACIRC,UK,Military Camp
15627,54.966667,-2.016667,Dressel 20,Corbridge,CAPF,UK,Military Camp
15628,54.966667,-2.016667,Dressel 20,Corbridge,CAPF,UK,Military Camp
15680,54.966667,-2.016667,Dressel 20,Corbridge,IIAVRHERACLAEPATETFILFBAR,UK,Military Camp
15715,54.966667,-2.016667,Dressel 20,Corbridge,MCC,UK,Military Camp
15721,54.966667,-2.016667,Dressel 20,Corbridge,QCCL,UK,Military Camp
15740,54.966667,-2.016667,Dressel 20,Corbridge,LCFPC,UK,Military Camp
15745,54.966667,-2.016667,Dressel 20,Corbridge,LCFPC,UK,Military Camp
15762,54.966667,-2.016667,Dressel 20,Corbridge,PCICELI,UK,Military Camp
15766,54.966667,-2.016667,Dressel 20,Corbridge,LCM,UK,Military Camp
15773,54.966667,-2.016667,Dressel 20,Corbridge,QCM,UK,Military Camp
15779,54.966667,-2.016667,Dressel 20,Corbridge,LCQ,UK,Military Camp
15822,54.966667,-2.016667,Dressel 20,Corbridge,MMCSVR,UK,Military Camp
15825,54.966667,-2.016667,Dressel 20,Corbridge,MCSR,UK,Military Camp
15829,54.966667,-2.016667,Dressel 20,Corbridge,MCSR,UK,Military Camp
15836,54.966667,-2.016667,Dressel 20,Corbridge,CALHEDERALISIVSF,UK,Military Camp
15894,54.966667,-2.016667,Dressel 20,Corbridge,DEF,UK,Military Camp
15903,54.966667,-2.016667,Dressel 20,Corbridge,SEMETPPI,UK,Military Camp
15919,54.966667,-2.016667,Dressel 20,Corbridge,IIIENNIIVL,UK,Military Camp
15921,54.966667,-2.016667,Dressel 20,Corbridge,IIIENNIIVLPALMA,UK,Military Camp
15922,54.966667,-2.016667,Dressel 20,Corbridge,IIIENNIIVLPALMA,UK,Military Camp
15923,54.966667,-2.016667,Dressel 20,Corbridge,IIIENNIIVLPALMA,UK,Military Camp
15933,54.966667,-2.016667,Dressel 20,Corbridge,IIIENNIIVLPALMA,UK,Military Camp
15943,54.966667,-2.016667,Dressel 20,Corbridge,EVTSTERPS,UK,Military Camp
15958,54.966667,-2.016667,Dressel 20,Corbridge,LFCCOL,UK,Military Camp
15960,54.966667,-2.016667,Dressel 20,Corbridge,LFCCVCAT,UK,Military Camp
15961,54.966667,-2.016667,Dressel 20,Corbridge,LFCCVCAT,UK,Military Camp
15962,54.966667,-2.016667,Dressel 20,Corbridge,LFCCVCAT,UK,Military Camp
15966,54.966667,-2.016667,Dressel 20,Corbridge,LFCCVFS,UK,Military Camp
15971,54.966667,-2.016667,Dressel 20,Corbridge,LFCSENTILFCSENI,UK,Military Camp
15973,54.966667,-2.016667,Dressel 20,Corbridge,LFCSENTI,UK,Military Camp
15975,54.966667,-2.016667,Dressel 20,Corbridge,AECAAFCA,UK,Military Camp
15979,54.966667,-2.016667,Dressel 20,Corbridge,MFC,UK,Military Camp
15988,54.966667,-2.016667,Dressel 20,Corbridge,SFE,UK,Military Camp
15992,54.966667,-2.016667,Dressel 20,Corbridge,SFE,UK,Military Camp
15999,54.966667,-2.016667,Dressel 20,Corbridge,SFELQS,UK,Military Camp
16005,54.966667,-2.016667,Dressel 20,Corbridge,MFF,UK,Military Camp
16007,54.966667,-2.016667,Dressel 20,Corbridge,QFF,UK,Military Camp
16029,54.966667,-2.016667,Dressel 20,Corbridge,MFS,UK,Military Camp
16062,54.966667,-2.016667,Dressel 20,Corbridge,HERMESF,UK,Military Camp
16078,54.966667,-2.016667,Dressel 20,Corbridge,DIA,UK,Military Camp
16085,54.966667,-2.016667,Dressel 20,Corbridge,QIA,UK,Military Camp
16090,54.966667,-2.016667,Dressel 20,Corbridge,QIAFS,UK,Military Camp
16106,54.966667,-2.016667,Dressel 20,Corbridge,CIALBGIALB,UK,Military Camp
16119,54.966667,-2.016667,Dressel 20,Corbridge,NICXIIII,UK,Military Camp
16173,54.966667,-2.016667,Dressel 20,Corbridge,SIP,UK,Military Camp
16189,54.966667,-2.016667,Dressel 20,Corbridge,CIS,UK,Military Camp
16197,54.966667,-2.016667,Dressel 20,Corbridge,LIT,UK,Military Camp
16199,54.966667,-2.016667,Dressel 20,Corbridge,LIT,UK,Military Camp
16200,54.966667,-2.016667,Dressel 20,Corbridge,LIT,UK,Military Camp
16202,54.966667,-2.016667,Dressel 20,Corbridge,LIT,UK,Military Camp
16213,54.966667,-2.016667,Dressel 20,Corbridge,LIT,UK,Military Camp
16214,54.966667,-2.016667,Dressel 20,Corbridge,LIT,UK,Military Camp
16232,54.966667,-2.016667,Dressel 20,Corbridge,CIVNAPNNARARVA,UK,Military Camp
16265,54.966667,-2.016667,Dressel 20,Corbridge,LIVNIMELISSIP,UK,Military Camp
16266,54.966667,-2.016667,Dressel 20,Corbridge,LIVNIMELISSIP,UK,Military Camp
16279,54.966667,-2.016667,Dressel 20,Corbridge,LIVNIMELISSIP,UK,Military Camp
16303,54.966667,-2.016667,Dressel 20,Corbridge,MLFCTL,UK,Military Camp
16310,54.966667,-2.016667,Dressel 20,Corbridge,ALFO,UK,Military Camp
16342,54.966667,-2.016667,Dressel 20,Corbridge,LICISPECFCPM,UK,Military Camp
16345,54.966667,-2.016667,Dressel 20,Corbridge,PM,UK,Military Camp
16351,54.966667,-2.016667,Dressel 20,Corbridge,QMCALIAIDIS,UK,Military Camp
16363,54.966667,-2.016667,Dressel 20,Corbridge,CMM,UK,Military Camp
16364,54.966667,-2.016667,Dressel 20,Corbridge,PMMASS,UK,Military Camp
16365,54.966667,-2.016667,Dressel 20,Corbridge,GMMF,UK,Military Camp
16366,54.966667,-2.016667,Dressel 20,Corbridge,GMMF,UK,Military Camp
16383,54.966667,-2.016667,Dressel 20,Corbridge,QMR,UK,Military Camp
16385,54.966667,-2.016667,Dressel 20,Corbridge,QMR,UK,Military Camp
16386,54.966667,-2.016667,Dressel 20,Corbridge,QMR,UK,Military Camp
16398,54.966667,-2.016667,Dressel 20,Corbridge,QMS,UK,Military Camp
16402,54.966667,-2.016667,Dressel 20,Corbridge,PMV,UK,Military Camp
16403,54.966667,-2.016667,Dressel 20,Corbridge,PMV,UK,Military Camp
16433,54.966667,-2.016667,Dressel 20,Corbridge,IIIMINICIOR,UK,Military Camp
16437,54.966667,-2.016667,Dressel 20,Corbridge,IIMINACRETCAL,UK,Military Camp
16474,54.966667,-2.016667,Dressel 20,Corbridge,PNN,UK,Military Camp
16503,54.966667,-2.016667,Dressel 20,Corbridge,SNR,UK,Military Camp
16504,54.966667,-2.016667,Dressel 20,Corbridge,SNR,UK,Military Camp
16506,54.966667,-2.016667,Dressel 20,Corbridge,SNR,UK,Military Camp
16514,54.966667,-2.016667,Dressel 20,Corbridge,SNR,UK,Military Camp
16516,54.966667,-2.016667,Dressel 20,Corbridge,MNS,UK,Military Camp
16532,54.966667,-2.016667,Dressel 20,Corbridge,DOMS,UK,Military Camp
16533,54.966667,-2.016667,Dressel 20,Corbridge,DOMS,UK,Military Camp
16534,54.966667,-2.016667,Dressel 20,Corbridge,DOMS,UK,Military Camp
16535,54.966667,-2.016667,Dressel 20,Corbridge,DOMS,UK,Military Camp
16550,54.966667,-2.016667,Dressel 20,Corbridge,DOMS,UK,Military Camp
16555,54.966667,-2.016667,Dressel 20,Corbridge,DOMS,UK,Military Camp
16606,54.966667,-2.016667,Dressel 20,Corbridge,SPP,UK,Military Camp
16643,54.966667,-2.016667,Dressel 20,Corbridge,MQFF,UK,Military Camp
16649,54.966667,-2.016667,Dressel 20,Corbridge,SQF,UK,Military Camp
16655,54.966667,-2.016667,Dressel 20,Corbridge,LQS,UK,Military Camp
16663,54.966667,-2.016667,Dressel 20,Corbridge,LQS,UK,Military Camp
16664,54.966667,-2.016667,Dressel 20,Corbridge,LHEDERAQHEDERASHEDERA,UK,Military Camp
16688,54.966667,-2.016667,Dressel 20,Corbridge,OFGRAROP,UK,Military Camp
16739,54.966667,-2.016667,Dressel 20,Corbridge,MSPPSANI,UK,Military Camp
16772,54.966667,-2.016667,Dressel 20,Corbridge,FIGLINACIRGIMSMAVRIANIFIGLINACIRGIMSMAVRIAX,UK,Military Camp
16808,54.966667,-2.016667,Dressel 20,Corbridge,LHEDERASV,UK,Military Camp
16828,54.966667,-2.016667,Dressel 20,Corbridge,QSASER,UK,Military Camp
16872,54.966667,-2.016667,Dressel 20,Corbridge,SCAL,UK,Military Camp
16875,54.966667,-2.016667,Dressel 20,Corbridge,SCA,UK,Military Camp
16903,54.966667,-2.016667,Dressel 20,Corbridge,FSCIMNIANI,UK,Military Camp
16912,54.966667,-2.016667,Dressel 20,Corbridge,FSCIMNIANO,UK,Military Camp
16926,54.966667,-2.016667,Dressel 20,Corbridge,FSCIMNIANO,UK,Military Camp
16927,54.966667,-2.016667,Dressel 20,Corbridge,FSCIMNIANO,UK,Military Camp
16928,54.966667,-2.016667,Dressel 20,Corbridge,FSCIMNIANO,UK,Military Camp
16929,54.966667,-2.016667,Dressel 20,Corbridge,FSCIMNIANO,UK,Military Camp
16930,54.966667,-2.016667,Dressel 20,Corbridge,FSCIMNIANO,UK,Military Camp
16986,54.966667,-2.016667,Dressel 20,Corbridge,SEX,UK,Military Camp
17007,54.966667,-2.016667,Dressel 20,Corbridge,CTYC,UK,Military Camp
17024,54.966667,-2.016667,Dressel 20,Corbridge,QVCVIR,UK,Military Camp
17029,54.966667,-2.016667,Dressel 20,Corbridge,LVL,UK,Military Camp
17032,54.966667,-2.016667,Dressel 20,Corbridge,SVP,UK,Military Camp
17080,54.966667,-2.016667,Dressel 20,Corbridge,VIRAV,UK,Military Camp
17082,54.966667,-2.016667,Dressel 20,Corbridge,VIRAV,UK,Military Camp
17086,54.966667,-2.016667,Dressel 20,Corbridge,VIRGINENSIA,UK,Military Camp
17087,54.966667,-2.016667,Dressel 20,Corbridge,VIRGINENSIA,UK,Military Camp
17090,54.966667,-2.016667,Dressel 20,Corbridge,VIRGINENSIA,UK,Military Camp
17094,54.966667,-2.016667,Dressel 20,Corbridge,VIRI,UK,Military Camp
17098,54.966667,-2.016667,Dressel 20,Corbridge,ISVIRG,UK,Military Camp
17182,54.966667,-2.016667,Dressel 20,Corbridge,C,UK,Military Camp
17192,54.966667,-2.016667,Dressel 20,Corbridge,FVES,UK,Military Camp
17196,54.966667,-2.016667,Dressel 20,Corbridge,OICSVPVRO,UK,Military Camp
17202,54.966667,-2.016667,Dressel 20,Corbridge,MHEDERA,UK,Military Camp
25461,54.966667,-2.016667,Dressel 20,Corbridge,VIRIII,UK,Military Camp
25462,54.966667,-2.016667,Dressel 20,Corbridge,VIRAV,UK,Military Camp
32480,54.966667,-2.016667,Dressel 20,Corbridge,LFCCVCAT,UK,Military Camp
32481,54.966667,-2.016667,Dressel 20,Corbridge,LIVNIMELISSIP,UK,Military Camp
32482,54.966667,-2.016667,Dressel 20,Corbridge,LQS,UK,Military Camp
32741,54.966667,-2.016667,Dressel 20,Corbridge,SABEL,UK,Military Camp
32742,54.966667,-2.016667,Dressel 20,Corbridge,LCAX,UK,Military Camp
32743,54.966667,-2.016667,Dressel 20,Corbridge,DECEB,UK,Military Camp
32744,54.966667,-2.016667,Dressel 20,Corbridge,EXEGYYY,UK,Military Camp
32745,54.966667,-2.016667,Dressel 20,Corbridge,GE,UK,Military Camp
32746,54.966667,-2.016667,Dressel 20,Corbridge,MESI,UK,Military Camp
32747,54.966667,-2.016667,Dressel 20,Corbridge,L,UK,Military Camp
32748,54.966667,-2.016667,Dressel 20,Corbridge,LP,UK,Military Camp
16019,50.783333,-2.033333,Dressel 20,Corfe Mullen,LFS,UK,Military Camp
15669,55.15,-3.666667,Dressel 20,Dalswinton,PATTO,UK,Military Camp
16415,50.716667,-2.433333,Dressel 20,Dorchester,PMNILISVPER,UK,Military Camp
17154,50.716667,-2.433333,Dressel 20,Dorchester,Q,UK,Military Camp
17203,50.716667,-2.433333,Dressel 20,Dorchester,M,UK,Military Camp
15900,51.664444,-3.256111,Dressel 20,Gelligaer,CEFP,UK,Military Camp
15523,51.833333,-2.25,Dressel 20,Gloucester,SAEQAR,UK,Military Camp
15905,51.833333,-2.25,Dressel 20,Gloucester,REP,UK,Military Camp
16611,51.833333,-2.25,Dressel 20,Gloucester,QPHRYXI,UK,Military Camp
16645,51.833333,-2.25,Dressel 20,Gloucester,MQFFT,UK,Military Camp
16755,51.833333,-2.25,Dressel 20,Gloucester,LSH,UK,Military Camp
15533,54.983333,-2.433333,Dressel 20,Great Chesters,MAEMRVS,UK,Military Camp
15914,54.983333,-2.433333,Dressel 20,Great Chesters,CENHISPSAE,UK,Military Camp
16540,54.966667,-2.1,Dressel 20,Hexham,DOMS,UK,Military Camp
15752,55.016667,-2.333333,Dressel 20,Housesteads,LFO,UK,Military Camp
15935,55.016667,-2.333333,Dressel 20,Housesteads,IIIENNIIVLPALMA,UK,Military Camp
16038,55.016667,-2.333333,Dressel 20,Housesteads,FELIC,UK,Military Camp
16104,55.016667,-2.333333,Dressel 20,Housesteads,B,UK,Military Camp
16193,55.016667,-2.333333,Dressel 20,Housesteads,LIT,UK,Military Camp
16267,55.016667,-2.333333,Dressel 20,Housesteads,LIVNIMELISSIP,UK,Military Camp
16367,55.016667,-2.333333,Dressel 20,Housesteads,GMMF,UK,Military Camp
16541,55.016667,-2.333333,Dressel 20,Housesteads,DOMS,UK,Military Camp
16542,55.016667,-2.333333,Dressel 20,Housesteads,DOMS,UK,Military Camp
16931,55.016667,-2.333333,Dressel 20,Housesteads,FSCIMNIANO,UK,Military Camp
15712,53.916667,-1.816667,Dressel 20,Ilkley,MCC,UK,Military Camp
15723,53.916667,-1.816667,Dressel 20,Ilkley,QCC,UK,Military Camp
15850,53.916667,-1.816667,Dressel 20,Ilkley,CAMILISILVESTRI,UK,Military Camp
15867,53.916667,-1.816667,Dressel 20,Ilkley,VGLE,UK,Military Camp
15897,53.916667,-1.816667,Dressel 20,Ilkley,CEFP,UK,Military Camp
16242,53.916667,-1.816667,Dressel 20,Ilkley,LIVNIMELISSI,UK,Military Camp
16370,53.916667,-1.816667,Dressel 20,Ilkley,MMR,UK,Military Camp
16557,53.916667,-1.816667,Dressel 20,Ilkley,DOMS,UK,Military Camp
16854,53.916667,-1.816667,Dressel 20,Ilkley,SAXOFERREO,UK,Military Camp
20675,53.916667,-1.816667,Dressel 20,Ilkley,BABPOR,UK,Military Camp
15568,54.066667,-2.833333,Dressel 20,Lancaster,CANTONIQVIETI,UK,Military Camp
16230,54.066667,-2.833333,Dressel 20,Lancaster,IVLTEREN,UK,Military Camp
15382,51.514248,-0.093145,Dressel 20,London,AAF,UK,Military Camp
15388,51.514248,-0.093145,Dressel 20,London,LACONFLACONE,UK,Military Camp
15394,51.514248,-0.093145,Dressel 20,London,GAF,UK,Military Camp
15395,51.514248,-0.093145,Dressel 20,London,GAF,UK,Military Camp
15408,51.514248,-0.093145,Dressel 20,London,QAGEMELLI,UK,Military Camp
15410,51.514248,-0.093145,Dressel 20,London,LAGER,UK,Military Camp
15413,51.514248,-0.093145,Dressel 20,London,PORTPAH,UK,Military Camp
15414,51.514248,-0.093145,Dressel 20,London,PORTPAH,UK,Military Camp
15421,51.514248,-0.093145,Dressel 20,London,PAHSCALS,UK,Military Camp
15422,51.514248,-0.093145,Dressel 20,London,PAHSCALS,UK,Military Camp
15423,51.514248,-0.093145,Dressel 20,London,PAHSCALS,UK,Military Camp
15428,51.514248,-0.093145,Dressel 20,London,LAL,UK,Military Camp
15437,51.514248,-0.093145,Dressel 20,London,CAM,UK,Military Camp
15438,51.514248,-0.093145,Dressel 20,London,CAM,UK,Military Camp
15449,51.514248,-0.093145,Dressel 20,London,LAP,UK,Military Camp
15451,51.514248,-0.093145,Dressel 20,London,AR,UK,Military Camp
15453,51.514248,-0.093145,Dressel 20,London,PORLAR,UK,Military Camp
15457,51.514248,-0.093145,Dressel 20,London,PORLAR,UK,Military Camp
15458,51.514248,-0.093145,Dressel 20,London,PORLAR,UK,Military Camp
15460,51.514248,-0.093145,Dressel 20,London,POLAR,UK,Military Camp
15464,51.514248,-0.093145,Dressel 20,London,MAR,UK,Military Camp
15466,51.514248,-0.093145,Dressel 20,London,MAR,UK,Military Camp
15467,51.514248,-0.093145,Dressel 20,London,MAR,UK,Military Camp
15470,51.514248,-0.093145,Dressel 20,London,MAR,UK,Military Camp
15474,51.514248,-0.093145,Dressel 20,London,PAR,UK,Military Camp
15479,51.514248,-0.093145,Dressel 20,London,VAS,UK,Military Camp
15495,51.514248,-0.093145,Dressel 20,London,ACIRGIPALMA,UK,Military Camp
15496,51.514248,-0.093145,Dressel 20,London,ACIRGI,UK,Military Camp
15501,51.514248,-0.093145,Dressel 20,London,ACIRGI,UK,Military Camp
15502,51.514248,-0.093145,Dressel 20,London,ACIRGIF,UK,Military Camp
15503,51.514248,-0.093145,Dressel 20,London,ACAGI,UK,Military Camp
15511,51.514248,-0.093145,Dressel 20,London,ACIRCI,UK,Military Camp
15513,51.514248,-0.093145,Dressel 20,London,QAELIMINICIANI,UK,Military Camp
15514,51.514248,-0.093145,Dressel 20,London,TAELPC,UK,Military Camp
15515,51.514248,-0.093145,Dressel 20,London,MAELALEX,UK,Military Camp
15519,51.514248,-0.093145,Dressel 20,London,MAEALEX,UK,Military Camp
15541,51.514248,-0.093145,Dressel 20,London,AGRICOLAE,UK,Military Camp
15542,51.514248,-0.093145,Dressel 20,London,AGRICOLAE,UK,Military Camp
15547,51.514248,-0.093145,Dressel 20,London,AGRICOLAE,UK,Military Camp
15553,51.514248,-0.093145,Dressel 20,London,CAMPGALOD,UK,Military Camp
15562,51.514248,-0.093145,Dressel 20,London,LCANSECLCAVSEC,UK,Military Camp
15574,51.514248,-0.093145,Dressel 20,London,CJANTQVIJ,UK,Military Camp
15587,51.514248,-0.093145,Dressel 20,London,CANTOCATO,UK,Military Camp
15589,51.514248,-0.093145,Dressel 20,London,CANTONIQVI,UK,Military Camp
15594,51.514248,-0.093145,Dressel 20,London,CANTQ,UK,Military Camp
15595,51.514248,-0.093145,Dressel 20,London,CANT,UK,Military Camp
15596,51.514248,-0.093145,Dressel 20,London,CANTONIQVIE,UK,Military Camp
15603,51.514248,-0.093145,Dressel 20,London,CANTONIQVETI,UK,Military Camp
15608,51.514248,-0.093145,Dressel 20,London,CANTONIQVIET,UK,Military Camp
15609,51.514248,-0.093145,Dressel 20,London,CANTONIQV,UK,Military Camp
15610,51.514248,-0.093145,Dressel 20,London,CANTONIQVIET,UK,Military Camp
15611,51.514248,-0.093145,Dressel 20,London,CANTQVIETI,UK,Military Camp
15612,51.514248,-0.093145,Dressel 20,London,CANTONIQV,UK,Military Camp
15613,51.514248,-0.093145,Dressel 20,London,QANTRVG,UK,Military Camp
15615,51.514248,-0.093145,Dressel 20,London,QANTIRVG,UK,Military Camp
15626,51.514248,-0.093145,Dressel 20,London,CAPF,UK,Military Camp
15629,51.514248,-0.093145,Dressel 20,London,CAPF,UK,Military Camp
15632,51.514248,-0.093145,Dressel 20,London,CAPF,UK,Military Camp
15639,51.514248,-0.093145,Dressel 20,London,PARVA,UK,Military Camp
15642,51.514248,-0.093145,Dressel 20,London,PORTARVA,UK,Military Camp
15646,51.514248,-0.093145,Dressel 20,London,TATILIASIATICI,UK,Military Camp
15647,51.514248,-0.093145,Dressel 20,London,TATILIASIATICI,UK,Military Camp
15654,51.514248,-0.093145,Dressel 20,London,ITICI,UK,Military Camp
15656,51.514248,-0.093145,Dressel 20,London,AATRV,UK,Military Camp
15658,51.514248,-0.093145,Dressel 20,London,LATRV,UK,Military Camp
15661,51.514248,-0.093145,Dressel 20,London,LATSV,UK,Military Camp
15670,51.514248,-0.093145,Dressel 20,London,ATITTAE,UK,Military Camp
15689,51.514248,-0.093145,Dressel 20,London,BAETICI,UK,Military Camp
15692,51.514248,-0.093145,Dressel 20,London,BELLIB,UK,Military Camp
15697,51.514248,-0.093145,Dressel 20,London,BELLVCI,UK,Military Camp
15699,51.514248,-0.093145,Dressel 20,London,BFIG,UK,Military Camp
15701,51.514248,-0.093145,Dressel 20,London,C,UK,Military Camp
15705,51.514248,-0.093145,Dressel 20,London,LCANTP,UK,Military Camp
15711,51.514248,-0.093145,Dressel 20,London,FCCVFIA,UK,Military Camp
15714,51.514248,-0.093145,Dressel 20,London,MCC,UK,Military Camp
15717,51.514248,-0.093145,Dressel 20,London,QC,UK,Military Camp
15719,51.514248,-0.093145,Dressel 20,London,QC,UK,Military Camp
15728,51.514248,-0.093145,Dressel 20,London,QC,UK,Military Camp
15729,51.514248,-0.093145,Dressel 20,London,QCC,UK,Military Camp
15730,51.514248,-0.093145,Dressel 20,London,PALMAQCCPALMA,UK,Military Camp
15739,51.514248,-0.093145,Dressel 20,London,QCCLEPALMA,UK,Military Camp
15744,51.514248,-0.093145,Dressel 20,London,LCFPCO,UK,Military Camp
15749,51.514248,-0.093145,Dressel 20,London,LCFPCE,UK,Military Camp
15751,51.514248,-0.093145,Dressel 20,London,LCFP,UK,Military Camp
15753,51.514248,-0.093145,Dressel 20,London,CCII,UK,Military Camp
15764,51.514248,-0.093145,Dressel 20,London,QCL,UK,Military Camp
15781,51.514248,-0.093145,Dressel 20,London,QCR,UK,Military Camp
15792,51.514248,-0.093145,Dressel 20,London,QCR,UK,Military Camp
15795,51.514248,-0.093145,Dressel 20,London,QCRVA,UK,Military Camp
15830,51.514248,-0.093145,Dressel 20,London,LCSOL,UK,Military Camp
15831,51.514248,-0.093145,Dressel 20,London,LCSOL,UK,Military Camp
15833,51.514248,-0.093145,Dressel 20,London,LCSOL,UK,Military Camp
15834,51.514248,-0.093145,Dressel 20,London,LCSOL,UK,Military Camp
15835,51.514248,-0.093145,Dressel 20,London,LCT,UK,Military Camp
15838,51.514248,-0.093145,Dressel 20,London,CALPVRNIB,UK,Military Camp
15841,51.514248,-0.093145,Dressel 20,London,CALPVRNICALPVRN,UK,Military Camp
15843,51.514248,-0.093145,Dressel 20,London,QCALMARSI,UK,Military Camp
15847,51.514248,-0.093145,Dressel 20,London,IICAMILIMELISSI,UK,Military Camp
15852,51.514248,-0.093145,Dressel 20,London,KASTELLANI,UK,Military Camp
15853,51.514248,-0.093145,Dressel 20,London,CASTELANI,UK,Military Camp
15866,51.514248,-0.093145,Dressel 20,London,SCLT,UK,Military Camp
15877,51.514248,-0.093145,Dressel 20,London,QCOCL,UK,Military Camp
15879,51.514248,-0.093145,Dressel 20,London,FCON,UK,Military Camp
15880,51.514248,-0.093145,Dressel 20,London,CCRASSISEMNI,UK,Military Camp
15881,51.514248,-0.093145,Dressel 20,London,CCRASSISEMNI,UK,Military Camp
15904,51.514248,-0.093145,Dressel 20,London,OLMEN,UK,Military Camp
15913,51.514248,-0.093145,Dressel 20,London,CENIHISPSAE,UK,Military Camp
15936,51.514248,-0.093145,Dressel 20,London,ENNIIVL,UK,Military Camp
15939,51.514248,-0.093145,Dressel 20,London,EROTIS,UK,Military Camp
15951,51.514248,-0.093145,Dressel 20,London,CFAV,UK,Military Camp
15952,51.514248,-0.093145,Dressel 20,London,CFAV,UK,Military Camp
15957,51.514248,-0.093145,Dressel 20,London,LFC,UK,Military Camp
15959,51.514248,-0.093145,Dressel 20,London,LFCCOL,UK,Military Camp
15963,51.514248,-0.093145,Dressel 20,London,LFCCVCAT,UK,Military Camp
15965,51.514248,-0.093145,Dressel 20,London,LFCCVFCN,UK,Military Camp
15976,51.514248,-0.093145,Dressel 20,London,LFCRFTCNVFIHEDERA,UK,Military Camp
16009,51.514248,-0.093145,Dressel 20,London,QFG,UK,Military Camp
16011,51.514248,-0.093145,Dressel 20,London,QFVL,UK,Military Camp
16014,51.514248,-0.093145,Dressel 20,London,MFN,UK,Military Camp
16031,51.514248,-0.093145,Dressel 20,London,CFSAII,UK,Military Camp
16032,51.514248,-0.093145,Dressel 20,London,QFV,UK,Military Camp
16034,51.514248,-0.093145,Dressel 20,London,CFVA,UK,Military Camp
16036,51.514248,-0.093145,Dressel 20,London,FAVSTINNIB,UK,Military Camp
16042,51.514248,-0.093145,Dressel 20,London,FIRMISAE,UK,Military Camp
16043,51.514248,-0.093145,Dressel 20,London,MFLAVITITVRI,UK,Military Camp
16046,51.514248,-0.093145,Dressel 20,London,GALLICI,UK,Military Camp
16048,51.514248,-0.093145,Dressel 20,London,PHILO,UK,Military Camp
16053,51.514248,-0.093145,Dressel 20,London,PHILO,UK,Military Camp
16054,51.514248,-0.093145,Dressel 20,London,PHILO,UK,Military Camp
16055,51.514248,-0.093145,Dressel 20,London,PHOEBI,UK,Military Camp
16067,51.514248,-0.093145,Dressel 20,London,HILARI,UK,Military Camp
16074,51.514248,-0.093145,Dressel 20,London,HISPSAENICORONA,UK,Military Camp
16089,51.514248,-0.093145,Dressel 20,London,QIAFS,UK,Military Camp
16097,51.514248,-0.093145,Dressel 20,London,QIAS,UK,Military Camp
16099,51.514248,-0.093145,Dressel 20,London,QIAS,UK,Military Camp
16102,51.514248,-0.093145,Dressel 20,London,GIALB,UK,Military Camp
16130,51.514248,-0.093145,Dressel 20,London,MIM,UK,Military Camp
16132,51.514248,-0.093145,Dressel 20,London,MIM,UK,Military Camp
16133,51.514248,-0.093145,Dressel 20,London,MIM,UK,Military Camp
16134,51.514248,-0.093145,Dressel 20,London,MI,UK,Military Camp
16135,51.514248,-0.093145,Dressel 20,London,MIM,UK,Military Camp
16143,51.514248,-0.093145,Dressel 20,London,MIM,UK,Military Camp
16144,51.514248,-0.093145,Dressel 20,London,MIM,UK,Military Camp
16147,51.514248,-0.093145,Dressel 20,London,MIMOPSI,UK,Military Camp
16160,51.514248,-0.093145,Dressel 20,London,QIMFN,UK,Military Camp
16163,51.514248,-0.093145,Dressel 20,London,QIMOFP,UK,Military Camp
16167,51.514248,-0.093145,Dressel 20,London,QIMFN,UK,Military Camp
16171,51.514248,-0.093145,Dressel 20,London,FIPC,UK,Military Camp
16177,51.514248,-0.093145,Dressel 20,London,CIREXOF,UK,Military Camp
16180,51.514248,-0.093145,Dressel 20,London,PIROPPIROIP,UK,Military Camp
16181,51.514248,-0.093145,Dressel 20,London,PIRP,UK,Military Camp
16182,51.514248,-0.093145,Dressel 20,London,SIR,UK,Military Camp
16184,51.514248,-0.093145,Dressel 20,London,SIREXOFANI,UK,Military Camp
16185,51.514248,-0.093145,Dressel 20,London,AIS,UK,Military Camp
16203,51.514248,-0.093145,Dressel 20,London,LIT,UK,Military Camp
16219,51.514248,-0.093145,Dressel 20,London,CIVII,UK,Military Camp
16220,51.514248,-0.093145,Dressel 20,London,CIVR,UK,Military Camp
16225,51.514248,-0.093145,Dressel 20,London,PIVLICRISPI,UK,Military Camp
16227,51.514248,-0.093145,Dressel 20,London,CIVLISVRI,UK,Military Camp
16228,51.514248,-0.093145,Dressel 20,London,CIVLI,UK,Military Camp
16231,51.514248,-0.093145,Dressel 20,London,IVLTEREN,UK,Military Camp
16244,51.514248,-0.093145,Dressel 20,London,LIVNIMELISSI,UK,Military Camp
16245,51.514248,-0.093145,Dressel 20,London,LIVNIMELISSI,UK,Military Camp
16268,51.514248,-0.093145,Dressel 20,London,LHEDERAIVNIMELISSI,UK,Military Camp
16274,51.514248,-0.093145,Dressel 20,London,LIVNIMELISSP,UK,Military Camp
16287,51.514248,-0.093145,Dressel 20,London,IIIVNIHEDERAMELISSIEMELISSEHEDERA,UK,Military Camp
16289,51.514248,-0.093145,Dressel 20,London,ELISSILISSEHEDERA,UK,Military Camp
16290,51.514248,-0.093145,Dressel 20,London,IIIVNIMELETMELI,UK,Military Camp
16291,51.514248,-0.093145,Dressel 20,London,IIIVNIMELISSIETMELISSEHEDERA,UK,Military Camp
16306,51.514248,-0.093145,Dressel 20,London,MLFIDI,UK,Military Camp
16308,51.514248,-0.093145,Dressel 20,London,ALFO,UK,Military Camp
16314,51.514248,-0.093145,Dressel 20,London,ALFO,UK,Military Camp
16326,51.514248,-0.093145,Dressel 20,London,CLPVHEDERA,UK,Military Camp
16328,51.514248,-0.093145,Dressel 20,London,CLPVHEDERA,UK,Military Camp
16333,51.514248,-0.093145,Dressel 20,London,HLQ,UK,Military Camp
16355,51.514248,-0.093145,Dressel 20,London,VM,UK,Military Camp
16358,51.514248,-0.093145,Dressel 20,London,PMFRPO,UK,Military Camp
16360,51.514248,-0.093145,Dressel 20,London,PORPMH,UK,Military Camp
16373,51.514248,-0.093145,Dressel 20,London,PMR,UK,Military Camp
16374,51.514248,-0.093145,Dressel 20,London,QMR,UK,Military Camp
16387,51.514248,-0.093145,Dressel 20,London,QMR,UK,Military Camp
16391,51.514248,-0.093145,Dressel 20,London,QMR,UK,Military Camp
16392,51.514248,-0.093145,Dressel 20,London,QMR,UK,Military Camp
16400,51.514248,-0.093145,Dressel 20,London,QMS,UK,Military Camp
16401,51.514248,-0.093145,Dressel 20,London,PALMAGMTPALMA,UK,Military Camp
16408,51.514248,-0.093145,Dressel 20,London,LMVE,UK,Military Camp
16412,51.514248,-0.093145,Dressel 20,London,LMVE,UK,Military Camp
16414,51.514248,-0.093145,Dressel 20,London,MANIMV,UK,Military Camp
16418,51.514248,-0.093145,Dressel 20,London,PMANILISVPE,UK,Military Camp
16419,51.514248,-0.093145,Dressel 20,London,PMANILISVPE,UK,Military Camp
16420,51.514248,-0.093145,Dressel 20,London,PMANISV,UK,Military Camp
16421,51.514248,-0.093145,Dressel 20,London,PMANSV,UK,Military Camp
16425,51.514248,-0.093145,Dressel 20,London,CMARSIL,UK,Military Camp
16429,51.514248,-0.093145,Dressel 20,London,MAVRI,UK,Military Camp
16430,51.514248,-0.093145,Dressel 20,London,MVR,UK,Military Camp
16432,51.514248,-0.093145,Dressel 20,London,IIIMINICIOR,UK,Military Camp
16440,51.514248,-0.093145,Dressel 20,London,PMOCVFIGEDO,UK,Military Camp
16456,51.514248,-0.093145,Dressel 20,London,CORONAQNDPRIPALMA,UK,Military Camp
16488,51.514248,-0.093145,Dressel 20,London,N,UK,Military Camp
16489,51.514248,-0.093145,Dressel 20,London,PNN,UK,Military Camp
16490,51.514248,-0.093145,Dressel 20,London,PNN,UK,Military Camp
16491,51.514248,-0.093145,Dressel 20,London,PNN,UK,Military Camp
16496,51.514248,-0.093145,Dressel 20,London,PNNAR,UK,Military Camp
16508,51.514248,-0.093145,Dressel 20,London,SNR,UK,Military Camp
16523,51.514248,-0.093145,Dressel 20,London,NYMPH,UK,Military Camp
16525,51.514248,-0.093145,Dressel 20,London,HOFP,UK,Military Camp
16527,51.514248,-0.093145,Dressel 20,London,FOIAS,UK,Military Camp
16564,51.514248,-0.093145,Dressel 20,London,POROCODV,UK,Military Camp
16565,51.514248,-0.093145,Dressel 20,London,POROCODV,UK,Military Camp
16569,51.514248,-0.093145,Dressel 20,London,POROD,UK,Military Camp
16572,51.514248,-0.093145,Dressel 20,London,PORDV,UK,Military Camp
16579,51.514248,-0.093145,Dressel 20,London,FOP,UK,Military Camp
16580,51.514248,-0.093145,Dressel 20,London,OPTA,UK,Military Camp
16581,51.514248,-0.093145,Dressel 20,London,OPTATI,UK,Military Camp
16583,51.514248,-0.093145,Dressel 20,London,OPTATI,UK,Military Camp
16585,51.514248,-0.093145,Dressel 20,London,PP,UK,Military Camp
16586,51.514248,-0.093145,Dressel 20,London,APCF,UK,Military Camp
16613,51.514248,-0.093145,Dressel 20,London,PORCPR,UK,Military Camp
16616,51.514248,-0.093145,Dressel 20,London,FPS,UK,Military Camp
16619,51.514248,-0.093145,Dressel 20,London,PASSERAR,UK,Military Camp
16620,51.514248,-0.093145,Dressel 20,London,PASSERAR,UK,Military Camp
16628,51.514248,-0.093145,Dressel 20,London,PONTICI,UK,Military Camp
16629,51.514248,-0.093145,Dressel 20,London,PONTICI,UK,Military Camp
16633,51.514248,-0.093145,Dressel 20,London,PORRO,UK,Military Camp
16634,51.514248,-0.093145,Dressel 20,London,PRIM,UK,Military Camp
16639,51.514248,-0.093145,Dressel 20,London,PIQIALP,UK,Military Camp
16647,51.514248,-0.093145,Dressel 20,London,PQFF,UK,Military Camp
16656,51.514248,-0.093145,Dressel 20,London,LHEDERAQHEDERASHEDERA,UK,Military Camp
16667,51.514248,-0.093145,Dressel 20,London,LQS,UK,Military Camp
16682,51.514248,-0.093145,Dressel 20,London,NR,UK,Military Camp
16684,51.514248,-0.093145,Dressel 20,London,GRADOS,UK,Military Camp
16698,51.514248,-0.093145,Dressel 20,London,ROMANI,UK,Military Camp
16708,51.514248,-0.093145,Dressel 20,London,ROMANI,UK,Military Camp
16709,51.514248,-0.093145,Dressel 20,London,ROMA,UK,Military Camp
16713,51.514248,-0.093145,Dressel 20,London,ROMANIPALMA,UK,Military Camp
16715,51.514248,-0.093145,Dressel 20,London,ROMANIPALMA,UK,Military Camp
16719,51.514248,-0.093145,Dressel 20,London,RVFIPO,UK,Military Camp
16721,51.514248,-0.093145,Dressel 20,London,RVFINIATITAE,UK,Military Camp
16734,51.514248,-0.093145,Dressel 20,London,GSA,UK,Military Camp
16735,51.514248,-0.093145,Dressel 20,London,GSAP,UK,Military Camp
16736,51.514248,-0.093145,Dressel 20,London,PSA,UK,Military Camp
16749,51.514248,-0.093145,Dressel 20,London,PSAVI,UK,Military Camp
16764,51.514248,-0.093145,Dressel 20,London,LSLVPI,UK,Military Camp
16777,51.514248,-0.093145,Dressel 20,London,GSP,UK,Military Camp
16787,51.514248,-0.093145,Dressel 20,London,QSP,UK,Military Camp
16789,51.514248,-0.093145,Dressel 20,London,QSP,UK,Military Camp
16790,51.514248,-0.093145,Dressel 20,London,QSP,UK,Military Camp
16793,51.514248,-0.093145,Dressel 20,London,SP,UK,Military Camp
16800,51.514248,-0.093145,Dressel 20,London,RSRIMFRER,UK,Military Camp
16803,51.514248,-0.093145,Dressel 20,London,LSS,UK,Military Camp
16804,51.514248,-0.093145,Dressel 20,London,LSSEX,UK,Military Camp
16809,51.514248,-0.093145,Dressel 20,London,PORPSOPORPSC,UK,Military Camp
16812,51.514248,-0.093145,Dressel 20,London,SAENIANI,UK,Military Camp
16818,51.514248,-0.093145,Dressel 20,London,SAENIANS,UK,Military Camp
16824,51.514248,-0.093145,Dressel 20,London,ASAEN,UK,Military Camp
16825,51.514248,-0.093145,Dressel 20,London,ASAENI,UK,Military Camp
16835,51.514248,-0.093145,Dressel 20,London,SATVRNI,UK,Military Camp
16840,51.514248,-0.093145,Dressel 20,London,SAN,UK,Military Camp
16847,51.514248,-0.093145,Dressel 20,London,SATVRNI,UK,Military Camp
16863,51.514248,-0.093145,Dressel 20,London,EXOFQRF,UK,Military Camp
16867,51.514248,-0.093145,Dressel 20,London,SCALENSIA,UK,Military Camp
16880,51.514248,-0.093145,Dressel 20,London,SCALENSIAACCI,UK,Military Camp
16881,51.514248,-0.093145,Dressel 20,London,SCALENSIAACCI,UK,Military Camp
16890,51.514248,-0.093145,Dressel 20,London,FSCIMNIANO,UK,Military Camp
16935,51.514248,-0.093145,Dressel 20,London,SCOROBRES,UK,Military Camp
16939,51.514248,-0.093145,Dressel 20,London,LSERSENC,UK,Military Camp
16947,51.514248,-0.093145,Dressel 20,London,CSEMPPOLYCL,UK,Military Camp
16948,51.514248,-0.093145,Dressel 20,London,CSEMPOL,UK,Military Camp
16952,51.514248,-0.093145,Dressel 20,London,CSEMPOL,UK,Military Camp
16953,51.514248,-0.093145,Dressel 20,London,CSEMPPOL,UK,Military Camp
16954,51.514248,-0.093145,Dressel 20,London,CSEMPOL,UK,Military Camp
16959,51.514248,-0.093145,Dressel 20,London,CSEMP,UK,Military Camp
16960,51.514248,-0.093145,Dressel 20,London,CSEMPOLICLITI,UK,Military Camp
16961,51.514248,-0.093145,Dressel 20,London,CSEMPPOL,UK,Military Camp
16973,51.514248,-0.093145,Dressel 20,London,POLICLITI,UK,Military Camp
16974,51.514248,-0.093145,Dressel 20,London,POLYCLITI,UK,Military Camp
16981,51.514248,-0.093145,Dressel 20,London,SERVILILVPI,UK,Military Camp
16994,51.514248,-0.093145,Dressel 20,London,CSTERPAVLLINI,UK,Military Camp
16995,51.514248,-0.093145,Dressel 20,London,CSTERPAVLLINI,UK,Military Camp
16997,51.514248,-0.093145,Dressel 20,London,SVAVIS,UK,Military Camp
16999,51.514248,-0.093145,Dressel 20,London,SVRVS,UK,Military Camp
17001,51.514248,-0.093145,Dressel 20,London,STPR,UK,Military Camp
17002,51.514248,-0.093145,Dressel 20,London,STPR,UK,Military Camp
17010,51.514248,-0.093145,Dressel 20,London,THALLI,UK,Military Camp
17015,51.514248,-0.093145,Dressel 20,London,LVA,UK,Military Camp
17036,51.514248,-0.093145,Dressel 20,London,CVV,UK,Military Camp
17043,51.514248,-0.093145,Dressel 20,London,VALERI,UK,Military Camp
17044,51.514248,-0.093145,Dressel 20,London,LVALERROR,UK,Military Camp
17045,51.514248,-0.093145,Dressel 20,London,LVALERTER,UK,Military Camp
17048,51.514248,-0.093145,Dressel 20,London,FORTTVNATIM,UK,Military Camp
17052,51.514248,-0.093145,Dressel 20,London,LVALERITROPHIMI,UK,Military Camp
17053,51.514248,-0.093145,Dressel 20,London,LVALTROPHIMI,UK,Military Camp
17058,51.514248,-0.093145,Dressel 20,London,LVTROPHIMI,UK,Military Camp
17067,51.514248,-0.093145,Dressel 20,London,SAENIANBSVENNR,UK,Military Camp
17068,51.514248,-0.093145,Dressel 20,London,VENVSTI,UK,Military Camp
17071,51.514248,-0.093145,Dressel 20,London,LVIBR,UK,Military Camp
17077,51.514248,-0.093145,Dressel 20,London,VIBIOR,UK,Military Camp
17105,51.514248,-0.093145,Dressel 20,London,VRITILIL,UK,Military Camp
17108,51.514248,-0.093145,Dressel 20,London,AMPPLPS,UK,Military Camp
17111,51.514248,-0.093145,Dressel 20,London,C,UK,Military Camp
17112,51.514248,-0.093145,Dressel 20,London,C,UK,Military Camp
17121,51.514248,-0.093145,Dressel 20,London,DFIA,UK,Military Camp
17123,51.514248,-0.093145,Dressel 20,London,E,UK,Military Camp
17127,51.514248,-0.093145,Dressel 20,London,IHNA,UK,Military Camp
17144,51.514248,-0.093145,Dressel 20,London,PEP,UK,Military Camp
17150,51.514248,-0.093145,Dressel 20,London,PVIII,UK,Military Camp
17160,51.514248,-0.093145,Dressel 20,London,S,UK,Military Camp
17161,51.514248,-0.093145,Dressel 20,London,SA,UK,Military Camp
17163,51.514248,-0.093145,Dressel 20,London,SIALI,UK,Military Camp
17164,51.514248,-0.093145,Dressel 20,London,SIN,UK,Military Camp
17168,51.514248,-0.093145,Dressel 20,London,VFV,UK,Military Camp
20655,51.514248,-0.093145,Dressel 20,London,LASTELLAMI,UK,Military Camp
20704,51.514248,-0.093145,Dressel 20,London,QNDPRI,UK,Military Camp
20705,51.514248,-0.093145,Dressel 20,London,QSP,UK,Military Camp
28278,51.514248,-0.093145,Dressel 20,London,QNDPRI,UK,Military Camp
28313,51.514248,-0.093145,Dressel 20,London,PMANISVP,UK,Military Camp
15389,51.662222,-4.064722,Dressel 20,Loughor,GAF,UK,Military Camp
15396,51.662222,-4.064722,Dressel 20,Loughor,GAF,UK,Military Camp
15554,51.662222,-4.064722,Dressel 20,Loughor,CANNIRVFINI,UK,Military Camp
15600,51.662222,-4.064722,Dressel 20,Loughor,CANTOQVIE,UK,Military Camp
16343,51.662222,-4.064722,Dressel 20,Loughor,LSPECVLAEFCPM,UK,Military Camp
16250,54.133333,-0.8,Dressel 20,Malton,IIIVNIMELISSETMELISSE,UK,Military Camp
15604,53.5,-2.216667,Dressel 20,Manchester,ANTOCQVIIT,UK,Military Camp
16409,53.5,-2.216667,Dressel 20,Manchester,LMVE,UK,Military Camp
16680,53.5,-2.216667,Dressel 20,Manchester,QNTI,UK,Military Camp
17157,53.5,-2.216667,Dressel 20,Manchester,Q,UK,Military Camp
16195,54.7,-3.5,Dressel 20,Maryport,LIT,UK,Military Camp
15794,51.656111,-3.802222,Dressel 20,Neath,CR,UK,Military Camp
15570,53.066667,-1.216667,Dressel 20,Newstead,CANTONQ,UK,Military Camp
15755,53.066667,-1.216667,Dressel 20,Newstead,MCFRI,UK,Military Camp
15756,53.066667,-1.216667,Dressel 20,Newstead,PCFCLBE,UK,Military Camp
15774,53.066667,-1.216667,Dressel 20,Newstead,FCMA,UK,Military Camp
15820,53.066667,-1.216667,Dressel 20,Newstead,MMCSVR,UK,Military Camp
16125,53.066667,-1.216667,Dressel 20,Newstead,MIM,UK,Military Camp
16174,53.066667,-1.216667,Dressel 20,Newstead,LIQ,UK,Military Camp
16312,53.066667,-1.216667,Dressel 20,Newstead,ALFO,UK,Military Camp
16422,53.066667,-1.216667,Dressel 20,Newstead,CMARISILVANI,UK,Military Camp
16426,53.066667,-1.216667,Dressel 20,Newstead,FMA,UK,Military Camp
16441,53.066667,-1.216667,Dressel 20,Newstead,MON,UK,Military Camp
16538,53.066667,-1.216667,Dressel 20,Newstead,DOMS,UK,Military Camp
16561,53.066667,-1.216667,Dressel 20,Newstead,BOPI,UK,Military Camp
16631,53.066667,-1.216667,Dressel 20,Newstead,POR,UK,Military Camp
16668,53.066667,-1.216667,Dressel 20,Newstead,LQS,UK,Military Camp
16801,53.066667,-1.216667,Dressel 20,Newstead,FSS,UK,Military Camp
16802,53.066667,-1.216667,Dressel 20,Newstead,PORGSS,UK,Military Camp
16982,53.066667,-1.216667,Dressel 20,Newstead,SERB,UK,Military Camp
17049,53.066667,-1.216667,Dressel 20,Newstead,LVALERTER,UK,Military Camp
17142,53.066667,-1.216667,Dressel 20,Newstead,PA,UK,Military Camp
15819,55.916667,-4.45,Dressel 20,Old Kilpatrick,MMCSVR,UK,Military Camp
16449,55.916667,-4.45,Dressel 20,Old Kilpatrick,GNAEC,UK,Military Camp
16453,55.916667,-4.45,Dressel 20,Old Kilpatrick,GNA,UK,Military Camp
16522,55.916667,-4.45,Dressel 20,Old Kilpatrick,NIGEFVAR,UK,Military Camp
16779,55.916667,-4.45,Dressel 20,Old Kilpatrick,LSPBOER,UK,Military Camp
16246,54.533333,-1.683333,Dressel 20,Piercebridge,LIVNIMELISSI,UK,Military Camp
16384,54.35,-3.4,Dressel 20,Ravenglass,MR,UK,Military Camp
15446,53.8,-2.533333,Dressel 20,Ribchester,TANMAT,UK,Military Camp
15462,53.8,-2.533333,Dressel 20,Ribchester,POLAR,UK,Military Camp
15481,53.8,-2.533333,Dressel 20,Ribchester,GAVEL,UK,Military Camp
15483,53.8,-2.533333,Dressel 20,Ribchester,ACIRGIF,UK,Military Camp
15545,53.8,-2.533333,Dressel 20,Ribchester,AGRICOLAE,UK,Military Camp
15549,53.8,-2.533333,Dressel 20,Ribchester,AGRICOLAE,UK,Military Camp
15588,53.8,-2.533333,Dressel 20,Ribchester,CAN,UK,Military Camp
16093,53.8,-2.533333,Dressel 20,Ribchester,QIAFS,UK,Military Camp
16098,53.8,-2.533333,Dressel 20,Ribchester,APFS,UK,Military Camp
16166,53.8,-2.533333,Dressel 20,Ribchester,QIMFN,UK,Military Camp
16187,53.8,-2.533333,Dressel 20,Ribchester,CIS,UK,Military Camp
16188,53.8,-2.533333,Dressel 20,Ribchester,CIS,UK,Military Camp
16293,53.8,-2.533333,Dressel 20,Ribchester,MELISMELISSE,UK,Military Camp
16322,53.8,-2.533333,Dressel 20,Ribchester,SLP,UK,Military Camp
17013,53.8,-2.533333,Dressel 20,Ribchester,CVA,UK,Military Camp
17019,53.8,-2.533333,Dressel 20,Ribchester,LVC,UK,Military Camp
17107,53.8,-2.533333,Dressel 20,Ribchester,AQ,UK,Military Camp
17117,53.8,-2.533333,Dressel 20,Ribchester,CA,UK,Military Camp
17204,53.8,-2.533333,Dressel 20,Ribchester,M,UK,Military Camp
15700,54.987778,-1.421389,Dressel 20,South Shields,BVR,UK,Military Camp
15878,54.987778,-1.421389,Dressel 20,South Shields,COLOBRARIA,UK,Military Camp
16113,54.987778,-1.421389,Dressel 20,South Shields,CIPALMAB,UK,Military Camp
16255,54.987778,-1.421389,Dressel 20,South Shields,LIVNIMELISSIP,UK,Military Camp
16371,54.987778,-1.421389,Dressel 20,South Shields,MMR,UK,Military Camp
16457,54.987778,-1.421389,Dressel 20,South Shields,PNI,UK,Military Camp
16609,54.987778,-1.421389,Dressel 20,South Shields,QPPHRYXI,UK,Military Camp
17026,54.987778,-1.421389,Dressel 20,South Shields,CVF,UK,Military Camp
17124,54.987778,-1.421389,Dressel 20,South Shields,FC,UK,Military Camp
17169,54.987778,-1.421389,Dressel 20,South Shields,A,UK,Military Camp
16650,54.9,-2.933333,Dressel 20,Stanwix,LQS,UK,Military Camp
15807,51.7025,-2.904167,Dressel 20,Usk,MMCS,UK,Military Camp
16636,51.7025,-2.904167,Dressel 20,Usk,PROCVLINI,UK,Military Camp
16696,51.7025,-2.904167,Dressel 20,Usk,RIVESRM,UK,Military Camp
16834,51.7025,-2.904167,Dressel 20,Usk,SATVRNINI,UK,Military Camp
15722,54.316667,-2.75,Dressel 20,Watercrook,QCC,UK,Military Camp
15782,54.316667,-2.75,Dressel 20,Watercrook,QCR,UK,Military Camp
15801,54.316667,-2.75,Dressel 20,Watercrook,MMCS,UK,Military Camp
15886,54.316667,-2.75,Dressel 20,Watercrook,QDC,UK,Military Camp
16002,54.316667,-2.75,Dressel 20,Watercrook,LFFPC,UK,Military Camp
17089,54.316667,-2.75,Dressel 20,Watercrook,VIRGINENSIA,UK,Military Camp
15405,53.966667,-1.083333,Dressel 20,York,QAGSVBVR,UK,Military Camp
15424,53.966667,-1.083333,Dressel 20,York,LAT,UK,Military Camp
15435,53.966667,-1.083333,Dressel 20,York,SALS,UK,Military Camp
15488,53.966667,-1.083333,Dressel 20,York,ACIRGI,UK,Military Camp
15500,53.966667,-1.083333,Dressel 20,York,ACIRGIPALMA,UK,Military Camp
15526,53.966667,-1.083333,Dressel 20,York,AEMEVP,UK,Military Camp
15532,53.966667,-1.083333,Dressel 20,York,MAEMRVS,UK,Military Camp
15683,53.966667,-1.083333,Dressel 20,York,ARAXIFM,UK,Military Camp
15685,53.966667,-1.083333,Dressel 20,York,AIRXIMM,UK,Military Camp
15696,53.966667,-1.083333,Dressel 20,York,BELSIL,UK,Military Camp
15707,53.966667,-1.083333,Dressel 20,York,CCCOV,UK,Military Camp
15724,53.966667,-1.083333,Dressel 20,York,QRAMUSPALMAECRAMUSPALAMAEC,UK,Military Camp
15735,53.966667,-1.083333,Dressel 20,York,QCCE,UK,Military Camp
15765,53.966667,-1.083333,Dressel 20,York,LCM,UK,Military Camp
15776,53.966667,-1.083333,Dressel 20,York,LCOC,UK,Military Camp
15851,53.966667,-1.083333,Dressel 20,York,LFCARES,UK,Military Camp
15889,53.966667,-1.083333,Dressel 20,York,VECAT,UK,Military Camp
15899,53.966667,-1.083333,Dressel 20,York,CEFP,UK,Military Camp
15907,53.966667,-1.083333,Dressel 20,York,MFS,UK,Military Camp
15927,53.966667,-1.083333,Dressel 20,York,IIIENNIVLHEDERA,UK,Military Camp
16024,53.966667,-1.083333,Dressel 20,York,PORLFS,UK,Military Camp
16070,53.966667,-1.083333,Dressel 20,York,HISPSAENI,UK,Military Camp
16075,53.966667,-1.083333,Dressel 20,York,HISPSAENICORONA,UK,Military Camp
16077,53.966667,-1.083333,Dressel 20,York,CENHISPSAE,UK,Military Camp
16101,53.966667,-1.083333,Dressel 20,York,CIALB,UK,Military Camp
16198,53.966667,-1.083333,Dressel 20,York,LIT,UK,Military Camp
16224,53.966667,-1.083333,Dressel 20,York,PIVLICRISPI,UK,Military Camp
16253,53.966667,-1.083333,Dressel 20,York,IIIVNIMELISSETMELISSE,UK,Military Camp
16259,53.966667,-1.083333,Dressel 20,York,LIVNIMELISSI,UK,Military Camp
16264,53.966667,-1.083333,Dressel 20,York,VNMELISI,UK,Military Camp
16273,53.966667,-1.083333,Dressel 20,York,LIVNMELISSI,UK,Military Camp
16299,53.966667,-1.083333,Dressel 20,York,IIIVNMELISSIETMELISSEHEDERA,UK,Military Camp
16327,53.966667,-1.083333,Dressel 20,York,CLPVHEDERA,UK,Military Camp
16346,53.966667,-1.083333,Dressel 20,York,RM,UK,Military Camp
16427,53.966667,-1.083333,Dressel 20,York,MARS,UK,Military Camp
16439,53.966667,-1.083333,Dressel 20,York,PMOCVFIGEDO,UK,Military Camp
16464,53.966667,-1.083333,Dressel 20,York,PNN,UK,Military Camp
16472,53.966667,-1.083333,Dressel 20,York,PNN,UK,Military Camp
16476,53.966667,-1.083333,Dressel 20,York,PNN,UK,Military Camp
16495,53.966667,-1.083333,Dressel 20,York,PALMAPNNARPALMA,UK,Military Camp
16501,53.966667,-1.083333,Dressel 20,York,SNR,UK,Military Camp
16686,53.966667,-1.083333,Dressel 20,York,FIGBA,UK,Military Camp
16716,53.966667,-1.083333,Dressel 20,York,ROMVLHEDERAF,UK,Military Camp
16852,53.966667,-1.083333,Dressel 20,York,SAXOFERREO,UK,Military Camp
16853,53.966667,-1.083333,Dressel 20,York,SAXOFERREO,UK,Military Camp
16855,53.966667,-1.083333,Dressel 20,York,SAXOFERREO,UK,Military Camp
16866,53.966667,-1.083333,Dressel 20,York,SAXOFER,UK,Military Camp
16895,53.966667,-1.083333,Dressel 20,York,FSCIMNIANI,UK,Military Camp
17129,53.966667,-1.083333,Dressel 20,York,ISM,UK,Military Camp
17143,53.966667,-1.083333,Dressel 20,York,PE,UK,Military Camp
17170,53.966667,-1.083333,Dressel 20,York,AA,UK,Military Camp
15638,54.083333,-1.383333,Dressel 20,Aldborough,ARVA,UK,Civil Settlement
15750,54.083333,-1.383333,Dressel 20,Aldborough,LCFPC,UK,Civil Settlement
15901,54.083333,-1.383333,Dressel 20,Aldborough,CEFPR,UK,Civil Settlement
16114,54.083333,-1.383333,Dressel 20,Aldborough,CIPALMAB,UK,Civil Settlement
16697,54.083333,-1.383333,Dressel 20,Aldborough,RIVS,UK,Civil Settlement
17035,54.083333,-1.383333,Dressel 20,Aldborough,QVS,UK,Civil Settlement
20494,54.083333,-1.383333,Dressel 20,Aldborough,LCFP,UK,Civil Settlement
15817,55.9,-4.5,Dressel 20,Bishopton,MMCSVR,UK,Civil Settlement
16357,55.9,-4.5,Dressel 20,Bishopton,MMF,UK,Civil Settlement
15940,53.183333,-0.466667,Dressel 20,Branston,EROTIS,UK,Civil Settlement
16096,51.85,-2.166667,Dressel 20,Brockworth,QIAF,UK,Civil Settlement
15504,51.61,-2.766667,Dressel 20,Caerwent,ACIR,UK,Civil Settlement
15521,51.61,-2.766667,Dressel 20,Caerwent,SAEQARR,UK,Civil Settlement
15535,51.61,-2.766667,Dressel 20,Caerwent,MAEMRVS,UK,Civil Settlement
15565,51.61,-2.766667,Dressel 20,Caerwent,CANTONIQVIETI,UK,Civil Settlement
15673,51.61,-2.766667,Dressel 20,Caerwent,LAVRGER,UK,Civil Settlement
16257,51.61,-2.766667,Dressel 20,Caerwent,IMELISSI,UK,Civil Settlement
16571,51.61,-2.766667,Dressel 20,Caerwent,OD,UK,Civil Settlement
16598,51.61,-2.766667,Dressel 20,Caerwent,APM,UK,Civil Settlement
16604,51.61,-2.766667,Dressel 20,Caerwent,LPMS,UK,Civil Settlement
16635,51.61,-2.766667,Dressel 20,Caerwent,PROCVLINI,UK,Civil Settlement
16728,51.61,-2.766667,Dressel 20,Caerwent,PORPS,UK,Civil Settlement
16769,51.61,-2.766667,Dressel 20,Caerwent,MSMACIRGI,UK,Civil Settlement
16799,51.61,-2.766667,Dressel 20,Caerwent,QSRPOR,UK,Civil Settlement
16831,51.61,-2.766667,Dressel 20,Caerwent,QSASER,UK,Civil Settlement
16845,51.61,-2.766667,Dressel 20,Caerwent,SATVRNINI,UK,Civil Settlement
16979,51.61,-2.766667,Dressel 20,Caerwent,SER,UK,Civil Settlement
16980,51.61,-2.766667,Dressel 20,Caerwent,SER,UK,Civil Settlement
17093,51.61,-2.766667,Dressel 20,Caerwent,VIRGIN,UK,Civil Settlement
15559,51.266667,1.083333,Dressel 20,Canterbury,PANRVF,UK,Civil Settlement
15987,51.266667,1.083333,Dressel 20,Canterbury,SFE,UK,Civil Settlement
16301,51.266667,1.083333,Dressel 20,Canterbury,KVFBARCOLSICETAS,UK,Civil Settlement
16302,51.266667,1.083333,Dressel 20,Canterbury,BARCOLSICETAS,UK,Civil Settlement
16531,51.266667,1.083333,Dressel 20,Canterbury,DOMS,UK,Civil Settlement
16608,51.266667,1.083333,Dressel 20,Canterbury,QPPRIX,UK,Civil Settlement
16850,51.266667,1.083333,Dressel 20,Canterbury,SAXOFERREO,UK,Civil Settlement
17106,51.266667,1.083333,Dressel 20,Canterbury,VRSI,UK,Civil Settlement
17206,51.266667,1.083333,Dressel 20,Canterbury,NFR,UK,Civil Settlement
16238,52.566667,-0.333333,Dressel 20,Castor,LIVNIMELISSI,UK,Civil Settlement
15657,51.383333,0.516667,Dressel 20,Chatham,LATRVS,UK,Civil Settlement
15485,52.25,-1.166667,Dressel 20,Daventry,ACIRGI,UK,Civil Settlement
16209,52.583333,0.383333,Dressel 20,Denver,LIT,UK,Civil Settlement
16410,53.533333,-1.116667,Dressel 20,Doncaster,LMVE,UK,Civil Settlement
16543,54.666667,-1.75,Dressel 20,Durhamshire,DOMS,UK,Civil Settlement
15406,50.7,-3.533333,Dressel 20,Exeter,QAGEMELLI,UK,Civil Settlement
15676,50.7,-3.533333,Dressel 20,Exeter,PAVR,UK,Civil Settlement
15797,50.7,-3.533333,Dressel 20,Exeter,QCRV,UK,Civil Settlement
15855,50.7,-3.533333,Dressel 20,Exeter,GEMELLI,UK,Civil Settlement
15895,50.7,-3.533333,Dressel 20,Exeter,CEFP,UK,Civil Settlement
15902,50.7,-3.533333,Dressel 20,Exeter,CEFPVEV,UK,Civil Settlement
15986,50.7,-3.533333,Dressel 20,Exeter,FC,UK,Civil Settlement
16015,50.7,-3.533333,Dressel 20,Exeter,LFO,UK,Civil Settlement
16124,50.7,-3.533333,Dressel 20,Exeter,MIM,UK,Civil Settlement
16145,50.7,-3.533333,Dressel 20,Exeter,MIM,UK,Civil Settlement
16149,50.7,-3.533333,Dressel 20,Exeter,MIMOPSI,UK,Civil Settlement
16159,50.7,-3.533333,Dressel 20,Exeter,QIM,UK,Civil Settlement
16311,50.7,-3.533333,Dressel 20,Exeter,AELFO,UK,Civil Settlement
16411,50.7,-3.533333,Dressel 20,Exeter,LMVE,UK,Civil Settlement
16563,50.7,-3.533333,Dressel 20,Exeter,POROCODV,UK,Civil Settlement
16723,50.7,-3.533333,Dressel 20,Exeter,CS,UK,Civil Settlement
16758,50.7,-3.533333,Dressel 20,Exeter,LSLP,UK,Civil Settlement
16766,50.7,-3.533333,Dressel 20,Exeter,LSERM,UK,Civil Settlement
17047,50.7,-3.533333,Dressel 20,Exeter,LVAGAL,UK,Civil Settlement
17132,50.7,-3.533333,Dressel 20,Exeter,LMIL,UK,Civil Settlement
17220,50.7,-3.533333,Dressel 20,Exeter,VA,UK,Civil Settlement
16234,52.266667,0.35,Dressel 20,Exning,LIVNIMELISSI,UK,Civil Settlement
16068,51.833333,0.933333,Dressel 20,Fingringhoe,LHIPO,UK,Civil Settlement
15844,50.833333,-0.8,Dressel 20,Fishbourne,QCALMARSI,UK,Civil Settlement
16050,50.833333,-0.8,Dressel 20,Fishbourne,PHILO,UK,Civil Settlement
16183,50.833333,-0.8,Dressel 20,Fishbourne,SIR,UK,Civil Settlement
16210,50.833333,-0.8,Dressel 20,Fishbourne,LIT,UK,Civil Settlement
16566,50.833333,-0.8,Dressel 20,Fishbourne,POOCODV,UK,Civil Settlement
16704,50.833333,-0.8,Dressel 20,Fishbourne,ROMANI,UK,Civil Settlement
16753,50.833333,-0.8,Dressel 20,Fishbourne,FAQVA,UK,Civil Settlement
15392,52.95,0.033333,Dressel 20,Fishtoft,GAF,UK,Civil Settlement
16006,54.983333,-2.566667,Dressel 20,Gilsland,QFF,UK,Civil Settlement
16063,52.316667,-0.166667,Dressel 20,Godmanchester,HERMESF,UK,Civil Settlement
16577,51.883333,0.366667,Dressel 20,Great Dunmow,ONES,UK,Civil Settlement
15688,54.033333,-0.333333,Dressel 20,Harpham,MAXIFAX,UK,Civil Settlement
15694,50.71376,-1.748246,Dressel 20,Hengistbury Head,BELLICIANAPAGALLENI,UK,Civil Settlement
16701,50.71376,-1.748246,Dressel 20,Hengistbury Head,ROMANI,UK,Civil Settlement
16985,50.71376,-1.748246,Dressel 20,Hengistbury Head,QSERVBR,UK,Civil Settlement
16996,50.71376,-1.748246,Dressel 20,Hengistbury Head,QSERVBR,UK,Civil Settlement
15734,53.066667,-2.883333,Dressel 20,Holt,QCCC,UK,Civil Settlement
15928,53.066667,-2.883333,Dressel 20,Holt,IIIENNIIVLCORONA,UK,Civil Settlement
16722,53.066667,-2.883333,Dressel 20,Holt,RRVS,UK,Civil Settlement
17125,53.066667,-2.883333,Dressel 20,Holt,GRVS,UK,Civil Settlement
15896,51.007222,-2.678333,Dressel 20,Ilchester,CEFP,UK,Civil Settlement
15915,51.007222,-2.678333,Dressel 20,Ilchester,CENISAEN,UK,Civil Settlement
16150,51.007222,-2.678333,Dressel 20,Ilchester,QIM,UK,Civil Settlement
16460,51.007222,-2.678333,Dressel 20,Ilchester,PNN,UK,Civil Settlement
16624,51.007222,-2.678333,Dressel 20,Ilchester,PERANIRENSA,UK,Civil Settlement
16693,51.833333,0.716667,Dressel 20,Kelvedon,MRRHEDERA,UK,Civil Settlement
15411,52.633333,-1.133333,Dressel 20,Leicester,LAGER,UK,Civil Settlement
15552,52.633333,-1.133333,Dressel 20,Leicester,AMETHYST,UK,Civil Settlement
15586,52.633333,-1.133333,Dressel 20,Leicester,CANTQ,UK,Civil Settlement
15607,52.633333,-1.133333,Dressel 20,Leicester,CANIVET,UK,Civil Settlement
15742,52.633333,-1.133333,Dressel 20,Leicester,LCFFC,UK,Civil Settlement
15768,52.633333,-1.133333,Dressel 20,Leicester,LCM,UK,Civil Settlement
15809,52.633333,-1.133333,Dressel 20,Leicester,MMCSAE,UK,Civil Settlement
15839,52.633333,-1.133333,Dressel 20,Leicester,CALPVR,UK,Civil Settlement
15887,52.633333,-1.133333,Dressel 20,Leicester,CEC,UK,Civil Settlement
15911,52.633333,-1.133333,Dressel 20,Leicester,CENNIHISPSAE,UK,Civil Settlement
15937,52.633333,-1.133333,Dressel 20,Leicester,IIIIEN,UK,Civil Settlement
15969,52.633333,-1.133333,Dressel 20,Leicester,LFCF,UK,Civil Settlement
16073,52.633333,-1.133333,Dressel 20,Leicester,HISPSAENICORONA,UK,Civil Settlement
16076,52.633333,-1.133333,Dressel 20,Leicester,HISPANISAEN,UK,Civil Settlement
16092,52.633333,-1.133333,Dressel 20,Leicester,QIAFS,UK,Civil Settlement
16116,52.633333,-1.133333,Dressel 20,Leicester,IB,UK,Civil Settlement
16146,52.633333,-1.133333,Dressel 20,Leicester,M,UK,Civil Settlement
16158,52.633333,-1.133333,Dressel 20,Leicester,QIM,UK,Civil Settlement
16170,52.633333,-1.133333,Dressel 20,Leicester,LIOPVSNNI,UK,Civil Settlement
16178,52.633333,-1.133333,Dressel 20,Leicester,MIRPFOR,UK,Civil Settlement
16222,52.633333,-1.133333,Dressel 20,Leicester,PIVLICRISPI,UK,Civil Settlement
16332,52.633333,-1.133333,Dressel 20,Leicester,CLPVDGLPVD,UK,Civil Settlement
16361,52.633333,-1.133333,Dressel 20,Leicester,PORPMH,UK,Civil Settlement
16394,52.633333,-1.133333,Dressel 20,Leicester,CMS,UK,Civil Settlement
16520,52.633333,-1.133333,Dressel 20,Leicester,NERVAE,UK,Civil Settlement
16558,52.633333,-1.133333,Dressel 20,Leicester,DOMS,UK,Civil Settlement
16594,52.633333,-1.133333,Dressel 20,Leicester,MPFF,UK,Civil Settlement
16602,52.633333,-1.133333,Dressel 20,Leicester,LPMS,UK,Civil Settlement
16705,52.633333,-1.133333,Dressel 20,Leicester,ROMANIPALMA,UK,Civil Settlement
16706,52.633333,-1.133333,Dressel 20,Leicester,ROMANIPALMA,UK,Civil Settlement
16724,52.633333,-1.133333,Dressel 20,Leicester,PORPS,UK,Civil Settlement
16756,52.633333,-1.133333,Dressel 20,Leicester,PORQSR,UK,Civil Settlement
16762,52.633333,-1.133333,Dressel 20,Leicester,LSLVPI,UK,Civil Settlement
16811,52.633333,-1.133333,Dressel 20,Leicester,SAENIANES,UK,Civil Settlement
16815,52.633333,-1.133333,Dressel 20,Leicester,SAENICHE,UK,Civil Settlement
17006,52.633333,-1.133333,Dressel 20,Leicester,CTYC,UK,Civil Settlement
17213,52.633333,-1.133333,Dressel 20,Leicester,QVV,UK,Civil Settlement
15387,53.233333,-0.533333,Dressel 20,Lincoln,MACCE,UK,Civil Settlement
15684,53.233333,-0.533333,Dressel 20,Lincoln,ARAXIFM,UK,Civil Settlement
15798,53.233333,-0.533333,Dressel 20,Lincoln,QCR,UK,Civil Settlement
15890,53.233333,-0.533333,Dressel 20,Lincoln,PECV,UK,Civil Settlement
15972,53.233333,-0.533333,Dressel 20,Lincoln,LFCSENT,UK,Civil Settlement
16030,53.233333,-0.533333,Dressel 20,Lincoln,MFS,UK,Civil Settlement
16139,53.233333,-0.533333,Dressel 20,Lincoln,MIM,UK,Civil Settlement
16201,53.233333,-0.533333,Dressel 20,Lincoln,LIT,UK,Civil Settlement
16243,53.233333,-0.533333,Dressel 20,Lincoln,LIVNIMELISSI,UK,Civil Settlement
16269,53.233333,-0.533333,Dressel 20,Lincoln,LIVNIMEISSIP,UK,Civil Settlement
16295,53.233333,-0.533333,Dressel 20,Lincoln,IIIVNIMETMELISSE,UK,Civil Settlement
16368,53.233333,-0.533333,Dressel 20,Lincoln,GMM,UK,Civil Settlement
16407,53.233333,-0.533333,Dressel 20,Lincoln,LMVE,UK,Civil Settlement
16416,53.233333,-0.533333,Dressel 20,Lincoln,PMANILISVPER,UK,Civil Settlement
16436,53.233333,-0.533333,Dressel 20,Lincoln,IIMINIACRETCAN,UK,Civil Settlement
16458,53.233333,-0.533333,Dressel 20,Lincoln,SNI,UK,Civil Settlement
16486,53.233333,-0.533333,Dressel 20,Lincoln,PNN,UK,Civil Settlement
16521,53.233333,-0.533333,Dressel 20,Lincoln,NEVAE,UK,Civil Settlement
16528,53.233333,-0.533333,Dressel 20,Lincoln,COL,UK,Civil Settlement
16562,53.233333,-0.533333,Dressel 20,Lincoln,POROCODV,UK,Civil Settlement
16584,53.233333,-0.533333,Dressel 20,Lincoln,LPAE,UK,Civil Settlement
16625,53.233333,-0.533333,Dressel 20,Lincoln,PONTIC,UK,Civil Settlement
16744,53.233333,-0.533333,Dressel 20,Lincoln,PSAV,UK,Civil Settlement
16773,53.233333,-0.533333,Dressel 20,Lincoln,FIGILNACIRGIMMAVRIAX,UK,Civil Settlement
16822,53.233333,-0.533333,Dressel 20,Lincoln,PSHEDERASAENI,UK,Civil Settlement
16830,53.233333,-0.533333,Dressel 20,Lincoln,QSASER,UK,Civil Settlement
16856,53.233333,-0.533333,Dressel 20,Lincoln,SAXOFERREO,UK,Civil Settlement
16918,53.233333,-0.533333,Dressel 20,Lincoln,FSCIMNIANO,UK,Civil Settlement
17128,53.233333,-0.533333,Dressel 20,Lincoln,IIV,UK,Civil Settlement
17156,53.233333,-0.533333,Dressel 20,Lincoln,Q,UK,Civil Settlement
17000,53.416667,-3,Dressel 20,Liverpool,STCA,UK,Civil Settlement
25459,51.405556,-3.482778,Dressel 20,Llantwit Major,VICTORICI,UK,Civil Settlement
15803,53.183333,-2.433333,Dressel 20,Middlewich,MMCS,UK,Civil Settlement
15859,53.183333,-2.433333,Dressel 20,Middlewich,MCLFF,UK,Civil Settlement
15876,53.183333,-2.433333,Dressel 20,Middlewich,QCOCL,UK,Civil Settlement
15672,51.416667,-1.7,Dressel 20,Mildenhall,AVGGGNNNCOLEARIFCEPA,UK,Civil Settlement
17073,53.266667,-2.5,Dressel 20,Northwich,AVIHR,UK,Civil Settlement
16891,53.116667,-0.683333,Dressel 20,Norton Disney,FSCIMNIANO,UK,Civil Settlement
16251,51.3,0.866667,Dressel 20,Ospringe,IIIVNIMELISSETMELISSE,UK,Civil Settlement
16936,53.333333,-3.416667,Dressel 20,Prestatyn,SE,UK,Civil Settlement
15622,52.95,-1.833333,Dressel 20,Rocester,LAPAE,UK,Civil Settlement
15581,51.383333,0.516667,Dressel 20,Rochester,CNVIT,UK,Civil Settlement
15620,52.116667,-0.283333,Dressel 20,Sandy,PORLATPA,UK,Civil Settlement
17050,52.366667,1.166667,Dressel 20,Scole,LVALTROPHIMI,UK,Civil Settlement
16072,51.483333,-2.65,Dressel 20,Sea Mills,HISPSAENICORONA,UK,Civil Settlement
16339,51.483333,-2.65,Dressel 20,Sea Mills,LIBE,UK,Civil Settlement
16714,51.483333,-2.65,Dressel 20,Sea Mills,ROMANIPALMA,UK,Civil Settlement
16892,51.483333,-2.65,Dressel 20,Sea Mills,FSCIMNIANO,UK,Civil Settlement
16154,50.916667,0.533333,Dressel 20,Sedlescombe,QIM,UK,Civil Settlement
16893,53.783333,-1.066667,Dressel 20,Selby,FSCIMNIANO,UK,Civil Settlement
16589,51.533333,0.8,Dressel 20,Shoeburyness,CPCHO,UK,Civil Settlement
15480,51.35,-1.066667,Dressel 20,Silchester,GAVEL,UK,Civil Settlement
15583,51.35,-1.066667,Dressel 20,Silchester,CANTQ,UK,Civil Settlement
15693,51.35,-1.066667,Dressel 20,Silchester,BELLICIANAPAGALENI,UK,Civil Settlement
15738,51.35,-1.066667,Dressel 20,Silchester,QCCLEQCCL,UK,Civil Settlement
15741,51.35,-1.066667,Dressel 20,Silchester,FGFIVSFM,UK,Civil Settlement
15747,51.35,-1.066667,Dressel 20,Silchester,LCFPC,UK,Civil Settlement
15769,51.35,-1.066667,Dressel 20,Silchester,LCM,UK,Civil Settlement
15770,51.35,-1.066667,Dressel 20,Silchester,LCM,UK,Civil Settlement
15828,51.35,-1.066667,Dressel 20,Silchester,MMCMF,UK,Civil Settlement
15893,51.35,-1.066667,Dressel 20,Silchester,DEF,UK,Civil Settlement
15898,51.35,-1.066667,Dressel 20,Silchester,CEFP,UK,Civil Settlement
15938,51.35,-1.066667,Dressel 20,Silchester,IIENNIIVL,UK,Civil Settlement
15949,51.35,-1.066667,Dressel 20,Silchester,TFAMV,UK,Civil Settlement
15994,51.35,-1.066667,Dressel 20,Silchester,SFE,UK,Civil Settlement
16058,51.35,-1.066667,Dressel 20,Silchester,PQHEHE,UK,Civil Settlement
16060,51.35,-1.066667,Dressel 20,Silchester,PQHEF,UK,Civil Settlement
16205,51.35,-1.066667,Dressel 20,Silchester,LIT,UK,Civil Settlement
16206,51.35,-1.066667,Dressel 20,Silchester,LIT,UK,Civil Settlement
16236,51.35,-1.066667,Dressel 20,Silchester,LIVNIMELISSI,UK,Civil Settlement
16270,51.35,-1.066667,Dressel 20,Silchester,LIVNIMELIS,UK,Civil Settlement
16271,51.35,-1.066667,Dressel 20,Silchester,LIVNIMELISSIP,UK,Civil Settlement
16317,51.35,-1.066667,Dressel 20,Silchester,AELFO,UK,Civil Settlement
16461,51.35,-1.066667,Dressel 20,Silchester,PNN,UK,Civil Settlement
16510,51.35,-1.066667,Dressel 20,Silchester,SNR,UK,Civil Settlement
16573,51.35,-1.066667,Dressel 20,Silchester,ODV,UK,Civil Settlement
16644,51.35,-1.066667,Dressel 20,Silchester,MQFFT,UK,Civil Settlement
16671,51.35,-1.066667,Dressel 20,Silchester,LQS,UK,Civil Settlement
16672,51.35,-1.066667,Dressel 20,Silchester,LQS,UK,Civil Settlement
16673,51.35,-1.066667,Dressel 20,Silchester,LQS,UK,Civil Settlement
16678,51.35,-1.066667,Dressel 20,Silchester,QVINTANI,UK,Civil Settlement
16746,51.35,-1.066667,Dressel 20,Silchester,PSAVITI,UK,Civil Settlement
16807,51.35,-1.066667,Dressel 20,Silchester,LSSEPT,UK,Civil Settlement
16911,51.35,-1.066667,Dressel 20,Silchester,FSCIMNIANI,UK,Civil Settlement
16913,51.35,-1.066667,Dressel 20,Silchester,FSCIMNIANO,UK,Civil Settlement
16932,51.35,-1.066667,Dressel 20,Silchester,FSCIMNIANO,UK,Civil Settlement
16991,51.35,-1.066667,Dressel 20,Silchester,SILVESTRI,UK,Civil Settlement
17063,51.35,-1.066667,Dressel 20,Silchester,LVALV,UK,Civil Settlement
17064,51.35,-1.066667,Dressel 20,Silchester,LVALVIT,UK,Civil Settlement
17074,51.35,-1.066667,Dressel 20,Silchester,ARNA,UK,Civil Settlement
17140,51.35,-1.066667,Dressel 20,Silchester,MS,UK,Civil Settlement
20458,51.35,-1.066667,Dressel 20,Silchester,ATTENIAECYTONIDIS,UK,Civil Settlement
20503,51.35,-1.066667,Dressel 20,Silchester,COLOBRARIA,UK,Civil Settlement
20590,51.35,-1.066667,Dressel 20,Silchester,MFTHRE,UK,Civil Settlement
16323,52.983333,-0.4,Dressel 20,Sleaford,MLPIG,UK,Civil Settlement
15539,50.9,-1.4,Dressel 20,Southampton,AGRICOLAE,UK,Civil Settlement
15644,50.9,-1.4,Dressel 20,Southampton,TATILIASIATICI,UK,Civil Settlement
16910,55.316667,-5.633333,Dressel 20,Southend,FSCIMNIANI,UK,Civil Settlement
16989,55.316667,-5.633333,Dressel 20,Southend,SILVESTRI,UK,Civil Settlement
15471,51.5,-0.083333,Dressel 20,Southwark,MAR,UK,Civil Settlement
15643,51.5,-0.083333,Dressel 20,Southwark,ARVASALS,UK,Civil Settlement
15686,51.5,-0.083333,Dressel 20,Southwark,ARAXIF,UK,Civil Settlement
15783,51.5,-0.083333,Dressel 20,Southwark,QCR,UK,Civil Settlement
15837,51.5,-0.083333,Dressel 20,Southwark,CALPVRNIAB,UK,Civil Settlement
15854,51.5,-0.083333,Dressel 20,Southwark,CELSI,UK,Civil Settlement
16059,51.5,-0.083333,Dressel 20,Southwark,PQHEHE,UK,Civil Settlement
16142,51.5,-0.083333,Dressel 20,Southwark,MIM,UK,Civil Settlement
16424,51.5,-0.083333,Dressel 20,Southwark,CMARSIL,UK,Civil Settlement
16944,51.5,-0.083333,Dressel 20,Southwark,CSEMPPOLYCL,UK,Civil Settlement
17016,51.5,-0.083333,Dressel 20,Southwark,LVA,UK,Civil Settlement
17062,51.5,-0.083333,Dressel 20,Southwark,LVALEVIT,UK,Civil Settlement
17177,51.5,-0.083333,Dressel 20,Southwark,ANO,UK,Civil Settlement
15861,51.433333,-0.516667,Dressel 20,Staines,MCLSH,UK,Civil Settlement
16117,52.2,-2.7,Dressel 20,Stoke Prior,QICSEG,UK,Civil Settlement
15945,51.383333,0.5,Dressel 20,Strood,TFA,UK,Civil Settlement
16196,51.283333,1.116667,Dressel 20,Sturry,LIT,UK,Civil Settlement
16882,53.366667,-0.433333,Dressel 20,Toft Newton,FSCIMNIANO,UK,Civil Settlement
17134,50.683333,-3.45,Dressel 20,Topsham,LVANLVAV,UK,Civil Settlement
17018,53.733333,-2.666667,Dressel 20,Walton le Dale,FVCRM,UK,Civil Settlement
15426,53.383333,-2.6,Dressel 20,Warrington,LAL,UK,Civil Settlement
15429,53.383333,-2.6,Dressel 20,Warrington,LA,UK,Civil Settlement
15649,53.383333,-2.6,Dressel 20,Warrington,TATIL,UK,Civil Settlement
15716,53.383333,-2.6,Dressel 20,Warrington,MC,UK,Civil Settlement
15873,53.383333,-2.6,Dressel 20,Warrington,PCI,UK,Civil Settlement
16129,53.383333,-2.6,Dressel 20,Warrington,MIM,UK,Civil Settlement
16324,53.383333,-2.6,Dressel 20,Warrington,MLPIG,UK,Civil Settlement
16340,53.383333,-2.6,Dressel 20,Warrington,LICISPECFCLICISPECFK,UK,Civil Settlement
16435,53.383333,-2.6,Dressel 20,Warrington,IIIMINICIOR,UK,Civil Settlement
16451,53.383333,-2.6,Dressel 20,Warrington,AN,UK,Civil Settlement
16597,53.383333,-2.6,Dressel 20,Warrington,APH,UK,Civil Settlement
16610,53.383333,-2.6,Dressel 20,Warrington,QPPHRY,UK,Civil Settlement
16757,53.383333,-2.6,Dressel 20,Warrington,CSL,UK,Civil Settlement
16829,53.383333,-2.6,Dressel 20,Warrington,QSASER,UK,Civil Settlement
17131,53.383333,-2.6,Dressel 20,Warrington,LLV,UK,Civil Settlement
37055,53.383333,-2.6,Dressel 20,Warrington,AIM,UK,Civil Settlement
15640,51.916667,0,Dressel 20,Westmill,PARVA,UK,Civil Settlement
16691,51.916667,0,Dressel 20,Westmill,PRA,UK,Civil Settlement
15478,51.016667,-1.316667,Dressel 20,Winchester,MASFGA,UK,Civil Settlement
15522,51.016667,-1.316667,Dressel 20,Winchester,SAEQARR,UK,Civil Settlement
15556,51.016667,-1.316667,Dressel 20,Winchester,PANRVF,UK,Civil Settlement
15875,51.016667,-1.316667,Dressel 20,Winchester,PCLOD,UK,Civil Settlement
15990,51.016667,-1.316667,Dressel 20,Winchester,SFE,UK,Civil Settlement
15991,51.016667,-1.316667,Dressel 20,Winchester,SFE,UK,Civil Settlement
16066,51.016667,-1.316667,Dressel 20,Winchester,HEV,UK,Civil Settlement
16260,51.016667,-1.316667,Dressel 20,Winchester,LIVNIMELISSIP,UK,Civil Settlement
16278,51.016667,-1.316667,Dressel 20,Winchester,MSSI,UK,Civil Settlement
16399,51.016667,-1.316667,Dressel 20,Winchester,QMS,UK,Civil Settlement
16621,51.016667,-1.316667,Dressel 20,Winchester,PASSERAR,UK,Civil Settlement
16775,51.016667,-1.316667,Dressel 20,Winchester,FIGILNACIRGIMSMAVRIAX,UK,Civil Settlement
16879,51.016667,-1.316667,Dressel 20,Winchester,SCALEMSCP,UK,Civil Settlement
16922,51.016667,-1.316667,Dressel 20,Winchester,FSCIMNIANO,UK,Civil Settlement
17126,51.016667,-1.316667,Dressel 20,Winchester,I,UK,Civil Settlement
17149,51.016667,-1.316667,Dressel 20,Winchester,PCVCC,UK,Civil Settlement
17165,51.016667,-1.316667,Dressel 20,Winchester,SO,UK,Civil Settlement
17183,51.016667,-1.316667,Dressel 20,Winchester,CCCA,UK,Civil Settlement
17186,51.016667,-1.316667,Dressel 20,Winchester,COL,UK,Civil Settlement
33309,51.016667,-1.316667,Dressel 20,Winchester,SOND,UK,Civil Settlement
15469,53.65,-0.6,Dressel 20,Winterton,MAR,UK,Civil Settlement
15517,53.65,-0.6,Dressel 20,Winterton,MAEALEX,UK,Civil Settlement
15529,53.65,-0.6,Dressel 20,Winterton,MAERVF,UK,Civil Settlement
16001,53.65,-0.6,Dressel 20,Winterton,FFC,UK,Civil Settlement
16161,51.783333,0.633333,Dressel 20,Witham,QIMFN,UK,Civil Settlement
16849,52.2,-2.2,Dressel 20,Worcester,SAXOFERREO,UK,Civil Settlement
15390,52.666667,-2.65,Dressel 20,Wroxeter,GAF,UK,Civil Settlement
15419,52.666667,-2.65,Dressel 20,Wroxeter,PORPAHCR,UK,Civil Settlement
15445,52.666667,-2.65,Dressel 20,Wroxeter,LAN,UK,Civil Settlement
15468,52.666667,-2.65,Dressel 20,Wroxeter,MAR,UK,Civil Settlement
15499,52.666667,-2.65,Dressel 20,Wroxeter,ACIRGIPALMA,UK,Civil Settlement
15560,52.666667,-2.65,Dressel 20,Wroxeter,PANRVF,UK,Civil Settlement
15618,52.666667,-2.65,Dressel 20,Wroxeter,QANTR,UK,Civil Settlement
15623,52.666667,-2.65,Dressel 20,Wroxeter,LAPAE,UK,Civil Settlement
15631,52.666667,-2.65,Dressel 20,Wroxeter,CAPF,UK,Civil Settlement
15662,52.666667,-2.65,Dressel 20,Wroxeter,PATVIC,UK,Civil Settlement
15667,52.666667,-2.65,Dressel 20,Wroxeter,DATSCOL,UK,Civil Settlement
15720,52.666667,-2.65,Dressel 20,Wroxeter,QC,UK,Civil Settlement
15737,52.666667,-2.65,Dressel 20,Wroxeter,QCCLE,UK,Civil Settlement
15790,52.666667,-2.65,Dressel 20,Wroxeter,QCR,UK,Civil Settlement
15796,52.666667,-2.65,Dressel 20,Wroxeter,QCRV,UK,Civil Settlement
15812,52.666667,-2.65,Dressel 20,Wroxeter,MMCSA,UK,Civil Settlement
15870,52.666667,-2.65,Dressel 20,Wroxeter,PCLODIICELI,UK,Civil Settlement
15891,52.666667,-2.65,Dressel 20,Wroxeter,MEEVPRO,UK,Civil Settlement
15930,52.666667,-2.65,Dressel 20,Wroxeter,IIIENNIVLHEDERA,UK,Civil Settlement
15942,52.666667,-2.65,Dressel 20,Wroxeter,EVTSTERPAVL,UK,Civil Settlement
15944,52.666667,-2.65,Dressel 20,Wroxeter,EVTYCYSF,UK,Civil Settlement
15968,52.666667,-2.65,Dressel 20,Wroxeter,LFCCVCAT,UK,Civil Settlement
15981,52.666667,-2.65,Dressel 20,Wroxeter,QFC,UK,Civil Settlement
15984,52.666667,-2.65,Dressel 20,Wroxeter,QFC,UK,Civil Settlement
15995,52.666667,-2.65,Dressel 20,Wroxeter,SFE,UK,Civil Settlement
16010,52.666667,-2.65,Dressel 20,Wroxeter,QFLVPI,UK,Civil Settlement
16049,52.666667,-2.65,Dressel 20,Wroxeter,PHILO,UK,Civil Settlement
16094,52.666667,-2.65,Dressel 20,Wroxeter,QIAL,UK,Civil Settlement
16107,52.666667,-2.65,Dressel 20,Wroxeter,CIALB,UK,Civil Settlement
16108,52.666667,-2.65,Dressel 20,Wroxeter,CIALB,UK,Civil Settlement
16110,52.666667,-2.65,Dressel 20,Wroxeter,GIALB,UK,Civil Settlement
16151,52.666667,-2.65,Dressel 20,Wroxeter,QIM,UK,Civil Settlement
16165,52.666667,-2.65,Dressel 20,Wroxeter,QIMFN,UK,Civil Settlement
16215,52.666667,-2.65,Dressel 20,Wroxeter,T,UK,Civil Settlement
16226,52.666667,-2.65,Dressel 20,Wroxeter,IVLINIGRI,UK,Civil Settlement
16247,52.666667,-2.65,Dressel 20,Wroxeter,LIVNIMELISSI,UK,Civil Settlement
16298,52.666667,-2.65,Dressel 20,Wroxeter,IIIVNIMETMEL,UK,Civil Settlement
16377,52.666667,-2.65,Dressel 20,Wroxeter,QMR,UK,Civil Settlement
16423,52.666667,-2.65,Dressel 20,Wroxeter,CMARISIL,UK,Civil Settlement
16443,52.666667,-2.65,Dressel 20,Wroxeter,IN,UK,Civil Settlement
16444,52.666667,-2.65,Dressel 20,Wroxeter,IN,UK,Civil Settlement
16446,52.666667,-2.65,Dressel 20,Wroxeter,GNAC,UK,Civil Settlement
16448,52.666667,-2.65,Dressel 20,Wroxeter,GNACOR,UK,Civil Settlement
16507,52.666667,-2.65,Dressel 20,Wroxeter,SNR,UK,Civil Settlement
16513,52.666667,-2.65,Dressel 20,Wroxeter,SNR,UK,Civil Settlement
16515,52.666667,-2.65,Dressel 20,Wroxeter,SNRVF,UK,Civil Settlement
16593,52.666667,-2.65,Dressel 20,Wroxeter,MPFFMPF,UK,Civil Settlement
16646,52.666667,-2.65,Dressel 20,Wroxeter,PQFF,UK,Civil Settlement
16652,52.666667,-2.65,Dressel 20,Wroxeter,LQS,UK,Civil Settlement
16653,52.666667,-2.65,Dressel 20,Wroxeter,LQS,UK,Civil Settlement
16665,52.666667,-2.65,Dressel 20,Wroxeter,LQS,UK,Civil Settlement
16694,52.666667,-2.65,Dressel 20,Wroxeter,RIVESRM,UK,Civil Settlement
16695,52.666667,-2.65,Dressel 20,Wroxeter,RIVESRM,UK,Civil Settlement
16718,52.666667,-2.65,Dressel 20,Wroxeter,RVFIPO,UK,Civil Settlement
16726,52.666667,-2.65,Dressel 20,Wroxeter,PORPS,UK,Civil Settlement
16745,52.666667,-2.65,Dressel 20,Wroxeter,PSAVITI,UK,Civil Settlement
16776,52.666667,-2.65,Dressel 20,Wroxeter,PSMARN,UK,Civil Settlement
16865,52.666667,-2.65,Dressel 20,Wroxeter,SAXFER,UK,Civil Settlement
16878,52.666667,-2.65,Dressel 20,Wroxeter,SCAV,UK,Civil Settlement
16934,52.666667,-2.65,Dressel 20,Wroxeter,FSCIMNIANOHEDERA,UK,Civil Settlement
16942,52.666667,-2.65,Dressel 20,Wroxeter,LSELSENC,UK,Civil Settlement
16955,52.666667,-2.65,Dressel 20,Wroxeter,CSEMPOL,UK,Civil Settlement
16957,52.666667,-2.65,Dressel 20,Wroxeter,CSEMPPOLYCLITI,UK,Civil Settlement
16958,52.666667,-2.65,Dressel 20,Wroxeter,CSEMPO,UK,Civil Settlement
16988,52.666667,-2.65,Dressel 20,Wroxeter,SILVESTRI,UK,Civil Settlement
17005,52.666667,-2.65,Dressel 20,Wroxeter,CTYC,UK,Civil Settlement
17020,52.666667,-2.65,Dressel 20,Wroxeter,LVC,UK,Civil Settlement
17039,52.666667,-2.65,Dressel 20,Wroxeter,CVVA,UK,Civil Settlement
17102,52.666667,-2.65,Dressel 20,Wroxeter,VRITTIA,UK,Civil Settlement
17130,52.666667,-2.65,Dressel 20,Wroxeter,LF,UK,Civil Settlement
17146,52.666667,-2.65,Dressel 20,Wroxeter,PO,UK,Civil Settlement
20707,52.666667,-2.65,Dressel 20,Wroxeter,QSEPSA,UK,Civil Settlement
