number,id,type,site,country,lat,long,code,family
189,11888,Dressel 20,Sevilla,Spain,37.3927558826,-5.9561129741,ACIRGI...,ACIRGI
305,12552,Ignotus,Sevilla,Spain,37.3927558826,-5.9561129741,LCA,LCA
1117,26461,Dressel 20,Sevilla,Spain,37.3927558826,-5.9561129741,IICAMILIMELISSI,CAMILIMELISSI
1118,26463,Dressel 20,Sevilla,Spain,37.3927558826,-5.9561129741,CA…,
1119,26531,Dressel 20,Sevilla,Spain,37.3927558826,-5.9561129741,DOMS,DOM
1277,28062,Dressel 20,Sevilla,Spain,37.3927558826,-5.9561129741,CAS…,
1306,29261,Dressel 20,Sevilla,Spain,37.3927558826,-5.9561129741,LFCFP,LFC
1322,29612,Dressel 20,Sevilla,Spain,37.3927558826,-5.9561129741,LVAGAL,
1323,29622,Dressel 20,Sevilla,Spain,37.3927558826,-5.9561129741,LVALEAME,LVALERIAMETISTI
53,10990,Dressel 20,Villar de Brenes,Spain,37.536615,-5.900952,VIR...,VIR...
54,10991,Dressel 20,Villar de Brenes,Spain,37.536615,-5.900952,VIR...,VIR...
55,10992,Dressel 20,Villar de Brenes,Spain,37.536615,-5.900952,VIR...,VIR...
56,10993,Dressel 20,Villar de Brenes,Spain,37.536615,-5.900952,VIR...,VIR...
57,11022,Dressel 20,Villar de Brenes,Spain,37.536615,-5.900952,PORPAHS,PAH
58,11042,Dressel 20,Villar de Brenes,Spain,37.536615,-5.900952,...CVV...,
59,11044,Dressel 20,Villar de Brenes,Spain,37.536615,-5.900952,CFSCVFM,CFSCVF
60,11045,Dressel 20,Villar de Brenes,Spain,37.536615,-5.900952,...FCVF...,
495,13441,Dressel 20,Villar de Brenes,Spain,37.536615,-5.900952,LFFV,LFFV
496,13442,Dressel 20,Villar de Brenes,Spain,37.536615,-5.900952,LFFV,LFFV
497,13445,Dressel 20,Villar de Brenes,Spain,37.536615,-5.900952,...SQFSN,
498,13446,Tegula,Villar de Brenes,Spain,37.536615,-5.900952,ALNPHILOX,
499,13447,Tegula,Villar de Brenes,Spain,37.536615,-5.900952,ALNPHILOX,
500,13448,Dressel 20,Villar de Brenes,Spain,37.536615,-5.900952,...M...,
501,13449,Dressel 20,Villar de Brenes,Spain,37.536615,-5.900952,GFS...,GFS...
502,13450,Dressel 20,Villar de Brenes,Spain,37.536615,-5.900952,...ROM...,
1309,29406,Dressel 20,Villar de Brenes,Spain,37.536615,-5.900952,HERMESF,HERMES
1318,29599,Dressel 20,Villar de Brenes,Spain,37.536615,-5.900952,QVCVIR,QVC
1319,29600,Dressel 20,Villar de Brenes,Spain,37.536615,-5.900952,QVCVIR,QVC
1325,29656,Dressel 20,Villar de Brenes,Spain,37.536615,-5.900952,VIRG,VIRG
1326,29657,Dressel 20,Villar de Brenes,Spain,37.536615,-5.900952,VIRG,VIRG
1327,29660,Dressel 20,Villar de Brenes,Spain,37.536615,-5.900952,VIRCIN,VIRGIN
1328,29661,Dressel 20,Villar de Brenes,Spain,37.536615,-5.900952,VIRI,VIRI
1329,29663,Dressel 20,Villar de Brenes,Spain,37.536615,-5.900952,VIRIII,VIRIII
1330,29664,Dressel 20,Villar de Brenes,Spain,37.536615,-5.900952,VIRIII,VIRIII
1331,29665,Dressel 20,Villar de Brenes,Spain,37.536615,-5.900952,VIRIIII,VIRIIII
1332,29666,Dressel 20,Villar de Brenes,Spain,37.536615,-5.900952,VIRAV,VIRAV
1333,29667,Dressel 20,Villar de Brenes,Spain,37.536615,-5.900952,VIRAV,VIRAV
2989,37200,Amphora incerta,Villar de Brenes,Spain,37.536615,-5.900952,MACRINVS,MACRINVS
2990,37217,Amphora incerta,Villar de Brenes,Spain,37.536615,-5.900952,PASCASIVS,PASCASIVS
589,13604,Dressel 20,Los Villares,Spain,37.587337,-5.79237,PNN,PNN
443,13135,Dressel 20,Guadajoz,Spain,37.581745,-5.669186,...ERNI,
444,13136,Dressel 20,Guadajoz,Spain,37.581745,-5.669186,...ISP...,
445,13137,Dressel 20,Guadajoz,Spain,37.581745,-5.669186,STT,STT
590,13610,Dressel 20,Guadajoz,Spain,37.581745,-5.669186,LSPBOEQ,LSPBO
591,13611,Dressel 20,Guadajoz,Spain,37.581745,-5.669186,LSPBOEQ,LSPBO
592,13612,Dressel 20,Guadajoz,Spain,37.581745,-5.669186,..STATN...,
593,13613,Dressel 20,Guadajoz,Spain,37.581745,-5.669186,...LERP,
594,13614,Dressel 20,Guadajoz,Spain,37.581745,-5.669186,LHLHE,LHLHE
440,13128,Dressel 20,Adelfa,Spain,37.583256,-5.658615,LSPBOEQ,LSPBO
441,13131,Dressel 20,Adelfa,Spain,37.583256,-5.658615,LEFPO,LEF
595,13615,Dressel 20,Adelfa,Spain,37.583256,-5.658615,LSPBOEQ,LSPBO
596,13616,Dressel 20,Adelfa,Spain,37.583256,-5.658615,LSPBOEQ,LSPBO
597,13617,Dressel 20,Adelfa,Spain,37.583256,-5.658615,LSPBOEQ,LSPBO
598,13618,Dressel 20,Adelfa,Spain,37.583256,-5.658615,LSPBQ,LSPBO
599,13619,Dressel 20,Adelfa,Spain,37.583256,-5.658615,TATILIASIATICI,TATILIASIATICI
600,13622,Dressel 20,Adelfa,Spain,37.583256,-5.658615,GM...,GM...
601,13623,Dressel 20,Adelfa,Spain,37.583256,-5.658615,ME...,
1405,33364,Dressel 20,Adelfa,Spain,37.583256,-5.658615,ACIRGIF,ACIRGI
1406,33365,Dressel 20,Adelfa,Spain,37.583256,-5.658615,LCFS,LCFPC
1407,33366,Dressel 20,Adelfa,Spain,37.583256,-5.658615,LCSPC,LCS
1408,33367,Dressel 20,Adelfa,Spain,37.583256,-5.658615,LCSPC,LCS
1409,33368,Dressel 20,Adelfa,Spain,37.583256,-5.658615,LCSPC,LCS
1410,33369,Dressel 20,Adelfa,Spain,37.583256,-5.658615,LCSPC,LCS
1411,33371,Dressel 20,Adelfa,Spain,37.583256,-5.658615,LERPC,LER
1412,33372,Dressel 20,Adelfa,Spain,37.583256,-5.658615,IIIFFBOV,
1413,33373,Dressel 20,Adelfa,Spain,37.583256,-5.658615,CFS…,CFS
1414,33374,Dressel 20,Adelfa,Spain,37.583256,-5.658615,MFX & LLFX,MFX
1415,33375,Dressel 20,Adelfa,Spain,37.583256,-5.658615,MFX & LLFX,MFX
1416,33376,Dressel 20,Adelfa,Spain,37.583256,-5.658615,GIF,GIF
1417,33377,Dressel 20,Adelfa,Spain,37.583256,-5.658615,MAS,MAS
1418,33378,Dressel 20,Adelfa,Spain,37.583256,-5.658615,MAS,MAS
1419,33379,Dressel 20,Adelfa,Spain,37.583256,-5.658615,MSFPC,MSFPC
1420,33381,Dressel 20,Adelfa,Spain,37.583256,-5.658615,LSPBOEQ,LSPBO
442,13133,Dressel 20,Juan Barba,Spain,37.585268,-5.64988,PR...I,
602,13624,Dressel 20,Juan Barba,Spain,37.585268,-5.64988,TATILIASIATICI,TATILIASIATICI
603,13625,Dressel 20,Juan Barba,Spain,37.585268,-5.64988,TATILIASIATICI,TATILIASIATICI
604,13626,Dressel 20,Juan Barba,Spain,37.585268,-5.64988,LERPC,LER
605,13627,Dressel 20,Juan Barba,Spain,37.585268,-5.64988,LERPC,LER
606,13630,Dressel 20,Juan Barba,Spain,37.585268,-5.64988,...EPSF,
422,13095,Dressel 20,El Tejarillo,Spain,37.61618,-5.644928,...PATI,
423,13098,Dressel 20,El Tejarillo,Spain,37.61618,-5.644928,MMCS,MMCS
424,13100,Dressel 20,El Tejarillo,Spain,37.61618,-5.644928,MMCSV,MMCS
425,13101,Dressel 20,El Tejarillo,Spain,37.61618,-5.644928,MMCSVR,MMCS
426,13102,Dressel 20,El Tejarillo,Spain,37.61618,-5.644928,MMCSVR,MMCS
427,13103,Dressel 20,El Tejarillo,Spain,37.61618,-5.644928,MMCSAE & MMCSAPI,MMCS
428,13106,Dressel 20,El Tejarillo,Spain,37.61618,-5.644928,...CIM...,
429,13107,Dressel 20,El Tejarillo,Spain,37.61618,-5.644928,DEF,DEF
430,13108,Dressel 20,El Tejarillo,Spain,37.61618,-5.644928,DEF,DEF
431,13109,Dressel 20,El Tejarillo,Spain,37.61618,-5.644928,PNN,PNN
432,13110,Dressel 20,El Tejarillo,Spain,37.61618,-5.644928,PNNF,PNN
433,13114,Dressel 20,El Tejarillo,Spain,37.61618,-5.644928,...CCLMM,
434,13116,Dressel 20,El Tejarillo,Spain,37.61618,-5.644928,BCCLLIMI,
435,13118,Dressel 20,El Tejarillo,Spain,37.61618,-5.644928,IICCLLIMI,IICCLLM
436,13119,Dressel 20,El Tejarillo,Spain,37.61618,-5.644928,ELIMFP,ELIMFP
437,13122,Dressel 20,El Tejarillo,Spain,37.61618,-5.644928,PHIII,
438,13123,Dressel 20,El Tejarillo,Spain,37.61618,-5.644928,NPHILO,
472,13228,Dressel 20,El Tejarillo,Spain,37.61618,-5.644928,PNN,PNN
473,13229,Dressel 20,El Tejarillo,Spain,37.61618,-5.644928,PNN,PNN
474,13230,Dressel 20,El Tejarillo,Spain,37.61618,-5.644928,PNN,PNN
475,13231,Dressel 20,El Tejarillo,Spain,37.61618,-5.644928,PNN,PNN
476,13232,Dressel 20,El Tejarillo,Spain,37.61618,-5.644928,PNN,PNN
477,13233,Dressel 20,El Tejarillo,Spain,37.61618,-5.644928,PNN,PNN
478,13234,Dressel 20,El Tejarillo,Spain,37.61618,-5.644928,CCLM...,
503,13481,Dressel 20,El Tejarillo,Spain,37.61618,-5.644928,IICCLM,IICCLLM
504,13482,Dressel 20,El Tejarillo,Spain,37.61618,-5.644928,IICCLM,IICCLLM
505,13483,Dressel 20,El Tejarillo,Spain,37.61618,-5.644928,IICCLM,IICCLLM
506,13484,Dressel 20,El Tejarillo,Spain,37.61618,-5.644928,IICCLM,IICCLLM
507,13485,Dressel 20,El Tejarillo,Spain,37.61618,-5.644928,IICCLM,IICCLLM
508,13486,Dressel 20,El Tejarillo,Spain,37.61618,-5.644928,IICCLM,IICCLLM
509,13487,Dressel 20,El Tejarillo,Spain,37.61618,-5.644928,IICCLM,IICCLLM
510,13490,Dressel 20,El Tejarillo,Spain,37.61618,-5.644928,MM,
511,13491,Dressel 20,El Tejarillo,Spain,37.61618,-5.644928,MM,
512,13492,Dressel 20,El Tejarillo,Spain,37.61618,-5.644928,PNN,PNN
513,13493,Dressel 20,El Tejarillo,Spain,37.61618,-5.644928,PNN,PNN
514,13494,Dressel 20,El Tejarillo,Spain,37.61618,-5.644928,PNN,PNN
515,13495,Dressel 20,El Tejarillo,Spain,37.61618,-5.644928,PNN,PNN
516,13496,Dressel 20,El Tejarillo,Spain,37.61618,-5.644928,PNN,PNN
517,13497,Dressel 20,El Tejarillo,Spain,37.61618,-5.644928,PNNF,PNN
518,13498,Dressel 20,El Tejarillo,Spain,37.61618,-5.644928,PNNF,PNN
519,13499,Dressel 20,El Tejarillo,Spain,37.61618,-5.644928,PNNF,PNN
520,13500,Dressel 20,El Tejarillo,Spain,37.61618,-5.644928,PNN,PNN
521,13501,Dressel 20,El Tejarillo,Spain,37.61618,-5.644928,PNN,PNN
522,13502,Dressel 20,El Tejarillo,Spain,37.61618,-5.644928,PNN,PNN
523,13503,Dressel 20,El Tejarillo,Spain,37.61618,-5.644928,PNN,PNN
524,13504,Dressel 20,El Tejarillo,Spain,37.61618,-5.644928,PNN,PNN
525,13505,Dressel 20,El Tejarillo,Spain,37.61618,-5.644928,PNN,PNN
526,13506,Dressel 20,El Tejarillo,Spain,37.61618,-5.644928,PNN,PNN
527,13507,Dressel 20,El Tejarillo,Spain,37.61618,-5.644928,PNN,PNN
528,13508,Dressel 20,El Tejarillo,Spain,37.61618,-5.644928,PNN,PNN
529,13509,Dressel 20,El Tejarillo,Spain,37.61618,-5.644928,PNN,PNN
530,13510,Dressel 20,El Tejarillo,Spain,37.61618,-5.644928,PNN,PNN
531,13511,Dressel 20,El Tejarillo,Spain,37.61618,-5.644928,PNN,PNN
532,13512,Dressel 20,El Tejarillo,Spain,37.61618,-5.644928,PNN,PNN
533,13513,Dressel 20,El Tejarillo,Spain,37.61618,-5.644928,PNN...,PNN
534,13514,Dressel 20,El Tejarillo,Spain,37.61618,-5.644928,PNN,PNN
535,13515,Dressel 20,El Tejarillo,Spain,37.61618,-5.644928,PNN,PNN
536,13516,Dressel 20,El Tejarillo,Spain,37.61618,-5.644928,PNN...,PNN
537,13517,Dressel 20,El Tejarillo,Spain,37.61618,-5.644928,PNN...,PNN
538,13518,Dressel 20,El Tejarillo,Spain,37.61618,-5.644928,PNN...,PNN
539,13519,Dressel 20,El Tejarillo,Spain,37.61618,-5.644928,PNN,PNN
540,13520,Dressel 20,El Tejarillo,Spain,37.61618,-5.644928,PNN,PNN
541,13521,Dressel 20,El Tejarillo,Spain,37.61618,-5.644928,PNN...,PNN
542,13522,Dressel 20,El Tejarillo,Spain,37.61618,-5.644928,PNN...,PNN
543,13523,Dressel 20,El Tejarillo,Spain,37.61618,-5.644928,PNN,PNN
544,13524,Dressel 20,El Tejarillo,Spain,37.61618,-5.644928,PNNF,PNN
545,13525,Dressel 20,El Tejarillo,Spain,37.61618,-5.644928,PNNF,PNN
546,13526,Dressel 20,El Tejarillo,Spain,37.61618,-5.644928,PNNF,PNN
547,13527,Dressel 20,El Tejarillo,Spain,37.61618,-5.644928,PNNF,PNN
548,13528,Dressel 20,El Tejarillo,Spain,37.61618,-5.644928,PNNF,PNN
549,13529,Dressel 20,El Tejarillo,Spain,37.61618,-5.644928,PNNF,PNN
550,13530,Dressel 20,El Tejarillo,Spain,37.61618,-5.644928,PNPHILO,PNPHI
551,13532,Dressel 20,El Tejarillo,Spain,37.61618,-5.644928,IICCLM,IICCLLM
552,13533,Dressel 20,El Tejarillo,Spain,37.61618,-5.644928,IICCLM...,IICCLLM
553,13535,Dressel 20,El Tejarillo,Spain,37.61618,-5.644928,IICCL...,IICCLLM
554,13536,Dressel 20,El Tejarillo,Spain,37.61618,-5.644928,IICCLM,IICCLLM
555,13540,Dressel 20,El Tejarillo,Spain,37.61618,-5.644928,MMCSAN,MMCS
556,13543,Dressel 20,El Tejarillo,Spain,37.61618,-5.644928,MMCSANF,MMCS
557,13544,Dressel 20,El Tejarillo,Spain,37.61618,-5.644928,MMCSAE,MMCS
558,13545,Dressel 20,El Tejarillo,Spain,37.61618,-5.644928,MMCSVR,MMCS
559,13546,Dressel 20,El Tejarillo,Spain,37.61618,-5.644928,MMCSVR,MMCS
560,13547,Dressel 20,El Tejarillo,Spain,37.61618,-5.644928,MMCSVR,MMCS
561,13548,Dressel 20,El Tejarillo,Spain,37.61618,-5.644928,MMCSVR,MMCS
562,13549,Dressel 20,El Tejarillo,Spain,37.61618,-5.644928,MMCSVR,MMCS
563,13555,Dressel 20,El Tejarillo,Spain,37.61618,-5.644928,...MCS,
564,13556,Dressel 20,El Tejarillo,Spain,37.61618,-5.644928,DFF,PNN
565,13557,Dressel 20,El Tejarillo,Spain,37.61618,-5.644928,DFF,PNN
566,13558,Dressel 20,El Tejarillo,Spain,37.61618,-5.644928,DFF,PNN
567,13559,Dressel 20,El Tejarillo,Spain,37.61618,-5.644928,DFF,PNN
568,13560,Dressel 20,El Tejarillo,Spain,37.61618,-5.644928,DFF,PNN
569,13561,Dressel 20,El Tejarillo,Spain,37.61618,-5.644928,DFF,PNN
570,13562,Dressel 20,El Tejarillo,Spain,37.61618,-5.644928,DFF,PNN
571,13563,Dressel 20,El Tejarillo,Spain,37.61618,-5.644928,DFN,DFN
572,13564,Dressel 20,El Tejarillo,Spain,37.61618,-5.644928,DFN,DFN
573,13565,Dressel 20,El Tejarillo,Spain,37.61618,-5.644928,DFN,DFN
574,13566,Dressel 20,El Tejarillo,Spain,37.61618,-5.644928,DFN,DFN
575,13567,Dressel 20,El Tejarillo,Spain,37.61618,-5.644928,ANPHILOD,
576,13568,Dressel 20,El Tejarillo,Spain,37.61618,-5.644928,PNPHI...,PNPHI
577,13569,Dolium,El Tejarillo,Spain,37.61618,-5.644928,OPTATI,OPTATI
578,13570,Dressel 20,El Tejarillo,Spain,37.61618,-5.644928,PNN,PNN
579,13571,Dressel 20,El Tejarillo,Spain,37.61618,-5.644928,PNN,PNN
580,13572,Dressel 20,El Tejarillo,Spain,37.61618,-5.644928,PNN,PNN
581,13573,Dressel 20,El Tejarillo,Spain,37.61618,-5.644928,PNN,PNN
582,13574,Dressel 20,El Tejarillo,Spain,37.61618,-5.644928,MMCSAE,MMCS
1282,28200,Dressel 20,El Tejarillo,Spain,37.61618,-5.644928,PNN,PNN
324,12794,Dressel 20,Villar Tesoro,Spain,37.588861,-5.626636,LIC...,
439,13124,Dressel 20,Villar Tesoro,Spain,37.588861,-5.626636,LMVE,LMVE
494,13269,Dressel 20,Villar Tesoro,Spain,37.588861,-5.626636,LICISPECFIIPM,LICISPE
607,13632,Dressel 20,Villar Tesoro,Spain,37.588861,-5.626636,...AFRICAN,
608,13633,Dressel 20,Villar Tesoro,Spain,37.588861,-5.626636,...AFRICAN,
609,13634,Dressel 20,Villar Tesoro,Spain,37.588861,-5.626636,...AFRICAN,
610,13636,Dressel 20,Villar Tesoro,Spain,37.588861,-5.626636,LGG,LGG
611,13654,Dressel 20,Villar Tesoro,Spain,37.588861,-5.626636,LITLFLFIVE,LIT
612,13655,Dressel 20,Villar Tesoro,Spain,37.588861,-5.626636,LITLFLFIVE,LIT
613,13656,Dressel 20,Villar Tesoro,Spain,37.588861,-5.626636,LITLFLFIVE,LIT
614,13657,Dressel 20,Villar Tesoro,Spain,37.588861,-5.626636,LITLFLFIVE,LIT
615,13658,Dressel 20,Villar Tesoro,Spain,37.588861,-5.626636,LITLFLFIVE,LIT
616,13661,Dressel 20,Villar Tesoro,Spain,37.588861,-5.626636,...VATR,
617,13662,Dressel 20,Villar Tesoro,Spain,37.588861,-5.626636,LM...,
618,13663,Dressel 20,Villar Tesoro,Spain,37.588861,-5.626636,...ENAT & ...ENTA,
619,13665,Dressel 20,Villar Tesoro,Spain,37.588861,-5.626636,LGG,LGG
620,13666,Dressel 20,Villar Tesoro,Spain,37.588861,-5.626636,LGG,LGG
621,13669,Dressel 20,Villar Tesoro,Spain,37.588861,-5.626636,LSPBOEQ,LSPBO
622,13670,Dressel 20,Villar Tesoro,Spain,37.588861,-5.626636,FONEID...IVNIOR...,FONTANI
419,13091,Dressel 20,Mejía,Spain,37.605064,-5.619801,TFANN,TFA
420,13092,Dressel 20,Mejía,Spain,37.605064,-5.619801,STA,STA
421,13094,Dressel 20,Mejía,Spain,37.605064,-5.619801,LMVE,LMVE
479,13236,Dressel 20,Mejía,Spain,37.605064,-5.619801,TFANN?,TFA
480,13237,Dressel 20,Mejía,Spain,37.605064,-5.619801,TFAN?,TFA
623,13671,Dressel 20,Mejía,Spain,37.605064,-5.619801,TFANN,TFA
624,13672,Dressel 20,Mejía,Spain,37.605064,-5.619801,STLA,STLA 
625,13673,Dressel 20,Mejía,Spain,37.605064,-5.619801,ST...,ST...
626,13674,Dressel 20,Mejía,Spain,37.605064,-5.619801,LMVE,LMVE
304,12524,Dressel 20,Tostoneras,Spain,37.612696,-5.60742,...RFP,
627,13675,Dressel 20,Tostoneras,Spain,37.612696,-5.60742,TATILIASIATICI,TATILIASIATICI
628,13677,Dressel 20,Tostoneras,Spain,37.612696,-5.60742,TATILIASIATICI,TATILIASIATICI
629,13680,Dressel 20,Tostoneras,Spain,37.612696,-5.60742,PNN,PNN
650,13934,Dressel 20,Tostoneras,Spain,37.612696,-5.60742,...REL,
303,12523,Dressel 20,Arva,Spain,37.623647,-5.604665,PNN,PNN
314,12658,Dressel 20,Arva,Spain,37.623647,-5.604665,DFN,DFN
315,12659,Dressel 20,Arva,Spain,37.623647,-5.604665,CMM,CMM
316,12660,Dressel 20,Arva,Spain,37.623647,-5.604665,CMM,CMM
370,12969,Dressel 20,Arva,Spain,37.623647,-5.604665,SALSA,SALS
371,12980,Dressel 20,Arva,Spain,37.623647,-5.604665,CANNIRVFINI,
372,12981,Dressel 20,Arva,Spain,37.623647,-5.604665,CANNIRVFINI,
373,12983,Dressel 20,Arva,Spain,37.623647,-5.604665,MNR & NNR,
374,12987,Dressel 20,Arva,Spain,37.623647,-5.604665,CICEL,PCICELI
375,12989,Dressel 20,Arva,Spain,37.623647,-5.604665,CLODICIII,
376,12991,Dressel 20,Arva,Spain,37.623647,-5.604665,CSTLACC,CSTLA
377,12992,Dressel 20,Arva,Spain,37.623647,-5.604665,STLA,STLA 
378,12995,Dressel 20,Arva,Spain,37.623647,-5.604665,STATI,STATI
379,12996,Dressel 20,Arva,Spain,37.623647,-5.604665,GST,GST
380,13000,Dressel 20,Arva,Spain,37.623647,-5.604665,GRATI,
381,13002,Dressel 20,Arva,Spain,37.623647,-5.604665,LGG,LGG
382,13003,Dressel 20,Arva,Spain,37.623647,-5.604665,LGG,LGG
383,13008,Dressel 20,Arva,Spain,37.623647,-5.604665,PNN,PNN
384,13009,Dressel 20,Arva,Spain,37.623647,-5.604665,PNN,PNN
385,13010,Dressel 20,Arva,Spain,37.623647,-5.604665,PNN,PNN
386,13011,Dressel 20,Arva,Spain,37.623647,-5.604665,PNN,PNN
387,13012,Dressel 20,Arva,Spain,37.623647,-5.604665,PNN,PNN
388,13013,Dressel 20,Arva,Spain,37.623647,-5.604665,PNN,PNN
389,13014,Dressel 20,Arva,Spain,37.623647,-5.604665,PN...,
390,13015,Dressel 20,Arva,Spain,37.623647,-5.604665,PNN,PNN
391,13016,Dressel 20,Arva,Spain,37.623647,-5.604665,PNN?,PNN
392,13017,Dressel 20,Arva,Spain,37.623647,-5.604665,PNNF,PNN
393,13018,Dressel 20,Arva,Spain,37.623647,-5.604665,PNN,PNN
394,13020,Dressel 20,Arva,Spain,37.623647,-5.604665,PNNSIS,PNN
395,13021,Dressel 20,Arva,Spain,37.623647,-5.604665,PNNSIS,PNN
396,13023,Dressel 20,Arva,Spain,37.623647,-5.604665,PNNSIS,PNN
397,13031,Dressel 20,Arva,Spain,37.623647,-5.604665,PNNF,PNN
398,13032,Dressel 20,Arva,Spain,37.623647,-5.604665,PNNF,PNN
399,13033,Dressel 20,Arva,Spain,37.623647,-5.604665,...NIII,
400,13037,Dressel 20,Arva,Spain,37.623647,-5.604665,PNN?,PNN
401,13039,Dressel 20,Arva,Spain,37.623647,-5.604665,COR...,COR
402,13041,Dressel 20,Arva,Spain,37.623647,-5.604665,MIM,MIM
403,13045,Dressel 20,Arva,Spain,37.623647,-5.604665,M...,
404,13059,Dressel 20,Arva,Spain,37.623647,-5.604665,NPM,
405,13060,Dressel 20,Arva,Spain,37.623647,-5.604665,DEF,DEF
406,13061,Dressel 20,Arva,Spain,37.623647,-5.604665,DFF,PNN
407,13062,Dressel 20,Arva,Spain,37.623647,-5.604665,DED,
408,13064,Dressel 20,Arva,Spain,37.623647,-5.604665,CM...,
409,13065,Dressel 20,Arva,Spain,37.623647,-5.604665,CN...,CN...
410,13066,Dressel 20,Arva,Spain,37.623647,-5.604665,...NFOI,
411,13070,Dressel 20,Arva,Spain,37.623647,-5.604665,AV...,
412,13071,Dressel 20,Arva,Spain,37.623647,-5.604665,POPVA,
413,13072,Dressel 20,Arva,Spain,37.623647,-5.604665,...R...,
414,13077,Dressel 20,Arva,Spain,37.623647,-5.604665,...ODV...,
415,13080,Dressel 20,Arva,Spain,37.623647,-5.604665,...TIT,
416,13081,Dressel 20,Arva,Spain,37.623647,-5.604665,OC...,
417,13084,Dressel 20,Arva,Spain,37.623647,-5.604665,...RIV...,
418,13087,Dressel 20,Arva,Spain,37.623647,-5.604665,CHR,
446,13172,Dressel 20,Arva,Spain,37.623647,-5.604665,CANNIRVFINI,
447,13173,Dressel 20,Arva,Spain,37.623647,-5.604665,CANNIRFN,
448,13174,Dressel 20,Arva,Spain,37.623647,-5.604665,CN...,CN...
449,13189,Dressel 20,Arva,Spain,37.623647,-5.604665,III,
450,13190,Dressel 20,Arva,Spain,37.623647,-5.604665,N...,
451,13191,Dressel 20,Arva,Spain,37.623647,-5.604665,N...,
452,13192,Dressel 20,Arva,Spain,37.623647,-5.604665,N...,
453,13193,Dressel 20,Arva,Spain,37.623647,-5.604665,N...,
454,13194,Dressel 20,Arva,Spain,37.623647,-5.604665,PNN,PNN
455,13195,Dressel 20,Arva,Spain,37.623647,-5.604665,AV,
456,13201,Dressel 20,Arva,Spain,37.623647,-5.604665,PNN,PNN
457,13202,Dressel 20,Arva,Spain,37.623647,-5.604665,PNN,PNN
458,13203,Dressel 20,Arva,Spain,37.623647,-5.604665,PNN,PNN
459,13205,Dressel 20,Arva,Spain,37.623647,-5.604665,SALSXX,SALS
460,13207,Dressel 20,Arva,Spain,37.623647,-5.604665,III,
461,13209,Dressel 20,Arva,Spain,37.623647,-5.604665,CCELI,
462,13210,Dressel 20,Arva,Spain,37.623647,-5.604665,PNN,PNN
463,13212,Dressel 20,Arva,Spain,37.623647,-5.604665,...DL...,
464,13213,Dressel 20,Arva,Spain,37.623647,-5.604665,PERSEV,
465,13218,Dressel 20,Arva,Spain,37.623647,-5.604665,PNN,PNN
466,13219,Dressel 20,Arva,Spain,37.623647,-5.604665,CICELI,PCICELI
467,13220,Dressel 20,Arva,Spain,37.623647,-5.604665,PNN,PNN
468,13223,Dressel 20,Arva,Spain,37.623647,-5.604665,ME...,
469,13224,Dressel 20,Arva,Spain,37.623647,-5.604665,ES...,ES...
470,13225,Dressel 20,Arva,Spain,37.623647,-5.604665,...IE...,
471,13226,Dressel 20,Arva,Spain,37.623647,-5.604665,...IE...,
481,13238,Dressel 20,Arva,Spain,37.623647,-5.604665,PNN,PNN
482,13239,Dressel 20,Arva,Spain,37.623647,-5.604665,QFRSTSS,QFR
483,13240,Dressel 20,Arva,Spain,37.623647,-5.604665,QFRSTSS,QFR
484,13241,Dressel 20,Arva,Spain,37.623647,-5.604665,STP?,STP
486,13250,Dressel 20,Arva,Spain,37.623647,-5.604665,...DED...?,
487,13251,Dressel 20,Arva,Spain,37.623647,-5.604665,OE...,
583,13579,Dressel 20,Arva,Spain,37.623647,-5.604665,SAXOFERREO,SAXOFERREO
584,13580,Dressel 20,Arva,Spain,37.623647,-5.604665,LAEO...I,LAEO
585,13581,Dressel 20,Arva,Spain,37.623647,-5.604665,IICAMILIMELISSI,CAMILIMELISSI
586,13583,Dressel 20,Arva,Spain,37.623647,-5.604665,PNNSIS,PNN
587,13587,Dressel 20,Arva,Spain,37.623647,-5.604665,MFM,MFM
588,13598,Dressel 20,Arva,Spain,37.623647,-5.604665,LVTROPHIMI,LVALERITROPHIMI
649,13919,Dressel 20,Arva,Spain,37.623647,-5.604665,PNPHI,PNPHI
768,17740,Dressel 20,Arva,Spain,37.623647,-5.604665,TAASATC?,TATILIASIATICI
769,17741,Dressel 20,Arva,Spain,37.623647,-5.604665,PCICEL,PCLODICELI
770,17747,Dressel 20,Arva,Spain,37.623647,-5.604665,HERM...,
771,17748,Dressel 20,Arva,Spain,37.623647,-5.604665,LIVNIMELISSI,LIVNIMELISSI
772,17753,Dressel 20,Arva,Spain,37.623647,-5.604665,...M?,
773,17754,Dressel 20,Arva,Spain,37.623647,-5.604665,PNN,PNN
774,17755,Dressel 20,Arva,Spain,37.623647,-5.604665,PNPHI,PNPHI
775,17756,Dressel 20,Arva,Spain,37.623647,-5.604665,QV...,
776,17759,Dressel 20,Arva,Spain,37.623647,-5.604665,COMNI?,
777,17760,Dressel 20,Arva,Spain,37.623647,-5.604665,NOVVA?,
778,17761,Dressel 20,Arva,Spain,37.623647,-5.604665,PRQ...?,
1283,28209,Dressel 20,Arva,Spain,37.623647,-5.604665,PNN,PNN
1284,28210,Dressel 20,Arva,Spain,37.623647,-5.604665,PNN,PNN
1285,28212,Dressel 20,Arva,Spain,37.623647,-5.604665,PNN,PNN
1286,28218,Dressel 20,Arva,Spain,37.623647,-5.604665,PNN,PNN
1287,28226,Dressel 20,Arva,Spain,37.623647,-5.604665,PNN,PNN
1292,28330,Dressel 20,Arva,Spain,37.623647,-5.604665,MEDIANAE,MEDIANAE
3445,9541,Dressel 20,Arva,Spain,37.623647,-5.604665,FBA...,BARBA
3446,9544,Dressel 20,Arva,Spain,37.623647,-5.604665,MHA...,MHA
3447,9545,Dressel 20,Arva,Spain,37.623647,-5.604665,IIIMINICIOR,IIIMINICIOR
3448,9546,Dressel 20,Arva,Spain,37.623647,-5.604665,IIIMINICIOR,IIIMINICIOR
3449,9547,Dressel 20,Arva,Spain,37.623647,-5.604665,IIIMINICIOR,IIIMINICIOR
3450,9548,Dressel 20,Arva,Spain,37.623647,-5.604665,IIIMINICIOR,IIIMINICIOR
3451,9549,Dressel 20,Arva,Spain,37.623647,-5.604665,IIIMINICIOR,IIIMINICIOR
3452,9555,Dressel 20,Arva,Spain,37.623647,-5.604665,PNN...,PNN
3453,9556,Dressel 20,Arva,Spain,37.623647,-5.604665,PNN...,PNN
3454,9557,Dressel 20,Arva,Spain,37.623647,-5.604665,PNN,PNN
3455,9558,Dressel 20,Arva,Spain,37.623647,-5.604665,PNN...,PNN
3456,9559,Dressel 20,Arva,Spain,37.623647,-5.604665,PNN...,PNN
3457,9563,Dressel 20,Arva,Spain,37.623647,-5.604665,PNPHI,PNPHI
3458,9564,Dressel 20,Arva,Spain,37.623647,-5.604665,QAG?,QAG
3459,9565,Dressel 20,Arva,Spain,37.623647,-5.604665,?,
630,13681,Tegula,Castillo de Azanaque,Spain,37.617172,-5.565544,ARBO,
631,13682,Tegula,Castillo de Azanaque,Spain,37.617172,-5.565544,OALO...I?,
360,12941,Dressel 20,Azanaque-Castillejo,Spain,37.617631,-5.556263,CONSFC,CONSFC
361,12942,Dressel 20,Azanaque-Castillejo,Spain,37.617631,-5.556263,CONSFC,CONSFC
362,12943,Dressel 20,Azanaque-Castillejo,Spain,37.617631,-5.556263,CONSFC,CONSFC
363,12947,Dressel 20,Azanaque-Castillejo,Spain,37.617631,-5.556263,CA...,
364,12948,Dressel 20,Azanaque-Castillejo,Spain,37.617631,-5.556263,...CH...,
365,12949,Dressel 20,Azanaque-Castillejo,Spain,37.617631,-5.556263,MHICAP...,MHICA
366,12950,Dressel 20,Azanaque-Castillejo,Spain,37.617631,-5.556263,GMMF,CMM
367,12953,Dressel 20,Azanaque-Castillejo,Spain,37.617631,-5.556263,QAELOPTATI,QAELIOPTATI
368,12954,Dressel 20,Azanaque-Castillejo,Spain,37.617631,-5.556263,QAEOPCOL,QAELIOPTATI
369,12955,Dressel 20,Azanaque-Castillejo,Spain,37.617631,-5.556263,QAEOPCOL,QAELIOPTATI
632,13686,Dressel 20,Azanaque-Castillejo,Spain,37.617631,-5.556263,OFA,
633,13702,Dressel 20,Azanaque-Castillejo,Spain,37.617631,-5.556263,CMMF,CMM
634,13703,Dressel 20,Azanaque-Castillejo,Spain,37.617631,-5.556263,CMM,CMM
635,13706,Dressel 20,Azanaque-Castillejo,Spain,37.617631,-5.556263,CMM,CMM
636,13707,Dressel 20,Azanaque-Castillejo,Spain,37.617631,-5.556263,GANNIRVFINI,GANNIRVFINI
637,13708,Dressel 20,Azanaque-Castillejo,Spain,37.617631,-5.556263,SAES,SAES
638,13713,Dressel 20,Azanaque-Castillejo,Spain,37.617631,-5.556263,...MEM,
639,13722,Dressel 20,Azanaque-Castillejo,Spain,37.617631,-5.556263,CONSFC,CONSFC
640,13723,Dressel 20,Azanaque-Castillejo,Spain,37.617631,-5.556263,CONSFC,CONSFC
641,13724,Dressel 20,Azanaque-Castillejo,Spain,37.617631,-5.556263,CONSFC,CONSFC
642,13728,Dressel 20,Azanaque-Castillejo,Spain,37.617631,-5.556263,CORBEL,CORBEL
643,13729,Dressel 20,Azanaque-Castillejo,Spain,37.617631,-5.556263,MRIC...,
644,13733,Dressel 20,Azanaque-Castillejo,Spain,37.617631,-5.556263,LAEQPCOL,LAEQ
1374,33321,Dressel 20,Azanaque-Castillejo,Spain,37.617631,-5.556263,CHB,
1375,33322,Dressel 20,Azanaque-Castillejo,Spain,37.617631,-5.556263,CONSFC,CONSFC
1376,33323,Dressel 20,Azanaque-Castillejo,Spain,37.617631,-5.556263,CONSFC,CONSFC
1377,33324,Dressel 20,Azanaque-Castillejo,Spain,37.617631,-5.556263,...SFC,
1378,33325,Dressel 20,Azanaque-Castillejo,Spain,37.617631,-5.556263,CONSFC,CONSFC
1379,33326,Dressel 20,Azanaque-Castillejo,Spain,37.617631,-5.556263,CON...,
1380,33331,Dressel 20,Azanaque-Castillejo,Spain,37.617631,-5.556263,EROTI,
1381,33333,Dressel 20,Azanaque-Castillejo,Spain,37.617631,-5.556263,FIRMI,FIRMI
1382,33334,Dressel 20,Azanaque-Castillejo,Spain,37.617631,-5.556263,GA…,
1383,33337,Dressel 20,Azanaque-Castillejo,Spain,37.617631,-5.556263,GAP,GAP
1384,33338,Dressel 20,Azanaque-Castillejo,Spain,37.617631,-5.556263,CAF,
1385,33342,Dressel 20,Azanaque-Castillejo,Spain,37.617631,-5.556263,APF,APF
1386,33343,Dressel 20,Azanaque-Castillejo,Spain,37.617631,-5.556263,AF,
1387,33344,Dressel 20,Azanaque-Castillejo,Spain,37.617631,-5.556263,G·M·M·,CMM
1388,33345,Dressel 20,Azanaque-Castillejo,Spain,37.617631,-5.556263,GM,GM
1389,33347,Dressel 20,Azanaque-Castillejo,Spain,37.617631,-5.556263,G·MM·F (palma),CMM
1390,33348,Dressel 20,Azanaque-Castillejo,Spain,37.617631,-5.556263,GMM,CMM
1391,33349,Dressel 20,Azanaque-Castillejo,Spain,37.617631,-5.556263,G·M·M.,CMM
1392,33350,Dressel 20,Azanaque-Castillejo,Spain,37.617631,-5.556263,G·M·M·F,CMM
1393,33351,Dressel 20,Azanaque-Castillejo,Spain,37.617631,-5.556263,ID·N,
1394,33352,Dressel 20,Azanaque-Castillejo,Spain,37.617631,-5.556263,MHICA.,MHICA
1395,33353,Dressel 20,Azanaque-Castillejo,Spain,37.617631,-5.556263,MHI·CA,MHICA
1396,33353,Dressel 20,Azanaque-Castillejo,Spain,37.617631,-5.556263,MHICA.,MHICA
1397,33354,Dressel 23,Azanaque-Castillejo,Spain,37.617631,-5.556263,P,P...
1398,33355,Dressel 20,Azanaque-Castillejo,Spain,37.617631,-5.556263,Q·AE·O·PO,
1399,33356,Dressel 20,Azanaque-Castillejo,Spain,37.617631,-5.556263,QA.OPCO,
1400,33357,Dressel 20,Azanaque-Castillejo,Spain,37.617631,-5.556263,Q·AEOPTA,
1401,33358,Dressel 20,Azanaque-Castillejo,Spain,37.617631,-5.556263,QAEOPTATI,QAELIOPTATI
1402,33360,Dressel 20,Azanaque-Castillejo,Spain,37.617631,-5.556263,QAEOPCO,QAELIOPTATI
1403,33361,Dressel 20,Azanaque-Castillejo,Spain,37.617631,-5.556263,Q AEOPTA,
1404,33362,Dressel 20,Azanaque-Castillejo,Spain,37.617631,-5.556263,VICT,VICT
645,13736,Dressel 20,El Judío,Spain,37.624871,-5.550459,QAEOPCO,QAELIOPTATI
646,13738,Dressel 20,El Judío,Spain,37.624871,-5.550459,AGAPI,AGAPI
70,11103,Dressel 20,La Catria,Spain,37.648779,-5.506146,LIT,LIT
71,11104,Dressel 20,La Catria,Spain,37.648779,-5.506146,MMRP,MMR
72,11105,Dressel 20,La Catria,Spain,37.648779,-5.506146,PAVR,
73,11108,Dressel 20,La Catria,Spain,37.648779,-5.506146,LALF & LALP,
76,11113,Dressel 20,La Catria,Spain,37.648779,-5.506146,POPVLI,POPVLI
77,11114,Dressel 20,La Catria,Spain,37.648779,-5.506146,PORODV,POROCODV
78,11121,Dressel 20,La Catria,Spain,37.648779,-5.506146,LQSP,LQS
298,12501,Dressel 20,La Catria,Spain,37.648779,-5.506146,PORT...,
299,12507,Dressel 20,La Catria,Spain,37.648779,-5.506146,SEXN...,SEXN...
300,12513,Dressel 20,La Catria,Spain,37.648779,-5.506146,MIM,MIM
301,12514,Dressel 20,La Catria,Spain,37.648779,-5.506146,...RL,
302,12515,Dressel 20,La Catria,Spain,37.648779,-5.506146,...CPCI?,
1272,28047,Dressel 20,La Catria,Spain,37.648779,-5.506146,BROCOD,POROCODV
1273,28048,Dressel 20,La Catria,Spain,37.648779,-5.506146,BROCOD,POROCODV
1274,28051,Dressel 20,La Catria,Spain,37.648779,-5.506146,BROCHOD,POROCODV
1305,29208,Dressel 20,La Catria,Spain,37.648779,-5.506146,CEFP,CEFP
3264,6645,Dressel 20,La Catria,Spain,37.648779,-5.506146,QAEOPO,QAELIOPTATI
3265,6646,Dressel 20,La Catria,Spain,37.648779,-5.506146,QAEOPO,QAELIOPTATI
3266,6647,Dressel 20,La Catria,Spain,37.648779,-5.506146,QAEOPO,QAELIOPTATI
3267,6648,Dressel 20,La Catria,Spain,37.648779,-5.506146,QAEOPO,QAELIOPTATI
3268,6649,Dressel 20,La Catria,Spain,37.648779,-5.506146,QAEOPO,QAELIOPTATI
3269,6650,Dressel 20,La Catria,Spain,37.648779,-5.506146,QAEOPO,QAELIOPTATI
3270,6651,Dressel 20,La Catria,Spain,37.648779,-5.506146,QAEOPO,QAELIOPTATI
3271,6655,Dressel 20,La Catria,Spain,37.648779,-5.506146,QAEOPO,QAELIOPTATI
3272,6656,Dressel 20,La Catria,Spain,37.648779,-5.506146,QAEOPO,QAELIOPTATI
3273,6657,Dressel 20,La Catria,Spain,37.648779,-5.506146,QAEOPO,QAELIOPTATI
3274,6658,Dressel 20,La Catria,Spain,37.648779,-5.506146,QAEOPO,QAELIOPTATI
3275,6659,Dressel 20,La Catria,Spain,37.648779,-5.506146,QAEOPO,QAELIOPTATI
3276,6660,Dressel 20,La Catria,Spain,37.648779,-5.506146,QAEOPO,QAELIOPTATI
3277,6663,Dressel 20,La Catria,Spain,37.648779,-5.506146,QAEOPO,QAELIOPTATI
3278,6664,Dressel 20,La Catria,Spain,37.648779,-5.506146,QAEOPO,QAELIOPTATI
3279,6665,Dressel 20,La Catria,Spain,37.648779,-5.506146,QAEOPO,QAELIOPTATI
3280,6666,Dressel 20,La Catria,Spain,37.648779,-5.506146,QAEOPO,QAELIOPTATI
3281,6717,Dressel 20,La Catria,Spain,37.648779,-5.506146,...VCLF,
3282,6718,Dressel 20,La Catria,Spain,37.648779,-5.506146,...VCLF,
3283,6719,Dressel 20,La Catria,Spain,37.648779,-5.506146,...VCLF,
3284,6721,Dressel 20,La Catria,Spain,37.648779,-5.506146,CHRYSAN...,CHRYSANTI
3285,6730,Dressel 20,La Catria,Spain,37.648779,-5.506146,CCEFP,
3286,6751,Dressel 20,La Catria,Spain,37.648779,-5.506146,CEFPORTI & CEFPORTT,CEFP
3287,6752,Dressel 20,La Catria,Spain,37.648779,-5.506146,CEFPORTI,CEFP
3288,6753,Dressel 20,La Catria,Spain,37.648779,-5.506146,GEFPORTI,GEF
3289,6754,Dressel 20,La Catria,Spain,37.648779,-5.506146,GEFPORTI,GEF
3290,6755,Dressel 20,La Catria,Spain,37.648779,-5.506146,GEFPORTI,GEF
3291,6786,Dressel 20,La Catria,Spain,37.648779,-5.506146,CENHISPSA,CENNIHISPANI
3292,6787,Dressel 20,La Catria,Spain,37.648779,-5.506146,CENHISPSA,CENNIHISPANI
3293,6818,Dressel 20,La Catria,Spain,37.648779,-5.506146,POQHEHE,
3294,6819,Dressel 20,La Catria,Spain,37.648779,-5.506146,POQHEHE,
3295,6821,Dressel 20,La Catria,Spain,37.648779,-5.506146,MIM,MIM
3296,6822,Dressel 20,La Catria,Spain,37.648779,-5.506146,MIM,MIM
3297,6823,Dressel 20,La Catria,Spain,37.648779,-5.506146,MIM,MIM
3298,6824,Dressel 20,La Catria,Spain,37.648779,-5.506146,MIM,MIM
3299,6825,Dressel 20,La Catria,Spain,37.648779,-5.506146,MIM,MIM
3300,6826,Dressel 20,La Catria,Spain,37.648779,-5.506146,MIM,MIM
3301,6827,Dressel 20,La Catria,Spain,37.648779,-5.506146,MIM,MIM
3302,6828,Dressel 20,La Catria,Spain,37.648779,-5.506146,MIM,MIM
3303,6829,Dressel 20,La Catria,Spain,37.648779,-5.506146,MIM,MIM
3304,6830,Dressel 20,La Catria,Spain,37.648779,-5.506146,MIM,MIM
3305,6831,Dressel 20,La Catria,Spain,37.648779,-5.506146,MIM,MIM
3306,6832,Dressel 20,La Catria,Spain,37.648779,-5.506146,MIM,MIM
3307,6833,Dressel 20,La Catria,Spain,37.648779,-5.506146,MIM,MIM
3308,6834,Dressel 20,La Catria,Spain,37.648779,-5.506146,MIM,MIM
3309,6835,Dressel 20,La Catria,Spain,37.648779,-5.506146,MIM,MIM
3310,6856,Dressel 20,La Catria,Spain,37.648779,-5.506146,ALF...,ALF
3311,6857,Dressel 20,La Catria,Spain,37.648779,-5.506146,ALF,ALF
3312,6863,Dressel 20,La Catria,Spain,37.648779,-5.506146,...BALF,
3313,6868,Dressel 20,La Catria,Spain,37.648779,-5.506146,...LFO,
3314,6882,Dressel 20,La Catria,Spain,37.648779,-5.506146,PMH...,PMH
3315,6885,Dressel 20,La Catria,Spain,37.648779,-5.506146,PMPPR,PMPPR
3316,6890,Dressel 20,La Catria,Spain,37.648779,-5.506146,MMRP,MMR
3317,6891,Dressel 20,La Catria,Spain,37.648779,-5.506146,MMRP...,MMR
3318,6892,Dressel 20,La Catria,Spain,37.648779,-5.506146,MMR...,MMR
3319,6965,Dressel 20,La Catria,Spain,37.648779,-5.506146,PORODV,POROCODV
3320,6966,Dressel 20,La Catria,Spain,37.648779,-5.506146,PORODV,POROCODV
3321,6967,Dressel 20,La Catria,Spain,37.648779,-5.506146,PORODV,POROCODV
3322,6968,Dressel 20,La Catria,Spain,37.648779,-5.506146,PORODV,POROCODV
3323,6969,Dressel 20,La Catria,Spain,37.648779,-5.506146,PORODV,POROCODV
3324,6970,Dressel 20,La Catria,Spain,37.648779,-5.506146,PORODV,POROCODV
3325,6971,Dressel 20,La Catria,Spain,37.648779,-5.506146,PORODV,POROCODV
3326,6972,Dressel 20,La Catria,Spain,37.648779,-5.506146,PORODV,POROCODV
3327,6973,Dressel 20,La Catria,Spain,37.648779,-5.506146,PORODV,POROCODV
3328,6974,Dressel 20,La Catria,Spain,37.648779,-5.506146,PORODV,POROCODV
3329,6977,Dressel 20,La Catria,Spain,37.648779,-5.506146,POCODV,POCODV
3330,6978,Dressel 20,La Catria,Spain,37.648779,-5.506146,POCODV,POCODV
3331,6995,Dressel 20,La Catria,Spain,37.648779,-5.506146,GPC,GPC
3332,7003,Dressel 20,La Catria,Spain,37.648779,-5.506146,POPVLII,POPVLI
3333,7004,Dressel 20,La Catria,Spain,37.648779,-5.506146,POPVLI,POPVLI
3334,7005,Dressel 20,La Catria,Spain,37.648779,-5.506146,POPVLI,POPVLI
3335,7006,Dressel 20,La Catria,Spain,37.648779,-5.506146,POPVLI,POPVLI
3336,7007,Dressel 20,La Catria,Spain,37.648779,-5.506146,POPVLI,POPVLI
3337,7008,Dressel 20,La Catria,Spain,37.648779,-5.506146,POPVLI,POPVLI
3338,7009,Dressel 20,La Catria,Spain,37.648779,-5.506146,POPVLI,POPVLI
3339,7010,Dressel 20,La Catria,Spain,37.648779,-5.506146,POPVLI,POPVLI
3340,7011,Dressel 20,La Catria,Spain,37.648779,-5.506146,POPVLI,POPVLI
3341,7012,Dressel 20,La Catria,Spain,37.648779,-5.506146,POPVLI,POPVLI
3342,7013,Dressel 20,La Catria,Spain,37.648779,-5.506146,POPVLI,POPVLI
3343,7014,Dressel 20,La Catria,Spain,37.648779,-5.506146,POPVLI,POPVLI
3344,7015,Dressel 20,La Catria,Spain,37.648779,-5.506146,POPVLI,POPVLI
3345,7016,Dressel 20,La Catria,Spain,37.648779,-5.506146,POPVLI,POPVLI
3346,7017,Dressel 20,La Catria,Spain,37.648779,-5.506146,POPVLI,POPVLI
3347,7018,Dressel 20,La Catria,Spain,37.648779,-5.506146,POPVLI,POPVLI
3348,7019,Dressel 20,La Catria,Spain,37.648779,-5.506146,POPVLI,POPVLI
3349,7020,Dressel 20,La Catria,Spain,37.648779,-5.506146,POPVLI,POPVLI
3350,7021,Dressel 20,La Catria,Spain,37.648779,-5.506146,POPVLI,POPVLI
3351,7022,Dressel 20,La Catria,Spain,37.648779,-5.506146,POPPVLI,POPVLI
3352,7023,Dressel 20,La Catria,Spain,37.648779,-5.506146,POPVLI,POPVLI
3353,7024,Dressel 20,La Catria,Spain,37.648779,-5.506146,POPVLI,POPVLI
3354,7025,Dressel 20,La Catria,Spain,37.648779,-5.506146,POPVLI,POPVLI
3355,7026,Dressel 20,La Catria,Spain,37.648779,-5.506146,POPVLI,POPVLI
3356,7027,Dressel 20,La Catria,Spain,37.648779,-5.506146,POPVLI,POPVLI
3357,7028,Dressel 20,La Catria,Spain,37.648779,-5.506146,POPVLI,POPVLI
3358,7029,Dressel 20,La Catria,Spain,37.648779,-5.506146,POPVLI,POPVLI
3359,7030,Dressel 20,La Catria,Spain,37.648779,-5.506146,POPVLI,POPVLI
3360,7031,Dressel 20,La Catria,Spain,37.648779,-5.506146,POPVLI,POPVLI
3361,7055,Dressel 20,La Catria,Spain,37.648779,-5.506146,LQSP,LQS
3362,7056,Dressel 20,La Catria,Spain,37.648779,-5.506146,LQSP,LQS
3363,7062,Dressel 20,La Catria,Spain,37.648779,-5.506146,QVNTI,
3364,7120,Dressel 20,La Catria,Spain,37.648779,-5.506146,LSERLVP,LSERLVPI
3365,7121,Dressel 20,La Catria,Spain,37.648779,-5.506146,LSERLVP,LSERLVPI
3366,7123,Dressel 20,La Catria,Spain,37.648779,-5.506146,RVSR,
3367,7133,Dressel 20,La Catria,Spain,37.648779,-5.506146,LVTROPHIMI,LVALERITROPHIMI
3368,7136,Dressel 20,La Catria,Spain,37.648779,-5.506146,M...OPSVR…,
3369,7137,Dressel 20,La Catria,Spain,37.648779,-5.506146,ATITAC?,ATITAE
3370,7138,Dressel 20,La Catria,Spain,37.648779,-5.506146,...CRROP,
1271,28044,Dressel 20,Los Mochales,Spain,37.642799,-5.497951,BROODV,POROCODV
1275,28052,Dressel 20,Los Mochales,Spain,37.642799,-5.497951,BROCHOD,POROCODV
1276,28053,Dressel 20,Los Mochales,Spain,37.642799,-5.497951,BRPOD,
79,11171,Dressel 20,Haza del Olivo,Spain,37.661787,-5.486442,SIP,SIP
80,11172,Dressel 20,Haza del Olivo,Spain,37.661787,-5.486442,IPC...,IPC...
81,11173,Dressel 20,Haza del Olivo,Spain,37.661787,-5.486442,NERV,
82,11174,Dressel 20,Haza del Olivo,Spain,37.661787,-5.486442,NERVAELVP,NERVAELVP
83,11181,Dressel 20,Manuel Nieto,Spain,37.657511,-5.480342,LSERLV,LSERLVPI
84,11182,Dressel 20,Manuel Nieto,Spain,37.657511,-5.480342,LSERLV,LSERLVPI
359,12939,Dressel 20,Lora la Vieja,Spain,37.627358,-5.461938,LVTROPHIMI,LVALERITROPHIMI
485,13242,Dressel 20,Lora la Vieja,Spain,37.627358,-5.461938,LVTROPHIMI,LVALERITROPHIMI
85,11208,Dressel 20,El Marchante,Spain,37.630921,-5.452824,LSENSENC,LSL
86,11213,Dressel 20,El Marchante,Spain,37.630921,-5.452824,VPC & CPV,VPC
87,11214,Dressel 20,El Marchante,Spain,37.630921,-5.452824,VPC & CPV,VPC
88,11221,Dressel 20,El Marchante,Spain,37.630921,-5.452824,GAPMA,GAPMA
89,11222,Dressel 20,El Marchante,Spain,37.630921,-5.452824,AMGALOD,
90,11223,Dressel 20,El Marchante,Spain,37.630921,-5.452824,ICIFAFC...?,ICIFAFC...
91,11224,Dressel 20,El Marchante,Spain,37.630921,-5.452824,SELSEN,LSLSEN
92,11225,Dressel 20,El Marchante,Spain,37.630921,-5.452824,CARLA...? & CARIAI...?,
93,11226,Dressel 20,El Marchante,Spain,37.630921,-5.452824,CRISPI,
100,11272,Dressel 20,La María,Spain,37.674854,-5.451432,DIA,DIA
101,11274,Dressel 20,La María,Spain,37.674854,-5.451432,NER...,NER
102,11275,Dressel 20,La María,Spain,37.674854,-5.451432,NER...,NER
103,11277,Dressel 20,La María,Spain,37.674854,-5.451432,LERP,LER
295,12470,Dressel 20,La María,Spain,37.674854,-5.451432,DIA,DIA
296,12473,Dressel 20,La María,Spain,37.674854,-5.451432,FCRV,FCRV
297,12474,Dressel 20,La María,Spain,37.674854,-5.451432,DIA,DIA
354,12905,Dressel 20,La María,Spain,37.674854,-5.451432,...MST,
355,12906,Dressel 20,La María,Spain,37.674854,-5.451432,...ST,
356,12908,Dressel 20,La María,Spain,37.674854,-5.451432,...ICCRA,
357,12909,Dressel 20,La María,Spain,37.674854,-5.451432,...LSLVP,
358,12910,Dressel 20,La María,Spain,37.674854,-5.451432,IFPV & LFPV,IFPV & LFPV
3202,41661,Dressel 20,La María,Spain,37.674854,-5.451432,QCKS,
3203,41663,Dressel 20,La María,Spain,37.674854,-5.451432,CCRASSISEMNI,
3204,41664,Dressel 20,La María,Spain,37.674854,-5.451432,CCRASSISEMNI,
3205,41676,Dressel 20,La María,Spain,37.674854,-5.451432,AVGGGNNNCOLEARIFGRV,
3206,41679,Dressel 20,La María,Spain,37.674854,-5.451432,KVFICGRVMCOLSICETASI,
3207,41681,Dressel 20,La María,Spain,37.674854,-5.451432,FIGGRV,
3208,41683,Dressel 20,La María,Spain,37.674854,-5.451432,DIA,
3209,41688,Dressel 20,La María,Spain,37.674854,-5.451432,LVRIF & LVRIE,
3210,41690,Dressel 20,La María,Spain,37.674854,-5.451432,...MPFGRV?,
868,21228,Dressel 20,La Coscoja,Spain,37.717502,-5.412668,QAO,QAO
869,21229,Dressel 20,La Coscoja,Spain,37.717502,-5.412668,QAEO,QAELIOPTATI
870,21238,Dressel 20,La Botica,Spain,37.696596,-5.366061,LASFIC,LASFIC
1238,27288,Beltrán 2B,Fuentes de Andalucía,Spain,37.4998706316,-5.3476862671,MPO,
289,12464,Dressel 20,El Portillo,Spain,37.695332,-5.291723,KVFIGCEPCOLLEOPAR,KV
290,12465,Dressel 20,El Portillo,Spain,37.695332,-5.291723,M...,
291,12466,Dressel 20,El Portillo,Spain,37.695332,-5.291723,KVFIGCEPCOLLEOPAR,KV
292,12467,Dressel 20,El Portillo,Spain,37.695332,-5.291723,L...,
293,12468,Dressel 20,El Portillo,Spain,37.695332,-5.291723,IIAVRHERACLAEPATETFILFCEPAR,AVRELIHERACLAE
294,12469,Dressel 20,El Portillo,Spain,37.695332,-5.291723,IIAVRHERACLAEPATETFILFCEPAR,AVRELIHERACLAE
331,12825,Dressel 20,El Portillo,Spain,37.695332,-5.291723,...VFNCEPA...CORALODFA,
3425,910,Dressel 20,Madueño,Spain,37.687599,-5.274237,MCC,MCC
3426,911,Dressel 20,Madueño,Spain,37.687599,-5.274237,MCC,MCC
3427,912,Dressel 20,Madueño,Spain,37.687599,-5.274237,MCC & MCG,MCC
3428,913,Dressel 20,Madueño,Spain,37.687599,-5.274237,MCCDFM (MCGDFM),MCCDFM
3429,921,Dressel 20,Madueño,Spain,37.687599,-5.274237,TTLVCR,TTLVC
3430,922,Dressel 20,Madueño,Spain,37.687599,-5.274237,TTLVCR,TTLVC
3431,923,Dressel 20,Madueño,Spain,37.687599,-5.274237,TTLVC,TTLVC
3432,924,Dressel 20,Madueño,Spain,37.687599,-5.274237,LFLVC,TTLVC
3433,926,Dressel 20,Madueño,Spain,37.687599,-5.274237,SECVNCIINIA & SECVNDINIA,SECVNDIINIA
3434,928,Dressel 20,Madueño,Spain,37.687599,-5.274237,KVFIGCEPACOLLEOPAR,KV
1075,24961,Haltern 70,El Mohino,Spain,37.723211,-5.246417,LVGA…,
1077,25023,Dressel 20,El Mohino,Spain,37.723211,-5.246417,MAELALEX,MAELIALEXANDRI
1078,25024,Dressel 20,El Mohino,Spain,37.723211,-5.246417,LVCA…,
131,11520,Dressel 20,Isla de la Jurada,Spain,37.736864,-5.23998,SAXE,
132,11521,Dressel 20,Isla de la Jurada,Spain,37.736864,-5.23998,CIAQBERO,
133,11522,Dressel 20,Isla de la Jurada,Spain,37.736864,-5.23998,SBOGLVAELPAF,SBOGLVAELPAF
3435,930,Dressel 20,La Graja,Spain,37.678539,-5.224417,PCHO,PCHO
3436,931,Dressel 20,La Graja,Spain,37.678539,-5.224417,PCHO,PCHO
3437,932,Dressel 20,La Graja,Spain,37.678539,-5.224417,PCHO,PCHO
107,11416,Dressel 20,Tierras del Judío,Spain,37.67122,-5.222501,LVBC,LVIBICHOMIS
108,11417,Dressel 20,Tierras del Judío,Spain,37.67122,-5.222501,LVBC,LVIBICHOMIS
109,11418,Dressel 20,Tierras del Judío,Spain,37.67122,-5.222501,LVBC,LVIBICHOMIS
110,11435,Dressel 20,Tierras del Judío,Spain,37.67122,-5.222501,LCTI,LCT
111,11436,Dressel 20,Tierras del Judío,Spain,37.67122,-5.222501,LCTI,LCT
112,11437,Dressel 20,Tierras del Judío,Spain,37.67122,-5.222501,LCTI,LCT
113,11438,Dressel 20,Tierras del Judío,Spain,37.67122,-5.222501,LCTI,LCT
114,11439,Dressel 20,Tierras del Judío,Spain,37.67122,-5.222501,LCTI,LCT
115,11440,Dressel 20,Tierras del Judío,Spain,37.67122,-5.222501,LVBC,LVIBICHOMIS
116,11441,Dressel 20,Tierras del Judío,Spain,37.67122,-5.222501,LVBC,LVIBICHOMIS
117,11442,Dressel 20,Tierras del Judío,Spain,37.67122,-5.222501,LVBC,LVIBICHOMIS
118,11443,Dressel 20,Tierras del Judío,Spain,37.67122,-5.222501,LVBC,LVIBICHOMIS
119,11444,Dressel 20,Tierras del Judío,Spain,37.67122,-5.222501,LVBC,LVIBICHOMIS
120,11445,Dressel 20,Tierras del Judío,Spain,37.67122,-5.222501,LVBC,LVIBICHOMIS
121,11456,Dressel 20,Tierras del Judío,Spain,37.67122,-5.222501,VIBIOR...,LVIBICHROMIS
104,11397,Dressel 20,Malpica Sur,Spain,37.67842,-5.21428,FGFIVSF,FGFIVSFM
105,11411,Dressel 20,Malpica Sur,Spain,37.67842,-5.21428,...MIFRPN,
106,11413,Dressel 20,Malpica Sur,Spain,37.67842,-5.21428,FA...,FA...
282,12449,Dressel 20,Malpica Sur,Spain,37.67842,-5.21428,...CI...,
283,12450,Dressel 20,Malpica Sur,Spain,37.67842,-5.21428,FCFIVSFM,FCFIVSFM
284,12451,Dressel 20,Malpica Sur,Spain,37.67842,-5.21428,TRLA?,TRLA
285,12452,Dressel 20,Malpica Sur,Spain,37.67842,-5.21428,FCFIVSFM,FCFIVSFM
286,12454,Later,Malpica Sur,Spain,37.67842,-5.21428,LIA,
287,12456,Later,Malpica Sur,Spain,37.67842,-5.21428,...ALQVIN,
288,12460,Dressel 20,Malpica Sur,Spain,37.67842,-5.21428,...MIFRPN,
1126,26637,Dressel 20,Cerro de los Pesebres,Spain,37.752937,-5.211861,PAHSCALV,PAH 
1127,26638,Dressel 20,Cerro de los Pesebres,Spain,37.752937,-5.211861,PAHSCALV,PAH 
1128,26639,Dressel 20,Cerro de los Pesebres,Spain,37.752937,-5.211861,PAHSCALV,PAH 
1129,26640,Dressel 20,Cerro de los Pesebres,Spain,37.752937,-5.211861,PAHSCALV,PAH 
1130,26641,Dressel 20,Cerro de los Pesebres,Spain,37.752937,-5.211861,CANTQVIE,CANTONIQVIETI
1131,26666,Dressel 20,Cerro de los Pesebres,Spain,37.752937,-5.211861,LFCCVFS,LFC
1132,26667,Dressel 20,Cerro de los Pesebres,Spain,37.752937,-5.211861,LFCCVFS,LFC
1133,26668,Dressel 20,Cerro de los Pesebres,Spain,37.752937,-5.211861,LFCCVFS,LFC
1134,26669,Dressel 20,Cerro de los Pesebres,Spain,37.752937,-5.211861,LFCCVFS,LFC
1135,26670,Dressel 20,Cerro de los Pesebres,Spain,37.752937,-5.211861,LFCCVFS,LFC
1136,26671,Dressel 20,Cerro de los Pesebres,Spain,37.752937,-5.211861,LFCCVFS,LFC
1137,26672,Dressel 20,Cerro de los Pesebres,Spain,37.752937,-5.211861,LFCCVFS,LFC
1138,26673,Dressel 20,Cerro de los Pesebres,Spain,37.752937,-5.211861,LFCCVFS,LFC
1139,26674,Dressel 20,Cerro de los Pesebres,Spain,37.752937,-5.211861,LFCCVFS,LFC
1140,26675,Dressel 20,Cerro de los Pesebres,Spain,37.752937,-5.211861,LFCCVFS,LFC
1141,26676,Dressel 20,Cerro de los Pesebres,Spain,37.752937,-5.211861,LFCCVFS,LFC
1142,26677,Dressel 20,Cerro de los Pesebres,Spain,37.752937,-5.211861,LFCCVFS,LFC
1143,26678,Dressel 20,Cerro de los Pesebres,Spain,37.752937,-5.211861,LFCCVFS,LFC
1144,26679,Dressel 20,Cerro de los Pesebres,Spain,37.752937,-5.211861,LFCCVFS,LFC
1145,26680,Dressel 20,Cerro de los Pesebres,Spain,37.752937,-5.211861,LFCCVFS,LFC
1146,26681,Dressel 20,Cerro de los Pesebres,Spain,37.752937,-5.211861,LFCCVFS,LFC
1147,26682,Dressel 20,Cerro de los Pesebres,Spain,37.752937,-5.211861,LFCCVFS,LFC
1148,26683,Dressel 20,Cerro de los Pesebres,Spain,37.752937,-5.211861,LFCCVFS,LFC
1149,26684,Dressel 20,Cerro de los Pesebres,Spain,37.752937,-5.211861,LFCCVFS,LFC
1150,26685,Dressel 20,Cerro de los Pesebres,Spain,37.752937,-5.211861,LFCCVFS,LFC
1151,26686,Dressel 20,Cerro de los Pesebres,Spain,37.752937,-5.211861,LFCCVFS,LFC
1152,26687,Dressel 20,Cerro de los Pesebres,Spain,37.752937,-5.211861,LFCCVFS,LFC
1153,26688,Dressel 20,Cerro de los Pesebres,Spain,37.752937,-5.211861,LFCCVFS,LFC
1154,26689,Dressel 20,Cerro de los Pesebres,Spain,37.752937,-5.211861,LFCCVFS,LFC
1155,26690,Dressel 20,Cerro de los Pesebres,Spain,37.752937,-5.211861,LFCCVFS,LFC
1156,26691,Dressel 20,Cerro de los Pesebres,Spain,37.752937,-5.211861,LFCCVFS,LFC
1157,26692,Dressel 20,Cerro de los Pesebres,Spain,37.752937,-5.211861,LFCCVFS,LFC
1158,26693,Dressel 20,Cerro de los Pesebres,Spain,37.752937,-5.211861,LFCCVFS,LFC
1159,26694,Dressel 20,Cerro de los Pesebres,Spain,37.752937,-5.211861,LFCCVFS,LFC
1160,26695,Dressel 20,Cerro de los Pesebres,Spain,37.752937,-5.211861,LFCCVFS,LFC
1161,26696,Dressel 20,Cerro de los Pesebres,Spain,37.752937,-5.211861,LFCCVFS,LFC
1162,26697,Dressel 20,Cerro de los Pesebres,Spain,37.752937,-5.211861,LFCCVFS,LFC
1163,26698,Dressel 20,Cerro de los Pesebres,Spain,37.752937,-5.211861,LFCCVFS,LFC
1164,26699,Dressel 20,Cerro de los Pesebres,Spain,37.752937,-5.211861,LFCCVFS,LFC
1165,26700,Dressel 20,Cerro de los Pesebres,Spain,37.752937,-5.211861,LFCCVFS,LFC
1166,26701,Dressel 20,Cerro de los Pesebres,Spain,37.752937,-5.211861,LFCCVFS,LFC
1167,26702,Dressel 20,Cerro de los Pesebres,Spain,37.752937,-5.211861,LFCCVFS,LFC
1168,26703,Dressel 20,Cerro de los Pesebres,Spain,37.752937,-5.211861,LFCCVFS,LFC
1169,26704,Dressel 20,Cerro de los Pesebres,Spain,37.752937,-5.211861,LFCCVFS,LFC
1170,26705,Dressel 20,Cerro de los Pesebres,Spain,37.752937,-5.211861,LFCCVFS,LFC
1171,26706,Dressel 20,Cerro de los Pesebres,Spain,37.752937,-5.211861,LFCCVFS,LFC
1172,26707,Dressel 20,Cerro de los Pesebres,Spain,37.752937,-5.211861,LFCCVFS,LFC
1173,26708,Dressel 20,Cerro de los Pesebres,Spain,37.752937,-5.211861,LFCCVFS,LFC
1174,26709,Dressel 20,Cerro de los Pesebres,Spain,37.752937,-5.211861,LFCCVFS,LFC
1175,26710,Dressel 20,Cerro de los Pesebres,Spain,37.752937,-5.211861,LFCCVFS,LFC
1176,26711,Dressel 20,Cerro de los Pesebres,Spain,37.752937,-5.211861,LFCCVFS,LFC
1177,26712,Dressel 20,Cerro de los Pesebres,Spain,37.752937,-5.211861,LFCCVFS,LFC
1178,26713,Dressel 20,Cerro de los Pesebres,Spain,37.752937,-5.211861,LFCCVFS,LFC
1179,26714,Dressel 20,Cerro de los Pesebres,Spain,37.752937,-5.211861,LFCCVFS,LFC
1180,26715,Dressel 20,Cerro de los Pesebres,Spain,37.752937,-5.211861,LFCCVFS,LFC
1181,26716,Dressel 20,Cerro de los Pesebres,Spain,37.752937,-5.211861,LFCCVFS,LFC
1182,26717,Dressel 20,Cerro de los Pesebres,Spain,37.752937,-5.211861,LFCCVFS,LFC
1183,26718,Dressel 20,Cerro de los Pesebres,Spain,37.752937,-5.211861,LFCCVFS,LFC
1184,26719,Dressel 20,Cerro de los Pesebres,Spain,37.752937,-5.211861,LFCCVFS,LFC
1185,26720,Dressel 20,Cerro de los Pesebres,Spain,37.752937,-5.211861,LFCCVFS,LFC
1186,26721,Dressel 20,Cerro de los Pesebres,Spain,37.752937,-5.211861,LFCCVFS,LFC
1187,26722,Dressel 20,Cerro de los Pesebres,Spain,37.752937,-5.211861,LFCCVFS,LFC
1188,26723,Dressel 20,Cerro de los Pesebres,Spain,37.752937,-5.211861,LFCCVFS,LFC
1189,26724,Dressel 20,Cerro de los Pesebres,Spain,37.752937,-5.211861,LFCCVFS,LFC
1190,26725,Dressel 20,Cerro de los Pesebres,Spain,37.752937,-5.211861,LFCCVFS,LFC
1191,26726,Dressel 20,Cerro de los Pesebres,Spain,37.752937,-5.211861,LFCCVFS,LFC
1192,26727,Dressel 20,Cerro de los Pesebres,Spain,37.752937,-5.211861,LFCCVFS,LFC
1193,26728,Dressel 20,Cerro de los Pesebres,Spain,37.752937,-5.211861,LFCCVFS,LFC
1194,26729,Dressel 20,Cerro de los Pesebres,Spain,37.752937,-5.211861,LFCCVFS,LFC
1195,26730,Dressel 20,Cerro de los Pesebres,Spain,37.752937,-5.211861,LFCCVFS,LFC
1196,26731,Dressel 20,Cerro de los Pesebres,Spain,37.752937,-5.211861,LFCCVFS,LFC
1197,26732,Dressel 20,Cerro de los Pesebres,Spain,37.752937,-5.211861,LFCCVFS,LFC
1198,26733,Dressel 20,Cerro de los Pesebres,Spain,37.752937,-5.211861,LFCCVFS,LFC
1199,26734,Dressel 20,Cerro de los Pesebres,Spain,37.752937,-5.211861,LFCCVFS,LFC
1200,26735,Dressel 20,Cerro de los Pesebres,Spain,37.752937,-5.211861,LFCCVFS,LFC
1201,26736,Dressel 20,Cerro de los Pesebres,Spain,37.752937,-5.211861,LFCCVFS,LFC
1202,26737,Dressel 20,Cerro de los Pesebres,Spain,37.752937,-5.211861,LFCCVFS,LFC
1203,26738,Dressel 20,Cerro de los Pesebres,Spain,37.752937,-5.211861,LFCCVFS,LFC
1204,26739,Dressel 20,Cerro de los Pesebres,Spain,37.752937,-5.211861,LFCCVFS,LFC
1205,26740,Dressel 20,Cerro de los Pesebres,Spain,37.752937,-5.211861,LFCCVFS,LFC
1206,26741,Dressel 20,Cerro de los Pesebres,Spain,37.752937,-5.211861,LFCCVFS,LFC
1207,26742,Dressel 20,Cerro de los Pesebres,Spain,37.752937,-5.211861,LFCCVFS,LFC
1208,26743,Dressel 20,Cerro de los Pesebres,Spain,37.752937,-5.211861,LFCCVFS,LFC
1209,26744,Dressel 20,Cerro de los Pesebres,Spain,37.752937,-5.211861,LFCCVFS,LFC
1210,26745,Dressel 20,Cerro de los Pesebres,Spain,37.752937,-5.211861,LFCCVFS,LFC
1211,26746,Dressel 20,Cerro de los Pesebres,Spain,37.752937,-5.211861,LFCCVFS,LFC
1212,26747,Dressel 20,Cerro de los Pesebres,Spain,37.752937,-5.211861,LFCCVFS,LFC
1213,26748,Dressel 20,Cerro de los Pesebres,Spain,37.752937,-5.211861,LFCCVFS,LFC
1214,26749,Dressel 20,Cerro de los Pesebres,Spain,37.752937,-5.211861,LFCCVFS,LFC
1215,26750,Dressel 20,Cerro de los Pesebres,Spain,37.752937,-5.211861,LFCCVFS,LFC
1216,26751,Dressel 20,Cerro de los Pesebres,Spain,37.752937,-5.211861,LFCCVFS & LFCCVFP,LFC
1217,26752,Dressel 20,Cerro de los Pesebres,Spain,37.752937,-5.211861,LFCCVFS,LFC
1218,26753,Dressel 20,Cerro de los Pesebres,Spain,37.752937,-5.211861,LFCCVFS,LFC
1219,26754,Dressel 20,Cerro de los Pesebres,Spain,37.752937,-5.211861,LFCCVFS,LFC
1220,26756,Dressel 20,Cerro de los Pesebres,Spain,37.752937,-5.211861,LFCCVFCA,LFC
1221,26851,Dressel 20,Cerro de los Pesebres,Spain,37.752937,-5.211861,SCALESIAG,SCALSIAG
1222,26858,Lebrillo,Cerro de los Pesebres,Spain,37.752937,-5.211861,APOLLONIS?,
1223,26860,Dressel 20,Cerro de los Pesebres,Spain,37.752937,-5.211861,SCALESIACAP & SCALESIACALP,SCALESIACAP
1224,26884,Dressel 20,Cerro de los Pesebres,Spain,37.752937,-5.211861,SCAGAB…,SCALGAB
1225,26885,Dressel 20,Cerro de los Pesebres,Spain,37.752937,-5.211861,SCALGABR…,SCALGAB
1226,26944,Dressel 20,Cerro de los Pesebres,Spain,37.752937,-5.211861,SCALESE,SCALESE
1227,26964,Dressel 20,Cerro de los Pesebres,Spain,37.752937,-5.211861,FIG,FIG 
1228,26979,Dressel 20,Cerro de los Pesebres,Spain,37.752937,-5.211861,SCA...M?,SCA...M
1229,26980,Dressel 20,Cerro de los Pesebres,Spain,37.752937,-5.211861,…LTPHI,
3380,842,Dressel 20,Cerro de los Pesebres,Spain,37.752937,-5.211861,PARV,
3381,843,Dressel 20,Cerro de los Pesebres,Spain,37.752937,-5.211861,MCC,MCC
3382,844,Dressel 20,Cerro de los Pesebres,Spain,37.752937,-5.211861,MCCDFM (MCGDFM),MCCDFM
3383,846,Dressel 20,Cerro de los Pesebres,Spain,37.752937,-5.211861,CELSI,CELSI
3384,848,Dressel 20,Cerro de los Pesebres,Spain,37.752937,-5.211861,CELSI,CELSI
3385,851,Dressel 20,Cerro de los Pesebres,Spain,37.752937,-5.211861,LFCCVF...,LFC
3386,853,Dressel 20,Cerro de los Pesebres,Spain,37.752937,-5.211861,LFCCVFS,LFC
3387,854,Dressel 20,Cerro de los Pesebres,Spain,37.752937,-5.211861,LFCCVFS,LFC
3388,855,Dressel 20,Cerro de los Pesebres,Spain,37.752937,-5.211861,LFCCVES,LFC
3389,856,Dressel 20,Cerro de los Pesebres,Spain,37.752937,-5.211861,LFCCVFS,LFC
3394,857,Dressel 20,Cerro de los Pesebres,Spain,37.752937,-5.211861,LFCCVFS,LFC
3395,858,Dressel 20,Cerro de los Pesebres,Spain,37.752937,-5.211861,LFCCVFS,LFC
3396,860,Dressel 20,Cerro de los Pesebres,Spain,37.752937,-5.211861,LFCCVFS,LFC
3397,861,Dressel 20,Cerro de los Pesebres,Spain,37.752937,-5.211861,LFCCVFS,LFC
3398,862,Dressel 20,Cerro de los Pesebres,Spain,37.752937,-5.211861,LFCCVFS,LFC
3399,863,Dressel 20,Cerro de los Pesebres,Spain,37.752937,-5.211861,LFCCVFS,LFC
3400,864,Dressel 20,Cerro de los Pesebres,Spain,37.752937,-5.211861,LFCCVFS,LFC
3401,865,Dressel 20,Cerro de los Pesebres,Spain,37.752937,-5.211861,LFCCVFS,LFC
3402,866,Dressel 20,Cerro de los Pesebres,Spain,37.752937,-5.211861,LFCCVFS,LFC
3403,867,Dressel 20,Cerro de los Pesebres,Spain,37.752937,-5.211861,LFCCVFS…,LFC
3404,868,Dressel 20,Cerro de los Pesebres,Spain,37.752937,-5.211861,LFCCVFS,LFC
3405,869,Dressel 20,Cerro de los Pesebres,Spain,37.752937,-5.211861,LFCCVFS,LFC
3406,870,Dressel 20,Cerro de los Pesebres,Spain,37.752937,-5.211861,LFCCVFS,LFC
3407,872,Dressel 20,Cerro de los Pesebres,Spain,37.752937,-5.211861,LFCVFS,LFC
3408,874,Dressel 20,Cerro de los Pesebres,Spain,37.752937,-5.211861,LFCCVFSF,LFC
3409,876,Dressel 20 parva,Cerro de los Pesebres,Spain,37.752937,-5.211861,LFFSCA,LFF
3410,877,Dressel 20 parva,Cerro de los Pesebres,Spain,37.752937,-5.211861,LFFSCA,LFF
3411,878,Dressel 20,Cerro de los Pesebres,Spain,37.752937,-5.211861,LFFSCA,LFF
3412,879,Dressel 20,Cerro de los Pesebres,Spain,37.752937,-5.211861,LFFSCA,LFF
3413,880,Dressel 20,Cerro de los Pesebres,Spain,37.752937,-5.211861,LFFSCA,LFF
3414,881,Dressel 20,Cerro de los Pesebres,Spain,37.752937,-5.211861,LFFSCA,LFF
3415,882,Dressel 20,Cerro de los Pesebres,Spain,37.752937,-5.211861,LFFSCA,LFF
3416,885,Dressel 20,Cerro de los Pesebres,Spain,37.752937,-5.211861,LFLVCCVFS,LFLVC
3417,886,Dressel 20,Cerro de los Pesebres,Spain,37.752937,-5.211861,LFLVCCVFS,LFLVC
3418,887,Dressel 20,Cerro de los Pesebres,Spain,37.752937,-5.211861,LFLVCCVFS,LFLVC
3419,890,Dressel 20,Cerro de los Pesebres,Spain,37.752937,-5.211861,LFLVCCVFS,LFLVC
3420,893,Dressel 20,Cerro de los Pesebres,Spain,37.752937,-5.211861,LFLVCCVFS,LFLVC
3421,898,Dressel 20,Cerro de los Pesebres,Spain,37.752937,-5.211861,QSASC,QSA
3422,901,Dressel 20,Cerro de los Pesebres,Spain,37.752937,-5.211861,FSC,FSC 
3423,903,Dressel 20,Cerro de los Pesebres,Spain,37.752937,-5.211861,SCALENSIA,SCALENSIA 
3424,907,Dressel 20,Cerro de los Pesebres,Spain,37.752937,-5.211861,S,S
122,11461,Dressel 20,Malpica,Spain,37.671559,-5.20847,CIALIB,CIALB
123,11476,Dressel 20,Malpica,Spain,37.671559,-5.20847,CIALBF,CIALB
124,11480,Dressel 20,Malpica,Spain,37.671559,-5.20847,CIAL,CIALB
125,11482,Dressel 20,Malpica,Spain,37.671559,-5.20847,CYALB?,
126,11509,Dressel 20,Malpica,Spain,37.671559,-5.20847,QIVTES,
127,11510,Dressel 20,Malpica,Spain,37.671559,-5.20847,QIVTES,
128,11511,Dressel 20,Malpica,Spain,37.671559,-5.20847,QIVTES,
129,11514,Dressel 20,Malpica,Spain,37.671559,-5.20847,CIVE,CIVE
130,11515,Dressel 20,Malpica,Spain,37.671559,-5.20847,GIVENALBEI,CIALB
277,12420,Dressel 20,Malpica,Spain,37.671559,-5.20847,ABF,ABF
278,12434,Dressel 20,Malpica,Spain,37.671559,-5.20847,QI...,QI
279,12435,Dressel 20,Malpica,Spain,37.671559,-5.20847,QA...,
280,12437,Dressel 20,Malpica,Spain,37.671559,-5.20847,...ALPAHC,
281,12439,Dressel 20,Malpica,Spain,37.671559,-5.20847,LEP...,LEP
332,12832,Dressel 20,Malpica,Spain,37.671559,-5.20847,CIIALB,CIALB
333,12836,Dressel 20,Malpica,Spain,37.671559,-5.20847,QIGSEG,QIC
334,12837,Dressel 20,Malpica,Spain,37.671559,-5.20847,QIMEN,QIM
335,12839,Dressel 20,Malpica,Spain,37.671559,-5.20847,...MXIEM...vel...MXIEN...,
134,11528,Dressel 20,Villacisneros,Spain,37.762993,-5.199238,LFCCVFS,LFC
135,11529,Dressel 20,Villacisneros,Spain,37.762993,-5.199238,LFCCVFS,LFC
136,11530,Dressel 20,Villacisneros,Spain,37.762993,-5.199238,LFCCVFS,LFC
46,10941,Dressel 20,Tarancón,Spain,37.649374,-5.197134,LAL,LAEL
47,10942,Dressel 20,Tarancón,Spain,37.649374,-5.197134,MMEVI & MMEN,
48,10943,Dressel 20,Tarancón,Spain,37.649374,-5.197134,LAL,LAEL
49,10944,Dressel 20,Tarancón,Spain,37.649374,-5.197134,...ILVI,
50,10945,Dressel 20,Tarancón,Spain,37.649374,-5.197134,OM...?,OM
51,10946,Dressel 20,Tarancón,Spain,37.649374,-5.197134,...TATI,
94,11258,Dressel 20,Tarancón Oeste,Spain,37.649374,-5.197134,...ONES,
95,11259,Dressel 20,Tarancón Oeste,Spain,37.649374,-5.197134,VNA,VNA
96,11260,Dressel 20,Tarancón Oeste,Spain,37.649374,-5.197134,VNAI,VNAI
97,11263,Dressel 20,Tarancón Oeste,Spain,37.649374,-5.197134,...LAL,
98,11265,Dressel 20,Tarancón Oeste,Spain,37.649374,-5.197134,LVALCHAE,LVALCHAE
99,11267,Dressel 20,Tarancón Oeste,Spain,37.649374,-5.197134,SV… & LAL,
273,12410,Dressel 20,Tarancón Oeste,Spain,37.649374,-5.197134,STATI,STATI
274,12411,Dressel 20,Tarancón Oeste,Spain,37.649374,-5.197134,LAL,LAEL
275,12412,Dressel 20,Tarancón Oeste,Spain,37.649374,-5.197134,LS...,
276,12413,Dressel 20,Tarancón Oeste,Spain,37.649374,-5.197134,...MC...,
43,10936,Dressel 20,Las Valbuenas,Spain,37.65358,-5.184784,LAL & LAEL,LAEL
44,10939,Dressel 20,Las Valbuenas,Spain,37.65358,-5.184784,…FSVO,
45,10940,Dressel 20,Las Valbuenas,Spain,37.65358,-5.184784,QIAF,QIA
68,11072,Dressel 20,Las Valbuenas,Spain,37.65358,-5.184784,...FSVO?,
271,12405,Dressel 20,Las Valbuenas,Spain,37.65358,-5.184784,LAL,LAEL
272,12407,Dressel 20,Las Valbuenas,Spain,37.65358,-5.184784,QIAF...,QIA
336,12840,Dressel 20,Las Valbuenas,Spain,37.65358,-5.184784,?,
36,10915,Dressel 20,Doña Mencia,Spain,37.638263,-5.165148,LIDFITALICAE,LIDFIT
37,10916,Dressel 20,Doña Mencia,Spain,37.638263,-5.165148,FIGEDI?,AELIFVSCIANI
38,10931,Dressel 20,Doña Mencia,Spain,37.638263,-5.165148,SIP,SIP
39,10932,Dressel 20,Doña Mencia,Spain,37.638263,-5.165148,SIP,SIP
40,10933,Dressel 20,Doña Mencia,Spain,37.638263,-5.165148,SIP,SIP
41,10934,Dressel 20,Doña Mencia,Spain,37.638263,-5.165148,IAIO...,IAIO...
42,10935,Dressel 20,Doña Mencia,Spain,37.638263,-5.165148,IAIO...,IAIO...
266,12398,Dressel 20,Doña Mencia,Spain,37.638263,-5.165148,...FC,
267,12399,Dressel 20,Doña Mencia,Spain,37.638263,-5.165148,LIDFITALIC,LIDFIT
268,12400,Dressel 20,Doña Mencia,Spain,37.638263,-5.165148,LIDFITALICAE?,LIDFIT
269,12401,Dressel 20,Doña Mencia,Spain,37.638263,-5.165148,LIDFITALICAE?,LIDFIT
270,12403,Dressel 20,Doña Mencia,Spain,37.638263,-5.165148,LICC...?,
3211,41692,Dressel 20,Doña Mencia,Spain,37.638263,-5.165148,MAERIFICIANI,
3212,41693,Dressel 20,Doña Mencia,Spain,37.638263,-5.165148,QCCFC,
3213,41694,Dressel 20,Doña Mencia,Spain,37.638263,-5.165148,QCCFC,
3214,41695,Dressel 20,Doña Mencia,Spain,37.638263,-5.165148,FC,
3215,41696,Dressel 20,Doña Mencia,Spain,37.638263,-5.165148,FC,
3216,41697,Dressel 20,Doña Mencia,Spain,37.638263,-5.165148,FC,
3217,41698,Dressel 20,Doña Mencia,Spain,37.638263,-5.165148,FCAV,
3218,41699,Dressel 20,Doña Mencia,Spain,37.638263,-5.165148,FCAV,
3219,41700,Dressel 20,Doña Mencia,Spain,37.638263,-5.165148,EVCLK,
3220,41701,Dressel 20,Doña Mencia,Spain,37.638263,-5.165148,GCLK,
3221,41702,Dressel 20,Doña Mencia,Spain,37.638263,-5.165148,SCLC,
3222,41703,Dressel 20,Doña Mencia,Spain,37.638263,-5.165148,SCLC,
143,11621,Dressel 20,La Corregidora,Spain,37.772275,-5.162394,FEDOPP,FEDOPP
144,11638,Dressel 20,La Corregidora,Spain,37.772275,-5.162394,MAVR,
145,11639,Dressel 20,La Corregidora,Spain,37.772275,-5.162394,MAVR,
146,11640,Dressel 20,La Corregidora,Spain,37.772275,-5.162394,...RND?,
230,12255,Dressel 20,La Corregidora,Spain,37.772275,-5.162394,FIGEDOPAEFVSCIANI,AELIFVSCIANI
231,12256,Dressel 20,La Corregidora,Spain,37.772275,-5.162394,FIGEDPPAEF,AELIFVSCIANI
232,12258,Dressel 20,La Corregidora,Spain,37.772275,-5.162394,IMPIGI & MPIGI,IMPIGI
233,12259,Dressel 20,La Corregidora,Spain,37.772275,-5.162394,...FRI?,
234,12260,Dressel 20,La Corregidora,Spain,37.772275,-5.162394,IMPIGI,IMPIGI
330,12814,Dressel 20,La Corregidora,Spain,37.772275,-5.162394,PM,
492,13263,Dressel 20,La Corregidora,Spain,37.772275,-5.162394,...OC...A....,
493,13266,Dressel 20,La Corregidora,Spain,37.772275,-5.162394,PM...,
256,12375,Dressel 20,Las Ánimas,Spain,37.635572,-5.153187,LAGER,LAVRELIGERMANI
257,12379,Dressel 20,Las Ánimas,Spain,37.635572,-5.153187,LFCCVCAT...,LFC
258,12380,Dressel 20,Las Ánimas,Spain,37.635572,-5.153187,LFL...?,LFLVC
259,12381,Dressel 20,Las Ánimas,Spain,37.635572,-5.153187,LFCC...,LFC
15,10883,Dressel 20,Isla del Castillo,Spain,37.621484,-5.134134,MIM,MIM
16,10884,Dressel 20,Isla del Castillo,Spain,37.621484,-5.134134,MIM,MIM
17,10885,Dressel 20,Isla del Castillo,Spain,37.621484,-5.134134,MIM,MIM
18,10886,Dressel 20,Isla del Castillo,Spain,37.621484,-5.134134,LAGER,LAVRELIGERMANI
19,10887,Dressel 20,Isla del Castillo,Spain,37.621484,-5.134134,LAGER,LAVRELIGERMANI
20,10888,Dressel 20,Isla del Castillo,Spain,37.621484,-5.134134,LAGER,LAVRELIGERMANI
21,10889,Dressel 20,Isla del Castillo,Spain,37.621484,-5.134134,LA...,
22,10890,Dressel 20,Isla del Castillo,Spain,37.621484,-5.134134,LAGER,LAVRELIGERMANI
23,10891,Dressel 20,Isla del Castillo,Spain,37.621484,-5.134134,LFCCVCAT,LFC
24,10892,Dressel 20,Isla del Castillo,Spain,37.621484,-5.134134,LFCCVCAT,LFC
25,10893,Dressel 20,Isla del Castillo,Spain,37.621484,-5.134134,LFCCVFCAT,LFC
26,10894,Dressel 20,Isla del Castillo,Spain,37.621484,-5.134134,LFCCVCAS,LFC
27,10896,Dressel 20,Isla del Castillo,Spain,37.621484,-5.134134,LFCCVFC...,LFC
28,10900,Dressel 20,Isla del Castillo,Spain,37.621484,-5.134134,LFCCVCAT,LFC
29,10901,Dressel 20,Isla del Castillo,Spain,37.621484,-5.134134,LFCCVCAT,LFC
30,10902,Dressel 20,Isla del Castillo,Spain,37.621484,-5.134134,LFCCVFCAT,LFC
31,10903,Dressel 20,Isla del Castillo,Spain,37.621484,-5.134134,LFCCVCAS,LFC
32,10904,Dressel 20,Isla del Castillo,Spain,37.621484,-5.134134,?,
33,10908,Dressel 20,Isla del Castillo,Spain,37.621484,-5.134134,CIDIOF...,CIDIOF
34,10909,Dressel 20,Isla del Castillo,Spain,37.621484,-5.134134,EIV...AL?,
35,10914,Dressel 20,Isla del Castillo,Spain,37.621484,-5.134134,LFCCVFCAT,LFC
255,12374,Dressel 20,Isla del Castillo,Spain,37.621484,-5.134134,PLC…,
260,12383,Dressel 20,Isla del Castillo,Spain,37.621484,-5.134134,CEMT...?,
261,12384,Dressel 20,Isla del Castillo,Spain,37.621484,-5.134134,...CCAV...?,
262,12385,Dressel 20,Isla del Castillo,Spain,37.621484,-5.134134,GF...,
263,12386,Dressel 20,Isla del Castillo,Spain,37.621484,-5.134134,LAGER,LAVRELIGERMANI
264,12387,Dressel 20,Isla del Castillo,Spain,37.621484,-5.134134,LAGER,LAVRELIGERMANI
265,12388,Dressel 20,Isla del Castillo,Spain,37.621484,-5.134134,LAGER,LAVRELIGERMANI
337,12843,Dressel 20,Isla del Castillo,Spain,37.621484,-5.134134,...A...,
338,12845,Dressel 20,Isla del Castillo,Spain,37.621484,-5.134134,FEL...,FEL...
648,13754,Dressel 20,Isla del Castillo,Spain,37.621484,-5.134134,LFCCVFC...,LFC
173,11821,Dressel 20,Barranco del Picacho,Spain,37.766491,-5.125061,FCVCVM,FCVCV
174,11822,Dressel 20,Barranco del Picacho,Spain,37.766491,-5.125061,NICEFVAR,NICEFVAR
175,11823,Dressel 20,Barranco del Picacho,Spain,37.766491,-5.125061,VAR,VAR
176,11824,Dressel 20,Barranco del Picacho,Spain,37.766491,-5.125061,VAR,VAR
177,11825,Dressel 20,Barranco del Picacho,Spain,37.766491,-5.125061,VAR,VAR
178,11826,Dressel 20,Barranco del Picacho,Spain,37.766491,-5.125061,LFCT...?,LFCT
179,11829,Dressel 20,Barranco del Picacho,Spain,37.766491,-5.125061,CVA,CVA
180,11830,Dressel 20,Barranco del Picacho,Spain,37.766491,-5.125061,...ME,
181,11831,Dressel 20,Barranco del Picacho,Spain,37.766491,-5.125061,...ME,
182,11832,Dressel 20,Barranco del Picacho,Spain,37.766491,-5.125061,FCVCVM,FCVCV
183,11833,Dressel 20,Barranco del Picacho,Spain,37.766491,-5.125061,FCVCVM,FCVCV
184,11835,Dressel 20,Barranco del Picacho,Spain,37.766491,-5.125061,FCVCVM,FCVCV
185,11836,Dressel 20,Barranco del Picacho,Spain,37.766491,-5.125061,CCNS,CCNS
186,11837,Dressel 20,Barranco del Picacho,Spain,37.766491,-5.125061,CCNS,CCNS
187,11838,Dressel 20,Barranco del Picacho,Spain,37.766491,-5.125061,CCNS,CCNS
188,11839,Dressel 20,Barranco del Picacho,Spain,37.766491,-5.125061,FCVCV & FCVCVM,FCVCV
7,10867,Dressel 20,Alcotrista,Spain,37.614189,-5.115609,LFCATAE,LFC
8,10873,Dressel 20,Alcotrista,Spain,37.614189,-5.115609,...LFC...,
9,10875,Dressel 20,Alcotrista,Spain,37.614189,-5.115609,COF…,
10,10876,Dressel 20,Alcotrista,Spain,37.614189,-5.115609,LACONE & LACONF,
11,10878,Dressel 20,Alcotrista,Spain,37.614189,-5.115609,Q...FC...,
12,10879,Dressel 20,Alcotrista,Spain,37.614189,-5.115609,CSIVAASFCA?,CSIVAASFCA
13,10880,Dressel 20,Alcotrista,Spain,37.614189,-5.115609,CCCOV,
65,11066,Dressel 20,Alcotrista,Spain,37.614189,-5.115609,LFCS?,LFCS
66,11067,Dressel 20,Alcotrista,Spain,37.614189,-5.115609,...FE...,
67,11069,Dressel 20,Alcotrista,Spain,37.614189,-5.115609,MPS,
237,12319,Dressel 20,Alcotrista,Spain,37.614189,-5.115609,LAGER,LAVRELIGERMANI
238,12320,Dressel 20,Alcotrista,Spain,37.614189,-5.115609,LACONF,
239,12324,Dressel 20,Alcotrista,Spain,37.614189,-5.115609,LFCS,LFCS
240,12326,Dressel 20,Alcotrista,Spain,37.614189,-5.115609,LFCS,LFCS
241,12327,Dressel 20,Alcotrista,Spain,37.614189,-5.115609,CFS & CFL,CFS
242,12329,Dressel 20,Alcotrista,Spain,37.614189,-5.115609,LFCS...,LFCS
243,12331,Dressel 20,Alcotrista,Spain,37.614189,-5.115609,LCCO...,LCCO
244,12332,Dressel 20,Alcotrista,Spain,37.614189,-5.115609,LFCCOL…,LFC
245,12335,Dressel 20,Alcotrista,Spain,37.614189,-5.115609,LOCCAI,LOCCAI
246,12337,Dressel 20,Alcotrista,Spain,37.614189,-5.115609,LFCS,LFCS
247,12339,Dressel 20,Alcotrista,Spain,37.614189,-5.115609,LFCCOL & LFCCOLL,LFC
248,12340,Dressel 20,Alcotrista,Spain,37.614189,-5.115609,...C,
249,12345,Dressel 20,Alcotrista,Spain,37.614189,-5.115609,LFCBCOLL & LFCBCOE & FLFCBCOLE,LFC
250,12352,Dressel 20,Alcotrista,Spain,37.614189,-5.115609,...FE...?,
251,12353,Dressel 20,Alcotrista,Spain,37.614189,-5.115609,FABI,FABI
252,12354,Dressel 20,Alcotrista,Spain,37.614189,-5.115609,...MECI?,
253,12356,Dressel 20,Alcotrista,Spain,37.614189,-5.115609,LVAGER,
254,12357,Dressel 20,Alcotrista,Spain,37.614189,-5.115609,LAVGEBC,LAVRELIGERMANI
339,12847,Dressel 20,Alcotrista,Spain,37.614189,-5.115609,PSAVIT,PSAVITI
340,12851,Dressel 20,Alcotrista,Spain,37.614189,-5.115609,...GAQVE,
341,12853,Dressel 20,Alcotrista,Spain,37.614189,-5.115609,LACONE,
342,12855,Dressel 20,Alcotrista,Spain,37.614189,-5.115609,...LAVRGER,
147,11642,Dressel 20,La Estrella,Spain,37.780204,-5.109427,FCVCVM?,FCVCV
227,12203,Dressel 20,La Estrella,Spain,37.780204,-5.109427,AATF,AATF
228,12204,Dressel 20,La Estrella,Spain,37.780204,-5.109427,CCNS,CCNS
229,12206,Dressel 20,La Estrella,Spain,37.780204,-5.109427,CVVA,CVVA
328,12804,Dressel 20,La Estrella,Spain,37.780204,-5.109427,LFCDN?,LFC
329,12805,Dressel 20,La Estrella,Spain,37.780204,-5.109427,...CCVF...,
1,10839,Dressel 20,Las Delicias,Spain,37.585951,-5.088429,IICAMILIMELISSI,
2,10840,Dressel 20,Las Delicias,Spain,37.585951,-5.088429,IICAMILIMELISSI,CAMILIMELISSI
3,10845,Dressel 20,Las Delicias,Spain,37.585951,-5.088429,IIMELISI,LIVNIMELISSI
4,10849,Dressel 20,Las Delicias,Spain,37.585951,-5.088429,...LIC,
5,10853,Dressel 20,Las Delicias,Spain,37.585951,-5.088429,PSAT & PSTA,
6,10854,Dressel 20,Las Delicias,Spain,37.585951,-5.088429,FEL,FEL 
52,10949,Dressel 20,Las Delicias,Spain,37.585951,-5.088429,...IVI,
61,11049,Dressel 20,Las Delicias,Spain,37.585951,-5.088429,LVIVCV,LVIVCV
62,11052,Dressel 20,Las Delicias,Spain,37.585951,-5.088429,IICAMILIMELISSI,CAMILIMELISSI
63,11056,Dressel 20,Las Delicias,Spain,37.585951,-5.088429,SILVESTRI,SILVESTRI
64,11062,Dressel 20,Las Delicias,Spain,37.585951,-5.088429,GERM...,GERM...
235,12312,Dressel 20,Las Delicias,Spain,37.585951,-5.088429,...MY...,
343,12861,Dressel 20,Las Delicias,Spain,37.585951,-5.088429,LVIVC,LVIVCV
344,12862,Dressel 20,Las Delicias,Spain,37.585951,-5.088429,LVIVCV,LVIVCV
345,12867,Dressel 20,Las Delicias,Spain,37.585951,-5.088429,IISILVESTRI,IISILVESTRI
346,12868,Dressel 20,Las Delicias,Spain,37.585951,-5.088429,SILVESTRI,SILVESTRI
347,12869,Dressel 20,Las Delicias,Spain,37.585951,-5.088429,IICAMILIMELISSI,CAMILIMELISSI
348,12880,Dressel 20,Las Delicias,Spain,37.585951,-5.088429,FELICI,FELICIS
349,12881,Dressel 20,Las Delicias,Spain,37.585951,-5.088429,FELICI,FELICIS
350,12884,Dressel 20,Las Delicias,Spain,37.585951,-5.088429,...IVM?,
351,12885,Dressel 20,Las Delicias,Spain,37.585951,-5.088429,...ROMAN,
352,12887,Dressel 20,Las Delicias,Spain,37.585951,-5.088429,...L...,
353,12889,Dressel 20,Las Delicias,Spain,37.585951,-5.088429,SY...,SY...
1304,28455,Dressel 20,Las Delicias,Spain,37.585951,-5.088429,QIS,QIS
2994,38784,Dressel 20,Las Delicias,Spain,37.585951,-5.088429,GERMA,GERMA
2995,38785,Dressel 20,Las Delicias,Spain,37.585951,-5.088429,GERMA,GERMA
2996,38786,Dressel 20,Las Delicias,Spain,37.585951,-5.088429,GERMA,GERMA
2997,38787,Dressel 20,Las Delicias,Spain,37.585951,-5.088429,GERMA,GERMA
2998,38788,Dressel 20,Las Delicias,Spain,37.585951,-5.088429,GERMA,GERMA
2999,38789,Dressel 20,Las Delicias,Spain,37.585951,-5.088429,GERMA,GERMA
3000,38790,Dressel 20,Las Delicias,Spain,37.585951,-5.088429,GERMA,GERMA
3001,38791,Dressel 20,Las Delicias,Spain,37.585951,-5.088429,GERMA,GERMA
3002,38792,Dressel 20,Las Delicias,Spain,37.585951,-5.088429,GERMA,GERMA
3003,38793,Dressel 20,Las Delicias,Spain,37.585951,-5.088429,PSAVITI,PSAVITI
3004,38794,Dressel 20,Las Delicias,Spain,37.585951,-5.088429,PSAVITI,PSAVITI
3005,38795,Dressel 20,Las Delicias,Spain,37.585951,-5.088429,PSAVITI,PSAVITI
3006,38796,Dressel 20,Las Delicias,Spain,37.585951,-5.088429,PSAVITI,PSAVITI
3007,38797,Dressel 20,Las Delicias,Spain,37.585951,-5.088429,P…,
3008,38798,Dressel 20,Las Delicias,Spain,37.585951,-5.088429,SED.AVITI,SEDAVITI
3009,38799,Dressel 20,Las Delicias,Spain,37.585951,-5.088429,SED.AVITI,SEDAVITI
3010,38800,Dressel 20,Las Delicias,Spain,37.585951,-5.088429,SED.AVITI,SEDAVITI
3011,38801,Dressel 20,Las Delicias,Spain,37.585951,-5.088429,IVCVNDI,IVCVNDI
3012,38802,Dressel 20,Las Delicias,Spain,37.585951,-5.088429,IVCVNDI,IVCVNDI
3013,38803,Dressel 20,Las Delicias,Spain,37.585951,-5.088429,LVIVC,LVIVCV
3014,38804,Dressel 20,Las Delicias,Spain,37.585951,-5.088429,LVIVC,LVIVCV
3015,38805,Dressel 20,Las Delicias,Spain,37.585951,-5.088429,ROMANI,ROMANI
3016,38806,Dressel 20,Las Delicias,Spain,37.585951,-5.088429,GE.HE,GEHE
3017,38807,Dressel 20,Las Delicias,Spain,37.585951,-5.088429,…,
3018,38808,Dressel 20,Las Delicias,Spain,37.585951,-5.088429,…,
3019,38809,Dressel 20,Las Delicias,Spain,37.585951,-5.088429,ADE,
3020,38810,Dressel 20,Las Delicias,Spain,37.585951,-5.088429,IVCVNDI,IVCVNDI
3021,38811,Alia,Las Delicias,Spain,37.585951,-5.088429,GE.HE,
3022,38812,Dressel 20,Las Delicias,Spain,37.585951,-5.088429,FELIC,FELICIS
3023,38813,Dressel 20,Las Delicias,Spain,37.585951,-5.088429,FELIC,FELICIS
3024,38814,Dressel 20,Las Delicias,Spain,37.585951,-5.088429,FELIC,FELICIS
3025,38815,Dressel 20,Las Delicias,Spain,37.585951,-5.088429,FELIC,FELICIS
3026,38816,Dressel 20,Las Delicias,Spain,37.585951,-5.088429,FELIC,FELICIS
3027,38817,Dressel 20,Las Delicias,Spain,37.585951,-5.088429,GELAD…,GELAD...
3028,38818,Dressel 20,Las Delicias,Spain,37.585951,-5.088429,ITALICI,ITALICI
3029,38819,Dressel 20,Las Delicias,Spain,37.585951,-5.088429,…,
3030,38820,Dressel 20,Las Delicias,Spain,37.585951,-5.088429,…,
3031,38821,Dressel 20,Las Delicias,Spain,37.585951,-5.088429,PSAVITI,PSAVITI
3032,38822,Dressel 20,Las Delicias,Spain,37.585951,-5.088429,IIIVNMELISSIETMELISSE,LIVNIMELISSI
3033,38823,Dressel 20,Las Delicias,Spain,37.585951,-5.088429,IIIVNMELISSIETMELISSE,LIVNIMELISSI
3034,38824,Dressel 20,Las Delicias,Spain,37.585951,-5.088429,IIIVNMELISSIETMELISSE,LIVNIMELISSI
3035,38825,Dressel 20,Las Delicias,Spain,37.585951,-5.088429,IIIVNMELISSIETMELISSE,LIVNIMELISSI
3036,38826,Dressel 20,Las Delicias,Spain,37.585951,-5.088429,IIIVNMELISSIETMELISSE,LIVNIMELISSI
3037,38827,Dressel 20,Las Delicias,Spain,37.585951,-5.088429,IIIVNMELISSIETMELISSE,LIVNIMELISSI
3038,38828,Dressel 20,Las Delicias,Spain,37.585951,-5.088429,IIIVNMELISSIETMELISSE,LIVNIMELISSI
3039,38829,Dressel 20,Las Delicias,Spain,37.585951,-5.088429,IIIVNMELISSIETMELISSE,LIVNIMELISSI
3040,38830,Dressel 20,Las Delicias,Spain,37.585951,-5.088429,IIIVNMELISSIETMELISSE,LIVNIMELISSI
3041,38831,Dressel 20,Las Delicias,Spain,37.585951,-5.088429,IIIVNMELISSIETMELISSE ((HEDERA)),LIVNIMELISSI
3042,38832,Dressel 20,Las Delicias,Spain,37.585951,-5.088429,IIIVNMELISSIETMELISSE ((HEDERA)),LIVNIMELISSI
3043,38833,Dressel 20,Las Delicias,Spain,37.585951,-5.088429,IIIVNMELISSIETMELISSE ((HEDERA)),LIVNIMELISSI
3044,38834,Dressel 20,Las Delicias,Spain,37.585951,-5.088429,IIIVNMELISSIETMELISSE ((HEDERA)),LIVNIMELISSI
3045,38835,Dressel 20,Las Delicias,Spain,37.585951,-5.088429,IIIVNMELISSIETMELISSE ((HEDERA)),LIVNIMELISSI
3046,38836,Dressel 20,Las Delicias,Spain,37.585951,-5.088429,IIIVNMELISSIETMELISSE ((HEDERA)),LIVNIMELISSI
3047,38837,Dressel 20,Las Delicias,Spain,37.585951,-5.088429,IIIVNMELISSIETMELISSE ((HEDERA)),LIVNIMELISSI
3048,38838,Dressel 20,Las Delicias,Spain,37.585951,-5.088429,IIIVNMELISSIETMELISSE ((HEDERA)),LIVNIMELISSI
3049,38839,Dressel 20,Las Delicias,Spain,37.585951,-5.088429,IIIVNMELISSIETMELISSE ((HEDERA)),LIVNIMELISSI
3050,38840,Dressel 20,Las Delicias,Spain,37.585951,-5.088429,IIIVNMELISSIETMELISSE ((HEDERA)),LIVNIMELISSI
3051,38841,Dressel 20,Las Delicias,Spain,37.585951,-5.088429,IIIVNMELISSIETMELISSE ((HEDERA)),LIVNIMELISSI
3052,38842,Dressel 20,Las Delicias,Spain,37.585951,-5.088429,IIIVNMELISSIETMELISSE ((HEDERA)),LIVNIMELISSI
3053,38843,Dressel 20,Las Delicias,Spain,37.585951,-5.088429,IIIVNMELISSIETMELISSE ((HEDERA)),LIVNIMELISSI
3054,38844,Dressel 20,Las Delicias,Spain,37.585951,-5.088429,IIIVNMELISSIETMELISSE ((HEDERA)),LIVNIMELISSI
3055,38845,Dressel 20,Las Delicias,Spain,37.585951,-5.088429,IIIVNMELISSIETMELISSE ((HEDERA)),LIVNIMELISSI
3056,38846,Dressel 20,Las Delicias,Spain,37.585951,-5.088429,IIIVNMELISSIETMELISSE ((HEDERA)),LIVNIMELISSI
3057,38847,Dressel 20,Las Delicias,Spain,37.585951,-5.088429,IIIVNMELISSIETMELISSE ((HEDERA)),LIVNIMELISSI
3058,38848,Dressel 20,Las Delicias,Spain,37.585951,-5.088429,IIIVNMELISSIETMELISSE ((HEDERA)),LIVNIMELISSI
3059,38849,Dressel 20,Las Delicias,Spain,37.585951,-5.088429,IIIVNMELISSIETMELISSE ((HEDERA)),LIVNIMELISSI
3060,38850,Dressel 20,Las Delicias,Spain,37.585951,-5.088429,IIIVNMELISSIETMELISSE ((HEDERA)),LIVNIMELISSI
3061,38851,Dressel 20,Las Delicias,Spain,37.585951,-5.088429,IIIVNMELISSIETMELISSE ((HEDERA)),LIVNIMELISSI
3062,38852,Dressel 20,Las Delicias,Spain,37.585951,-5.088429,IIIVNMELISSIETMELISSE ((HEDERA)),LIVNIMELISSI
3063,38853,Dressel 20,Las Delicias,Spain,37.585951,-5.088429,IIIVNMELISSIETMELISSE ((HEDERA)),LIVNIMELISSI
3064,38854,Dressel 20,Las Delicias,Spain,37.585951,-5.088429,IIIVNMELISSIETMELISSE ((HEDERA)),LIVNIMELISSI
3065,38855,Dressel 20,Las Delicias,Spain,37.585951,-5.088429,IIIVNMELISSIETMELISSE ((HEDERA)),LIVNIMELISSI
3066,38856,Dressel 20,Las Delicias,Spain,37.585951,-5.088429,IIIVNMELISSIETMELISSE ((HEDERA)),LIVNIMELISSI
3067,38857,Dressel 20,Las Delicias,Spain,37.585951,-5.088429,IIIVNMELISSIETMELISSE ((HEDERA)),LIVNIMELISSI
3068,38858,Dressel 20,Las Delicias,Spain,37.585951,-5.088429,IIIVNMELISSIETMELISSE ((HEDERA)),LIVNIMELISSI
3069,38859,Dressel 20,Las Delicias,Spain,37.585951,-5.088429,IIIVNMELISSIETMELISSE ((HEDERA)),LIVNIMELISSI
3070,38860,Dressel 20,Las Delicias,Spain,37.585951,-5.088429,IIIVNMELISSIETMELISSE ((HEDERA)),LIVNIMELISSI
3071,38861,Dressel 20,Las Delicias,Spain,37.585951,-5.088429,IIIVNMELISSIETMELISSE ((HEDERA)),LIVNIMELISSI
3072,38862,Dressel 20,Las Delicias,Spain,37.585951,-5.088429,IIIVNMELISSIETMELISSE ((HEDERA)),LIVNIMELISSI
3073,38863,Dressel 20,Las Delicias,Spain,37.585951,-5.088429,IIIVNMELISSIETMELISSE ((HEDERA)),LIVNIMELISSI
3074,38864,Dressel 20,Las Delicias,Spain,37.585951,-5.088429,IIIVNMELISSIETMELISSE ((HEDERA)),LIVNIMELISSI
3075,38865,Dressel 20,Las Delicias,Spain,37.585951,-5.088429,IIIVNMELISSIETMELISSE ((HEDERA)),LIVNIMELISSI
3076,38866,Dressel 20,Las Delicias,Spain,37.585951,-5.088429,IIIVNMELISSIETMELISSE ((HEDERA)),LIVNIMELISSI
3077,38867,Dressel 20,Las Delicias,Spain,37.585951,-5.088429,IIIVNMELISSIETMELISSE ((HEDERA)),LIVNIMELISSI
3078,38868,Dressel 20,Las Delicias,Spain,37.585951,-5.088429,IIIVNMELISSIETMELISSE ((HEDERA)),LIVNIMELISSI
3079,38869,Dressel 20,Las Delicias,Spain,37.585951,-5.088429,IIIVNMELISSIETMELISSE ((HEDERA)),LIVNIMELISSI
3080,38870,Dressel 20,Las Delicias,Spain,37.585951,-5.088429,IIIVNMELISSIETMELISSE ((HEDERA)),LIVNIMELISSI
3081,38871,Dressel 20,Las Delicias,Spain,37.585951,-5.088429,IIIVNMELISSIETMELISSE ((HEDERA)),LIVNIMELISSI
3082,38872,Dressel 20,Las Delicias,Spain,37.585951,-5.088429,IIIVNMELISSIETMELISSE ((HEDERA)),LIVNIMELISSI
3083,38873,Dressel 20,Las Delicias,Spain,37.585951,-5.088429,IIIVNMELISSIETMELISSE ((HEDERA)),LIVNIMELISSI
3084,38874,Dressel 20,Las Delicias,Spain,37.585951,-5.088429,IIIVNMELISSIETMELISSE ((HEDERA)),LIVNIMELISSI
3085,38875,Dressel 20,Las Delicias,Spain,37.585951,-5.088429,IIIVNMELISSIETMELISSE ((HEDERA)),LIVNIMELISSI
3086,38876,Dressel 20,Las Delicias,Spain,37.585951,-5.088429,IIIVNMELISSIETMELISSE ((HEDERA)),LIVNIMELISSI
3087,38877,Dressel 20,Las Delicias,Spain,37.585951,-5.088429,IIIVNMELISSIETMELISSE ((HEDERA)),LIVNIMELISSI
3088,38878,Dressel 20,Las Delicias,Spain,37.585951,-5.088429,IIIVNMELISSIETMELISSE ((HEDERA)),LIVNIMELISSI
3089,38879,Dressel 20,Las Delicias,Spain,37.585951,-5.088429,IIIVNMELISSIETMELISSE ((HEDERA)),LIVNIMELISSI
3090,38880,Dressel 20,Las Delicias,Spain,37.585951,-5.088429,IIIVNMELISSIETMELISSE ((HEDERA)),LIVNIMELISSI
3091,38881,Dressel 20,Las Delicias,Spain,37.585951,-5.088429,IIIVNMELISSIETMELISSE ((HEDERA)),LIVNIMELISSI
3092,38882,Dressel 20,Las Delicias,Spain,37.585951,-5.088429,IIIVNMELISSIETMELISSE ((HEDERA)),LIVNIMELISSI
3093,38883,Dressel 20,Las Delicias,Spain,37.585951,-5.088429,IIIVNMELISSIETMELISSE ((HEDERA)),LIVNIMELISSI
3094,38884,Dressel 20,Las Delicias,Spain,37.585951,-5.088429,IIIVNMELISSIETMELISSE ((HEDERA)),LIVNIMELISSI
3095,38885,Dressel 20,Las Delicias,Spain,37.585951,-5.088429,IIIVNMELISSIETMELISSE ((HEDERA)),LIVNIMELISSI
3096,38886,Dressel 20,Las Delicias,Spain,37.585951,-5.088429,IIIVNMELISSIETMELISSE ((HEDERA)),LIVNIMELISSI
3097,38887,Dressel 20,Las Delicias,Spain,37.585951,-5.088429,IIIVNMELISSIETMELISSE ((HEDERA)),LIVNIMELISSI
3098,38888,Dressel 20,Las Delicias,Spain,37.585951,-5.088429,IIIVNMELISSIETMELISSE ((HEDERA)),LIVNIMELISSI
3099,38889,Dressel 20,Las Delicias,Spain,37.585951,-5.088429,IIIVNMELISSIETMELISSE ((HEDERA)),LIVNIMELISSI
3100,38890,Dressel 20,Las Delicias,Spain,37.585951,-5.088429,IIIVNMELISSIETMELISSE ((HEDERA)),LIVNIMELISSI
3101,38891,Dressel 20,Las Delicias,Spain,37.585951,-5.088429,IIIVNMELISSIETMELISSE ((HEDERA)),LIVNIMELISSI
3102,38892,Dressel 20,Las Delicias,Spain,37.585951,-5.088429,IIIVNMELISSIETMELISSE ((HEDERA)),LIVNIMELISSI
3103,38893,Dressel 20,Las Delicias,Spain,37.585951,-5.088429,IIIVNMELISSIETMELISSE ((HEDERA)),LIVNIMELISSI
3104,38894,Dressel 20,Las Delicias,Spain,37.585951,-5.088429,IIIVNMELISSIETMELISSE ((HEDERA)),LIVNIMELISSI
3105,38895,Dressel 20,Las Delicias,Spain,37.585951,-5.088429,IIIVNMELISSIETMELISSE ((HEDERA)),LIVNIMELISSI
3106,38896,Dressel 20,Las Delicias,Spain,37.585951,-5.088429,IIIVNMELISSIETMELISSE ((HEDERA)),LIVNIMELISSI
3107,38897,Dressel 20,Las Delicias,Spain,37.585951,-5.088429,IIIVNMELISSIETMELISSE ((HEDERA)),LIVNIMELISSI
3108,38898,Dressel 20,Las Delicias,Spain,37.585951,-5.088429,IIIVNMELISSIETMELISSE ((HEDERA)),LIVNIMELISSI
3109,38899,Dressel 20,Las Delicias,Spain,37.585951,-5.088429,IIIVNMELISSIETMELISSE ((HEDERA)),LIVNIMELISSI
3110,38900,Dressel 20,Las Delicias,Spain,37.585951,-5.088429,IIIVNMELISSIETMELISSE ((HEDERA)),LIVNIMELISSI
3111,38901,Dressel 20,Las Delicias,Spain,37.585951,-5.088429,IIIVNMELISSIETMELISSE ((HEDERA)),LIVNIMELISSI
3112,38902,Dressel 20,Las Delicias,Spain,37.585951,-5.088429,IIIVNMELISSIETMELISSE ((HEDERA)),LIVNIMELISSI
3113,38903,Dressel 20,Las Delicias,Spain,37.585951,-5.088429,IIIVNMELISSIETMELISSE ((HEDERA)),LIVNIMELISSI
3114,38904,Dressel 20,Las Delicias,Spain,37.585951,-5.088429,IIIVNMELISSIETMELISSE ((HEDERA)),LIVNIMELISSI
3115,38905,Dressel 20,Las Delicias,Spain,37.585951,-5.088429,IIIVNMELISSIETMELISSE ((HEDERA)),LIVNIMELISSI
3116,38906,Dressel 20,Las Delicias,Spain,37.585951,-5.088429,IICAMILIMELISSI,CAMILIMELISSI
3117,38907,Dressel 20,Las Delicias,Spain,37.585951,-5.088429,IICAMILIMELISSI,CAMILIMELISSI
3118,38908,Dressel 20,Las Delicias,Spain,37.585951,-5.088429,IICAMILIMELISSI,CAMILIMELISSI
3119,38909,Dressel 20,Las Delicias,Spain,37.585951,-5.088429,IICAMILIMELISSI,CAMILIMELISSI
3120,38910,Dressel 20,Las Delicias,Spain,37.585951,-5.088429,IICAMILIMELISSI,CAMILIMELISSI
3121,38911,Dressel 20,Las Delicias,Spain,37.585951,-5.088429,IICAMILIMELISSI,CAMILIMELISSI
3122,38912,Dressel 20,Las Delicias,Spain,37.585951,-5.088429,IICAMILIMELISSI,CAMILIMELISSI
3123,38913,Dressel 20,Las Delicias,Spain,37.585951,-5.088429,IICAMILIMELISSI,CAMILIMELISSI
3124,38914,Dressel 20,Las Delicias,Spain,37.585951,-5.088429,IICAMILIMELISSI,CAMILIMELISSI
3125,38915,Dressel 20,Las Delicias,Spain,37.585951,-5.088429,IICAMILIMELISSI,CAMILIMELISSI
3126,38916,Dressel 20,Las Delicias,Spain,37.585951,-5.088429,IICAMILIMELISSI,CAMILIMELISSI
3127,38917,Dressel 20,Las Delicias,Spain,37.585951,-5.088429,IICAMILIMELISSI,CAMILIMELISSI
3128,38918,Dressel 20,Las Delicias,Spain,37.585951,-5.088429,IICAMILIMELISSI,CAMILIMELISSI
3129,38919,Dressel 20,Las Delicias,Spain,37.585951,-5.088429,IICAMILIMELISSI,CAMILIMELISSI
3130,38920,Dressel 20,Las Delicias,Spain,37.585951,-5.088429,IICAMILIMELISSI,CAMILIMELISSI
3131,38921,Dressel 20,Las Delicias,Spain,37.585951,-5.088429,IICAMILIMELISSI,CAMILIMELISSI
3132,38922,Dressel 20,Las Delicias,Spain,37.585951,-5.088429,IICAMILIMELISSI,CAMILIMELISSI
3133,38923,Dressel 20,Las Delicias,Spain,37.585951,-5.088429,IICAMILIMELISSI,CAMILIMELISSI
3134,38924,Dressel 20,Las Delicias,Spain,37.585951,-5.088429,IICAMILIMELISSI,CAMILIMELISSI
3135,38925,Dressel 20,Las Delicias,Spain,37.585951,-5.088429,IICAMILIMELISSI,CAMILIMELISSI
3136,38926,Dressel 20,Las Delicias,Spain,37.585951,-5.088429,IICAMILIMELISSI,CAMILIMELISSI
3137,38927,Dressel 20,Las Delicias,Spain,37.585951,-5.088429,IICAMILIMELISSI,CAMILIMELISSI
3138,38928,Dressel 20,Las Delicias,Spain,37.585951,-5.088429,IICAMILIMELISSI,CAMILIMELISSI
3139,38929,Dressel 20,Las Delicias,Spain,37.585951,-5.088429,IICAMILIMELISSI,CAMILIMELISSI
3140,38930,Dressel 20,Las Delicias,Spain,37.585951,-5.088429,IICAMILIMELISSI,CAMILIMELISSI
3141,38931,Dressel 20,Las Delicias,Spain,37.585951,-5.088429,IICAMILIMELISSI,CAMILIMELISSI
3142,38932,Dressel 20,Las Delicias,Spain,37.585951,-5.088429,IICAMILIMELISSI,CAMILIMELISSI
3143,38933,Dressel 20,Las Delicias,Spain,37.585951,-5.088429,IICAMILIMELISSI,CAMILIMELISSI
3144,38934,Dressel 20,Las Delicias,Spain,37.585951,-5.088429,IICAMILIMELISSI,CAMILIMELISSI
3145,38935,Dressel 20,Las Delicias,Spain,37.585951,-5.088429,IICAMILIMELISSI,CAMILIMELISSI
3146,38936,Dressel 20,Las Delicias,Spain,37.585951,-5.088429,IICAMILIMELISSI,CAMILIMELISSI
3147,38937,Dressel 20,Las Delicias,Spain,37.585951,-5.088429,IICAMILIMELISSI,CAMILIMELISSI
3148,38938,Dressel 20,Las Delicias,Spain,37.585951,-5.088429,IICAMILIMELISSI,CAMILIMELISSI
3149,38939,Dressel 20,Las Delicias,Spain,37.585951,-5.088429,IICAMILIMELISSI,CAMILIMELISSI
3150,38940,Dressel 20,Las Delicias,Spain,37.585951,-5.088429,IICAMILIMELISSI,CAMILIMELISSI
3151,38941,Dressel 20,Las Delicias,Spain,37.585951,-5.088429,IICAMILIMELISSI,CAMILIMELISSI
3152,38942,Dressel 20,Las Delicias,Spain,37.585951,-5.088429,IICAMILIMELISSI,CAMILIMELISSI
3153,38943,Dressel 20,Las Delicias,Spain,37.585951,-5.088429,IICAMILIMELISSI,CAMILIMELISSI
3154,38944,Dressel 20,Las Delicias,Spain,37.585951,-5.088429,IICAMILIMELISSI,CAMILIMELISSI
3155,38945,Dressel 20,Las Delicias,Spain,37.585951,-5.088429,IICAMILIMELISSI,CAMILIMELISSI
3156,38946,Dressel 20,Las Delicias,Spain,37.585951,-5.088429,IICAMILIMELISSI,CAMILIMELISSI
3157,38947,Dressel 20,Las Delicias,Spain,37.585951,-5.088429,IICAMILIMELISSI,CAMILIMELISSI
3158,38948,Dressel 20,Las Delicias,Spain,37.585951,-5.088429,IICAMILIMELISSI,CAMILIMELISSI
3159,38949,Dressel 20,Las Delicias,Spain,37.585951,-5.088429,IICAMILIMELISSI,CAMILIMELISSI
3160,38950,Dressel 20,Las Delicias,Spain,37.585951,-5.088429,IICAMILIMELISSI,CAMILIMELISSI
3161,38951,Dressel 20,Las Delicias,Spain,37.585951,-5.088429,IICAMILIMELISSI,CAMILIMELISSI
3162,38952,Dressel 20,Las Delicias,Spain,37.585951,-5.088429,IICAMILIMELISSI,CAMILIMELISSI
3163,38953,Dressel 20,Las Delicias,Spain,37.585951,-5.088429,IICAMILIMELISSI,CAMILIMELISSI
3164,38954,Dressel 20,Las Delicias,Spain,37.585951,-5.088429,IICAMILIMELISSI,CAMILIMELISSI
3165,38955,Dressel 20,Las Delicias,Spain,37.585951,-5.088429,IICAMILIMELISSI,CAMILIMELISSI
3166,38956,Dressel 20,Las Delicias,Spain,37.585951,-5.088429,IICAMILIMELISSI,CAMILIMELISSI
3167,38957,Dressel 20,Las Delicias,Spain,37.585951,-5.088429,IICAMILIMELISSI,CAMILIMELISSI
3168,38958,Dressel 20,Las Delicias,Spain,37.585951,-5.088429,IICAMILIMELISSI,CAMILIMELISSI
3169,38959,Dressel 20,Las Delicias,Spain,37.585951,-5.088429,LCAMILIMELISSI,CAMILIMELISSI
3170,38960,Dressel 20,Las Delicias,Spain,37.585951,-5.088429,LCAMILIMELISSI,CAMILIMELISSI
3171,38961,Dressel 20,Las Delicias,Spain,37.585951,-5.088429,LCAMILIMELISSI,CAMILIMELISSI
3172,38962,Dressel 20,Las Delicias,Spain,37.585951,-5.088429,LCAMILIMELISSI,CAMILIMELISSI
3173,38963,Dressel 20,Las Delicias,Spain,37.585951,-5.088429,LCAMILIMELISSI,CAMILIMELISSI
3174,38964,Dressel 20,Las Delicias,Spain,37.585951,-5.088429,LCAMILISILVESTRI,CAMILISILVESTRI
3175,38965,Dressel 20,Las Delicias,Spain,37.585951,-5.088429,CORBEL,CORBEL
3176,38966,Dressel 20,Las Delicias,Spain,37.585951,-5.088429,CORBEL,CORBEL
3177,38967,Dressel 20,Las Delicias,Spain,37.585951,-5.088429,V... & ...A,V...
137,11567,Dressel 20,Dehesa de Arriba,Spain,37.806796,-5.084004,LTSTR,LTSTR
138,11568,Dressel 20,Dehesa de Arriba,Spain,37.806796,-5.084004,LTSTR,LTSTR
139,11570,Dressel 20,Dehesa de Arriba,Spain,37.806796,-5.084004,FAV...,FAV...
140,11575,Dressel 20,Dehesa de Arriba,Spain,37.806796,-5.084004,DITR,DITR
141,11576,Dressel 20,Dehesa de Arriba,Spain,37.806796,-5.084004,DITR,DITR
142,11577,Dressel 20,Dehesa de Arriba,Spain,37.806796,-5.084004,DITR,DITR
148,11644,Dressel 20,Guadiato,Spain,37.812729,-5.051238,CIVLIBAR,CIVLIBAR
149,11645,Dressel 20,Guadiato,Spain,37.812729,-5.051238,CIVLIBAR,CIVLIBAR
150,11646,Dressel 20,Guadiato,Spain,37.812729,-5.051238,CIVLIBAR,CIVLIBAR
326,12799,Dressel 20,Guadiato,Spain,37.812729,-5.051238,CIVLIBAR,CIVLIBAR
327,12800,Dressel 20,Guadiato,Spain,37.812729,-5.051238,CIVLIBAR,CIVLIBAR
488,13257,Dressel 20,Guadiato,Spain,37.812729,-5.051238,CIVLIBAR,CIVLIBAR
489,13258,Dressel 20,Guadiato,Spain,37.812729,-5.051238,CIVLIBAR,CIVLIBAR
490,13259,Dressel 20,Guadiato,Spain,37.812729,-5.051238,CIVLIBAR,CIVLIBAR
491,13260,Dressel 20,Guadiato,Spain,37.812729,-5.051238,CIVLIBAR,CIVLIBAR
1301,28436,Dressel 20,Guadiato,Spain,37.812729,-5.051238,CIVLIBAR,CIVLIBAR
151,11666,Dressel 20,Villaseca,Spain,37.796848,-5.030238,IREO...?,IREO...
152,11667,Dressel 20,Villaseca,Spain,37.796848,-5.030238,IREO...?,IREO...
153,11668,Dressel 20,Villaseca,Spain,37.796848,-5.030238,...EC?,
154,11669,Dressel 20,Villaseca,Spain,37.796848,-5.030238,...VVC,
155,11670,Dressel 20,Villaseca,Spain,37.796848,-5.030238,...ICVN,
226,12184,Dressel 20,Villaseca,Spain,37.796848,-5.030238,THALI,THALI
325,12796,Dressel 20,Villaseca,Spain,37.796848,-5.030238,T...VA,T...VA
3371,7190,Dressel 20,Villaseca,Spain,37.796848,-5.030238,CTALCER,CAT
3372,7199,Dressel 20,Villaseca,Spain,37.796848,-5.030238,SIICVN...,SIICVN...
3373,7200,Dressel 20,Villaseca,Spain,37.796848,-5.030238,THALI,THALI
224,12175,Dressel 20,Cortijo Nuevo,Spain,37.805715,-4.983746,NARF,
225,12177,Dressel 20,Cortijo Nuevo,Spain,37.805715,-4.983746,PRIS,
647,13751,Dressel 20,Cortijo Nuevo,Spain,37.805715,-4.983746,?,
1280,28180,Dressel 20,Cortijo Nuevo,Spain,37.805715,-4.983746,PRIS,
156,11693,Dressel 20,El Temple,Spain,37.809123,-4.967047,GMARISILVANI,CMARISILVANI
157,11694,Dressel 20,El Temple,Spain,37.809123,-4.967047,GMARISILVANI,CMARISILVANI
158,11706,Dressel 20,El Temple,Spain,37.809123,-4.967047,GMARSILV,CMARISILVANI
159,11720,Dressel 20,El Temple,Spain,37.809123,-4.967047,CMRISILVANI,CMARISILVANI
160,11721,Dressel 20,El Temple,Spain,37.809123,-4.967047,CMRISILVANI,CMARISILVANI
161,11722,Dressel 20,El Temple,Spain,37.809123,-4.967047,CMRISILVANI,CMARISILVANI
162,11723,Dressel 20,El Temple,Spain,37.809123,-4.967047,CMRISILVANI,CMARISILVANI
163,11724,Dressel 20,El Temple,Spain,37.809123,-4.967047,CMRISILVAN,CMARISILVANI
164,11733,Dressel 20,El Temple,Spain,37.809123,-4.967047,LIBERALI,LIBERALINI
165,11756,Dressel 20,El Temple,Spain,37.809123,-4.967047,SAE...S,SAE...S
166,11770,Dressel 20,El Temple,Spain,37.809123,-4.967047,SVCESS,SVCCESI
167,11772,Dressel 20,El Temple,Spain,37.809123,-4.967047,CARI,
168,11773,Dressel 20,El Temple,Spain,37.809123,-4.967047,CARI,
169,11774,Dressel 20,El Temple,Spain,37.809123,-4.967047,CARI,
170,11775,Dressel 20,El Temple,Spain,37.809123,-4.967047,PRIS,
171,11779,Dressel 20,El Temple,Spain,37.809123,-4.967047,CMRISILVAN,CMARISILVANI
172,11780,Dressel 20,El Temple,Spain,37.809123,-4.967047,CMRISILVANI,CMARISILVANI
205,12028,Dressel 20,El Temple,Spain,37.809123,-4.967047,...GO,
206,12056,Dressel 20,El Temple,Spain,37.809123,-4.967047,CMARSA,CMARISILVANI
207,12060,Dressel 20,El Temple,Spain,37.809123,-4.967047,MARTI,MART
208,12062,Dressel 20,El Temple,Spain,37.809123,-4.967047,LIBERARII?,LIBERALINI
209,12088,Dressel 20,El Temple,Spain,37.809123,-4.967047,NICXIII,NICXIII 
210,12089,Dressel 20,El Temple,Spain,37.809123,-4.967047,PRIS,
211,12090,Dressel 20,El Temple,Spain,37.809123,-4.967047,...CIR...,
212,12091,Dressel 20,El Temple,Spain,37.809123,-4.967047,MCF...,
213,12093,Dressel 20,El Temple,Spain,37.809123,-4.967047,CALP,CALP 
214,12094,Dressel 20,El Temple,Spain,37.809123,-4.967047,FINRA,FINRA
215,12095,Dressel 20,El Temple,Spain,37.809123,-4.967047,...FCSA...?,
216,12096,Dressel 20,El Temple,Spain,37.809123,-4.967047,AN...,
217,12097,Dressel 20,El Temple,Spain,37.809123,-4.967047,VAR?,VAR
218,12099,Dressel 20,El Temple,Spain,37.809123,-4.967047,CALP,CALP 
219,12100,Dressel 20,El Temple,Spain,37.809123,-4.967047,CALP,CALP 
220,12101,Dressel 20,El Temple,Spain,37.809123,-4.967047,CALP,CALP 
221,12166,Dressel 20,El Temple,Spain,37.809123,-4.967047,MCF,
222,12167,Dressel 20,El Temple,Spain,37.809123,-4.967047,NICXIII,NICXIII 
223,12168,Dressel 20,El Temple,Spain,37.809123,-4.967047,NICXIII,NICXIII 
1278,28063,Dressel 20,El Temple,Spain,37.809123,-4.967047,CASTELLANI,CASTELANI
1293,28359,Dressel 20,El Temple,Spain,37.809123,-4.967047,LIBERALINIS,LIBERALINI
