id,lat,long,type,site,code
14081,50.774122,6.084726,Dressel 20,Aachen,ACIRGI
13944,50.382382,6.93291,Dressel 20,Adenau,GAF
14086,50.382382,6.93291,Dressel 20,Adenau,ACIRGI
14036,50.28721,8.944586,Dressel 20,Altenstadt,CANTQVI
14227,50.28721,8.944586,Dressel 20,Altenstadt,PCLICELI
14356,50.28721,8.944586,Dressel 20,Altenstadt,LFFV
14428,50.28721,8.944586,Dressel 20,Altenstadt,QIAFS
14435,50.28721,8.944586,Dressel 20,Altenstadt,QIAF
27368,50.28721,8.944586,Dressel 20,Altenstadt,FLQR
14282,51.733333,6.283333,Dressel 20,Altkalkar,LFC
14370,51.733333,6.283333,Dressel 20,Altkalkar,LFO
18861,51.733333,6.283333,Dressel 20,Altkalkar,SAXOFERRI
18862,51.733333,6.283333,Dressel 20,Altkalkar,TATASIATICCI
18863,51.733333,6.283333,Dressel 20,Altkalkar,QIAF
27386,49.746574,8.115128,Dressel 20,Alzey,QIAFS
27387,49.746574,8.115128,Dressel 20,Alzey,LIVNIMELISSI
27388,49.746574,8.115128,Dressel 20,Alzey,IIIVNMELISSIETMELISSE
27389,49.746574,8.115128,Dressel 20,Alzey,LCHE
27390,49.746574,8.115128,Dressel 20,Alzey,CAEFM
27391,49.746574,8.115128,Dressel 20,Alzey,SLFCL
27392,49.746574,8.115128,Dressel 20,Alzey,CSL
27393,49.746574,8.115128,Dressel 20,Alzey,LCFPC
27394,49.746574,8.115128,Dressel 20,Alzey,POPVLI
27395,49.746574,8.115128,Dressel 20,Alzey,PVAFAV
27396,49.746574,8.115128,Dressel 20,Alzey,QAHVAE
5590,47.733333,10.733333,Dressel 20,Auerberg,QIV
5591,47.733333,10.733333,Dressel 20,Auerberg,SCLC
14152,48.805827,9.241809,Dressel 20,Bad Cannstatt,MCFRICD
14197,48.805827,9.241809,Dressel 20,Bad Cannstatt,MCS
14208,48.805827,9.241809,Dressel 20,Bad Cannstatt,MMCSVR
14210,48.805827,9.241809,Dressel 20,Bad Cannstatt,MMCSANTO
14256,48.805827,9.241809,Dressel 20,Bad Cannstatt,IIIENNIIVL
14294,48.805827,9.241809,Dressel 20,Bad Cannstatt,LFFCV
14298,48.805827,9.241809,Dressel 20,Bad Cannstatt,LFCCVFC
14378,48.805827,9.241809,Dressel 20,Bad Cannstatt,MFS
14500,48.805827,9.241809,Dressel 20,Bad Cannstatt,QIMFS
14520,48.805827,9.241809,Dressel 20,Bad Cannstatt,LIT
14598,48.805827,9.241809,Dressel 20,Bad Cannstatt,ALFO
14674,48.805827,9.241809,Dressel 20,Bad Cannstatt,QNDAND
14714,48.805827,9.241809,Dressel 20,Bad Cannstatt,DOMS
14750,48.805827,9.241809,Dressel 20,Bad Cannstatt,APAMPHORACOAPAMPHORAQCO
14774,48.805827,9.241809,Dressel 20,Bad Cannstatt,QPPHRYX
14804,48.805827,9.241809,Dressel 20,Bad Cannstatt,LQS
14823,48.805827,9.241809,Dressel 20,Bad Cannstatt,MQSR
14915,48.805827,9.241809,Dressel 20,Bad Cannstatt,SAXOFERRI
14993,48.805827,9.241809,Dressel 20,Bad Cannstatt,VIRAV
14003,50.332737,7.717548,Dressel 20,Bad Ems,MAEMRVS
14258,50.332737,7.717548,Dressel 20,Bad Ems,IIIENNIIVLCORONA
14492,50.332737,7.717548,Dressel 20,Bad Ems,QIIMFN
14813,50.332737,7.717548,Dressel 20,Bad Ems,LQS
14818,50.332737,7.717548,Dressel 20,Bad Ems,LQSK
14541,48.757631,8.242458,Dressel 20,Baden-Baden,CIVR
14832,48.757631,8.242458,Dressel 20,Baden-Baden,CRKAL
14410,49.841396,7.867127,Dressel 20,Bad Kreuznach,HISPSAE
27906,49.841396,7.867127,Dressel 20,Bad Kreuznach,IICAMILIMELISSI
27907,49.841396,7.867127,Dressel 20,Bad Kreuznach,LFCFP
11976,49.229708,9.156485,Dressel 20,Bad Wimpfen,ACIRGI
11985,49.229708,9.156485,Dressel 20,Bad Wimpfen,QVIA
12002,49.229708,9.156485,Dressel 20,Bad Wimpfen,PNNSH
12009,49.229708,9.156485,Dressel 20,Bad Wimpfen,MVL
13970,49.229708,9.156485,Dressel 20,Bad Wimpfen,LA
13981,49.229708,9.156485,Dressel 20,Bad Wimpfen,CAS
14090,49.229708,9.156485,Dressel 20,Bad Wimpfen,ACIRCI
14291,49.229708,9.156485,Dressel 20,Bad Wimpfen,LFCCVCAT
14312,49.229708,9.156485,Dressel 20,Bad Wimpfen,LFCCVFS
14418,49.229708,9.156485,Dressel 20,Bad Wimpfen,QHEDERAIHEDERAA
14436,49.229708,9.156485,Dressel 20,Bad Wimpfen,QIAFSF
14529,49.229708,9.156485,Dressel 20,Bad Wimpfen,LIT
14626,49.229708,9.156485,Dressel 20,Bad Wimpfen,QMMCER
14640,49.229708,9.156485,Dressel 20,Bad Wimpfen,QMR
14739,49.229708,9.156485,Dressel 20,Bad Wimpfen,PORODV
20658,49.229708,9.156485,Dressel 20,Bad Wimpfen,LFCCVCAT
13952,47.968555,10.21178,Dressel 20,Benningen,CAFSMCAFFM
14589,49.966747,7.899198,Dressel 20,Bingen,IIIVNMELISSIETMELISSE
14794,49.966747,7.899198,Dressel 20,Bingen,MQFF
14937,49.966747,7.899198,Dressel 20,Bingen,FSCIMNIANO
14237,49.966116,7.88476,Dressel 20,Bingerbrﾁck,CALPVRNI
14038,50.73438,7.095485,Dressel 20,Bonn,CANTQVIETI
14073,50.73438,7.095485,Dressel 20,Bonn,ACIRGIF
14088,50.73438,7.095485,Dressel 20,Bonn,ACIRGI
14099,50.73438,7.095485,Dressel 20,Bonn,AGRICOLAE
14220,50.73438,7.095485,Dressel 20,Bonn,IICAMILIMELISSI
14233,50.73438,7.095485,Dressel 20,Bonn,CCRASSISAI
14248,50.73438,7.095485,Dressel 20,Bonn,CEFP
14303,50.73438,7.095485,Dressel 20,Bonn,LFCCVFCM
14349,50.73438,7.095485,Dressel 20,Bonn,DFF
14449,50.73438,7.095485,Dressel 20,Bonn,CIALB
14565,50.73438,7.095485,Dressel 20,Bonn,LIVNIMELISSI
14584,50.73438,7.095485,Dressel 20,Bonn,IIIVNMELISSIETMELISSE
14585,50.73438,7.095485,Dressel 20,Bonn,IIIVNMELISSIETMELISSE
14622,50.73438,7.095485,Dressel 20,Bonn,GMMF
14651,50.73438,7.095485,Dressel 20,Bonn,PMSC
14690,50.73438,7.095485,Dressel 20,Bonn,PNN
14693,50.73438,7.095485,Dressel 20,Bonn,PNN
14707,50.73438,7.095485,Dressel 20,Bonn,SEXN
14803,50.73438,7.095485,Dressel 20,Bonn,LQS
14848,50.73438,7.095485,Dressel 20,Bonn,PORPS
14891,50.73438,7.095485,Dressel 20,Bonn,LSERALB
14904,50.73438,7.095485,Dressel 20,Bonn,ASAENI
14917,50.73438,7.095485,Dressel 20,Bonn,SAXOFERREO
14922,50.73438,7.095485,Dressel 20,Bonn,SAXFERRIVS
14928,50.73438,7.095485,Dressel 20,Bonn,SCALCELS
14995,50.73438,7.095485,Dressel 20,Bonn,VIR
17921,50.73438,7.095485,Dressel 20,Bonn,CIVENALBEP
20477,50.73438,7.095485,Dressel 20,Bonn,GAF
14028,48.6457,10.825275,Dressel 20,Burghöfe,CANTONIQVIETI
14096,48.6457,10.825275,Dressel 20,Burghöfe,AFRICANI
14327,50.433886,8.672684,Dressel 20,Butzbach,QFC
14344,50.433886,8.672684,Dressel 20,Butzbach,SFE
14459,50.433886,8.672684,Dressel 20,Butzbach,LIDFITALICAE
14493,50.433886,8.672684,Dressel 20,Butzbach,QIMFN
14507,50.433886,8.672684,Dressel 20,Butzbach,QIMF
14657,50.433886,8.672684,Dressel 20,Butzbach,PMV
14244,50.210231,7.69445,Dressel 20,Dahlheim,DEMOSTENE
37054,49.871674,8.650271,Dressel 20,Darmstadt,AGRICOLAE
27403,49.897382,8.846132,Dressel 20,Dieburg,PARVA
27403,49.897382,8.846132,Dressel 20,Dieburg,PNN
27404,49.897382,8.846132,Dressel 20,Dieburg,QMR
27406,49.897382,8.846132,Dressel 20,Dieburg,FSCIMNIANO
27407,49.897382,8.846132,Dressel 20,Dieburg,LFCCVCAT
27408,49.897382,8.846132,Dressel 20,Dieburg,IIMINACRETCAL
27409,49.897382,8.846132,Dressel 20,Dieburg,EFC
27410,49.897382,8.846132,Dressel 20,Dieburg,QCM
27411,49.897382,8.846132,Dressel 20,Dieburg,SNR
27412,49.897382,8.846132,Dressel 20,Dieburg,PARVA
27413,49.897382,8.846132,Dressel 20,Dieburg,ACIRC
27414,49.897382,8.846132,Dressel 20,Dieburg,MMCSVR
27415,49.897382,8.846132,Dressel 20,Dieburg,FICINA
27416,49.897382,8.846132,Dressel 20,Dieburg,COL
27417,49.897382,8.846132,Dressel 20,Dieburg,IIIENNIVLPALMA
27418,49.897382,8.846132,Dressel 20,Dieburg,QFRRIV
27423,49.897382,8.846132,Dressel 20,Dieburg,AS
27423,49.897382,8.846132,Dressel 20,Dieburg,SVPERSTISFIIC
13963,50.390265,8.886115,Dressel 20,Echzell,PTAN
12698,48.85632,11.772216,Dressel 20,Eining,ACIRGI
14224,49.558592,8.071989,Dressel 20,Eisenberg,PCLODIICELI
14240,49.558592,8.071989,Dressel 20,Eisenberg,CALPC
14908,48.212485,9.657342,Dressel 20,Emerkingen,SATVRNINI
14726,49.828532,6.832807,Dressel 20,Ensch,DOMS
14124,48.561354,10.409055,Dressel 20,Faimingen,LCANTP
11994,48.815624,9.277806,Dressel 20,Fellbach,IICCLMM
14761,50.023811,6.541303,Dressel 20,Fliessem,APM
12016,50.11552,8.684167,Dressel 20,Frankfurt am Main,CCXV
12016,50.11552,8.684167,Dressel 20,Frankfurt am Main,FISCIRATIONISPATRIMONISPROVINCIAEBAETICAE
12016,50.11552,8.684167,Dressel 20,Frankfurt am Main,X
13945,50.11552,8.684167,Dressel 20,Frankfurt am Main,LHEDERAAHEDERAF
13955,50.11552,8.684167,Dressel 20,Frankfurt am Main,PORTPAH
13959,50.11552,8.684167,Dressel 20,Frankfurt am Main,SALS
13965,50.11552,8.684167,Dressel 20,Frankfurt am Main,LAP
13966,50.11552,8.684167,Dressel 20,Frankfurt am Main,LAPAET
13983,50.11552,8.684167,Dressel 20,Frankfurt am Main,CAS
13999,50.11552,8.684167,Dressel 20,Frankfurt am Main,MAEMRVS
14002,50.11552,8.684167,Dressel 20,Frankfurt am Main,MAEMRVS
14004,50.11552,8.684167,Dressel 20,Frankfurt am Main,FALBLIC
14047,50.11552,8.684167,Dressel 20,Frankfurt am Main,CAPF
14061,50.11552,8.684167,Dressel 20,Frankfurt am Main,TAASIATICI
14067,50.11552,8.684167,Dressel 20,Frankfurt am Main,ACIRGIF
14068,50.11552,8.684167,Dressel 20,Frankfurt am Main,ACIRGIF
14071,50.11552,8.684167,Dressel 20,Frankfurt am Main,ACIRG
14077,50.11552,8.684167,Dressel 20,Frankfurt am Main,ACIRGI
14078,50.11552,8.684167,Dressel 20,Frankfurt am Main,ACIRGI
14097,50.11552,8.684167,Dressel 20,Frankfurt am Main,AGRICOLAE
14098,50.11552,8.684167,Dressel 20,Frankfurt am Main,AGRICOLAE
14103,50.11552,8.684167,Dressel 20,Frankfurt am Main,ARAXIFM
14105,50.11552,8.684167,Dressel 20,Frankfurt am Main,PARVA
14106,50.11552,8.684167,Dressel 20,Frankfurt am Main,ARVP
14112,50.11552,8.684167,Dressel 20,Frankfurt am Main,BELL
14129,50.11552,8.684167,Dressel 20,Frankfurt am Main,QPALMACPALMAC
14138,50.11552,8.684167,Dressel 20,Frankfurt am Main,QCCE
14143,50.11552,8.684167,Dressel 20,Frankfurt am Main,QCCL
14146,50.11552,8.684167,Dressel 20,Frankfurt am Main,LCFPCHEDERALCFPCO
14149,50.11552,8.684167,Dressel 20,Frankfurt am Main,LCFPCO
14153,50.11552,8.684167,Dressel 20,Frankfurt am Main,LCHE
14159,50.11552,8.684167,Dressel 20,Frankfurt am Main,SCLC
14160,50.11552,8.684167,Dressel 20,Frankfurt am Main,SCLH
14169,50.11552,8.684167,Dressel 20,Frankfurt am Main,LCM
14176,50.11552,8.684167,Dressel 20,Frankfurt am Main,LCMY
14185,50.11552,8.684167,Dressel 20,Frankfurt am Main,QCM
14190,50.11552,8.684167,Dressel 20,Frankfurt am Main,QCR
14196,50.11552,8.684167,Dressel 20,Frankfurt am Main,MCS
14206,50.11552,8.684167,Dressel 20,Frankfurt am Main,MMCSVR
14217,50.11552,8.684167,Dressel 20,Frankfurt am Main,IICAMILIMELISSI
14231,50.11552,8.684167,Dressel 20,Frankfurt am Main,QCOCL
14232,50.11552,8.684167,Dressel 20,Frankfurt am Main,QCOCL
14236,50.11552,8.684167,Dressel 20,Frankfurt am Main,CALPVRNIC
14241,50.11552,8.684167,Dressel 20,Frankfurt am Main,FCERARIA
14245,50.11552,8.684167,Dressel 20,Frankfurt am Main,PEANT
14246,50.11552,8.684167,Dressel 20,Frankfurt am Main,MEEVPRO
14250,50.11552,8.684167,Dressel 20,Frankfurt am Main,CENHISPSAE
14251,50.11552,8.684167,Dressel 20,Frankfurt am Main,IIIENNIIVLPALMA
14270,50.11552,8.684167,Dressel 20,Frankfurt am Main,ELPIST
14271,50.11552,8.684167,Dressel 20,Frankfurt am Main,EROTIS
14278,50.11552,8.684167,Dressel 20,Frankfurt am Main,QFALB
14281,50.11552,8.684167,Dressel 20,Frankfurt am Main,LFC
14284,50.11552,8.684167,Dressel 20,Frankfurt am Main,LFCABAB
14290,50.11552,8.684167,Dressel 20,Frankfurt am Main,LFCCVCAT
14295,50.11552,8.684167,Dressel 20,Frankfurt am Main,LFCCVFCM
14300,50.11552,8.684167,Dressel 20,Frankfurt am Main,LFCCVVM
14301,50.11552,8.684167,Dressel 20,Frankfurt am Main,LFCCVFM
14307,50.11552,8.684167,Dressel 20,Frankfurt am Main,LFCCVFMS
14314,50.11552,8.684167,Dressel 20,Frankfurt am Main,LFCFP
14315,50.11552,8.684167,Dressel 20,Frankfurt am Main,LFCFP
14325,50.11552,8.684167,Dressel 20,Frankfurt am Main,QFC
14330,50.11552,8.684167,Dressel 20,Frankfurt am Main,QFCF
14337,50.11552,8.684167,Dressel 20,Frankfurt am Main,PORMFDIAB
14339,50.11552,8.684167,Dressel 20,Frankfurt am Main,MFDIA
14355,50.11552,8.684167,Dressel 20,Frankfurt am Main,LFFV
14361,50.11552,8.684167,Dressel 20,Frankfurt am Main,SFF
14374,50.11552,8.684167,Dressel 20,Frankfurt am Main,MFR
14376,50.11552,8.684167,Dressel 20,Frankfurt am Main,PORLFS
14389,50.11552,8.684167,Dressel 20,Frankfurt am Main,MFLAVI
14396,50.11552,8.684167,Dressel 20,Frankfurt am Main,PHILO
14398,50.11552,8.684167,Dressel 20,Frankfurt am Main,GALLICI
14400,50.11552,8.684167,Dressel 20,Frankfurt am Main,KVFIGGRVMCOLSICETASI
14402,50.11552,8.684167,Dressel 20,Frankfurt am Main,PQHEHE
14403,50.11552,8.684167,Dressel 20,Frankfurt am Main,XIIIIHP
14408,50.11552,8.684167,Dressel 20,Frankfurt am Main,HISPANSAENPALMA
14412,50.11552,8.684167,Dressel 20,Frankfurt am Main,DIA
14417,50.11552,8.684167,Dressel 20,Frankfurt am Main,QHEDERAIHEDERAA
14424,50.11552,8.684167,Dressel 20,Frankfurt am Main,QIAFS
14429,50.11552,8.684167,Dressel 20,Frankfurt am Main,QIAF
14437,50.11552,8.684167,Dressel 20,Frankfurt am Main,QIIALFS
14440,50.11552,8.684167,Dressel 20,Frankfurt am Main,CIALB
14442,50.11552,8.684167,Dressel 20,Frankfurt am Main,CIALB
14444,50.11552,8.684167,Dressel 20,Frankfurt am Main,CIALB
14465,50.11552,8.684167,Dressel 20,Frankfurt am Main,MIM
14467,50.11552,8.684167,Dressel 20,Frankfurt am Main,MIM
14477,50.11552,8.684167,Dressel 20,Frankfurt am Main,MIME
14479,50.11552,8.684167,Dressel 20,Frankfurt am Main,QIM
14491,50.11552,8.684167,Dressel 20,Frankfurt am Main,QIMFN
14498,50.11552,8.684167,Dressel 20,Frankfurt am Main,QIMFS
14514,50.11552,8.684167,Dressel 20,Frankfurt am Main,PIRETH
14515,50.11552,8.684167,Dressel 20,Frankfurt am Main,PERSEIPIRSEI
14522,50.11552,8.684167,Dressel 20,Frankfurt am Main,LIT
14526,50.11552,8.684167,Dressel 20,Frankfurt am Main,LHEDERAIHEDERAT
14534,50.11552,8.684167,Dressel 20,Frankfurt am Main,ILFT
14545,50.11552,8.684167,Dressel 20,Frankfurt am Main,PIVLICRISPI
14547,50.11552,8.684167,Dressel 20,Frankfurt am Main,PIVLICRISP
14550,50.11552,8.684167,Dressel 20,Frankfurt am Main,CIVLISVRI
14555,50.11552,8.684167,Dressel 20,Frankfurt am Main,LIVNIMELISSI
14556,50.11552,8.684167,Dressel 20,Frankfurt am Main,LIVNIMELISSI
14559,50.11552,8.684167,Dressel 20,Frankfurt am Main,FSCIMNIANO
14559,50.11552,8.684167,Dressel 20,Frankfurt am Main,LIVNIMELISSI
14561,50.11552,8.684167,Dressel 20,Frankfurt am Main,HEDERALIVNIMELISSI
14569,50.11552,8.684167,Dressel 20,Frankfurt am Main,IIIVNIMELISSIETMELISSE
14578,50.11552,8.684167,Dressel 20,Frankfurt am Main,IIIVNIMELISSIETMELISSEHEDERA
14581,50.11552,8.684167,Dressel 20,Frankfurt am Main,IIIVNIMELISSEETMELISSE
14582,50.11552,8.684167,Dressel 20,Frankfurt am Main,IIIVNIMELISSIETMELISSE
14596,50.11552,8.684167,Dressel 20,Frankfurt am Main,ALFO
14602,50.11552,8.684167,Dressel 20,Frankfurt am Main,ALFQ
14620,50.11552,8.684167,Dressel 20,Frankfurt am Main,GMMF
14623,50.11552,8.684167,Dressel 20,Frankfurt am Main,GMMF
14633,50.11552,8.684167,Dressel 20,Frankfurt am Main,QMR
14634,50.11552,8.684167,Dressel 20,Frankfurt am Main,QMR
14648,50.11552,8.684167,Dressel 20,Frankfurt am Main,MMROMMRC
14650,50.11552,8.684167,Dressel 20,Frankfurt am Main,PMS
14658,50.11552,8.684167,Dressel 20,Frankfurt am Main,LMVE
14660,50.11552,8.684167,Dressel 20,Frankfurt am Main,LMVE
14666,50.11552,8.684167,Dressel 20,Frankfurt am Main,IIMINACRETCAN
14678,50.11552,8.684167,Dressel 20,Frankfurt am Main,PNN
14687,50.11552,8.684167,Dressel 20,Frankfurt am Main,PNNSHSOLETLUNA
14689,50.11552,8.684167,Dressel 20,Frankfurt am Main,PNNVR
14694,50.11552,8.684167,Dressel 20,Frankfurt am Main,SNR
14698,50.11552,8.684167,Dressel 20,Frankfurt am Main,SNR
14712,50.11552,8.684167,Dressel 20,Frankfurt am Main,DOMS
14729,50.11552,8.684167,Dressel 20,Frankfurt am Main,DOM
14732,50.11552,8.684167,Dressel 20,Frankfurt am Main,CORBEL
14733,50.11552,8.684167,Dressel 20,Frankfurt am Main,CORBEL
14740,50.11552,8.684167,Dressel 20,Frankfurt am Main,ONESIM
14741,50.11552,8.684167,Dressel 20,Frankfurt am Main,OPTATIF
14743,50.11552,8.684167,Dressel 20,Frankfurt am Main,OPTATI
14744,50.11552,8.684167,Dressel 20,Frankfurt am Main,PHEDERAPAC
14751,50.11552,8.684167,Dressel 20,Frankfurt am Main,APAMPHORARAPCR
14752,50.11552,8.684167,Dressel 20,Frankfurt am Main,APC
14763,50.11552,8.684167,Dressel 20,Frankfurt am Main,CPMC
14775,50.11552,8.684167,Dressel 20,Frankfurt am Main,QPPRIX
14780,50.11552,8.684167,Dressel 20,Frankfurt am Main,PATERNI
14786,50.11552,8.684167,Dressel 20,Frankfurt am Main,POPVLI
14789,50.11552,8.684167,Dressel 20,Frankfurt am Main,PQFPQC
14792,50.11552,8.684167,Dressel 20,Frankfurt am Main,AQFVA
14796,50.11552,8.684167,Dressel 20,Frankfurt am Main,LQS
14802,50.11552,8.684167,Dressel 20,Frankfurt am Main,LQS
14807,50.11552,8.684167,Dressel 20,Frankfurt am Main,LQS
14808,50.11552,8.684167,Dressel 20,Frankfurt am Main,LQS
14816,50.11552,8.684167,Dressel 20,Frankfurt am Main,LQSK
14833,50.11552,8.684167,Dressel 20,Frankfurt am Main,PRMCASPRMCER
14834,50.11552,8.684167,Dressel 20,Frankfurt am Main,RIVCRUXESRM
14844,50.11552,8.684167,Dressel 20,Frankfurt am Main,PORPS
14845,50.11552,8.684167,Dressel 20,Frankfurt am Main,PORPS
14851,50.11552,8.684167,Dressel 20,Frankfurt am Main,LSAR
14858,50.11552,8.684167,Dressel 20,Frankfurt am Main,CSO
14907,50.11552,8.684167,Dressel 20,Frankfurt am Main,SATVRNINI
14910,50.11552,8.684167,Dressel 20,Frankfurt am Main,SAXOFERRI
14919,50.11552,8.684167,Dressel 20,Frankfurt am Main,SAXFERREO
14943,50.11552,8.684167,Dressel 20,Frankfurt am Main,SVRVS
27426,50.11552,8.684167,Dressel 20,Frankfurt am Main,D
27427,50.11552,8.684167,Dressel 20,Frankfurt am Main,TAASIATICI
27428,50.11552,8.684167,Dressel 20,Frankfurt am Main,LCHE
27429,50.11552,8.684167,Dressel 20,Frankfurt am Main,LIVNIMELISSIP
27430,50.11552,8.684167,Dressel 20,Frankfurt am Main,SFE
27431,50.11552,8.684167,Dressel 20,Frankfurt am Main,MOFHA
27432,50.11552,8.684167,Dressel 20,Frankfurt am Main,QMCALIA
27433,50.11552,8.684167,Dressel 20,Frankfurt am Main,SAXOFERREO
27434,50.11552,8.684167,Dressel 20,Frankfurt am Main,ARPL
37006,50.11552,8.684167,Dressel 20,Frankfurt am Main,MSMACIRGI
14728,49.551744,7.249441,Dressel 20,Freisen,DOMS
13960,50.3249,8.7409,Dressel 20,Friedberg,SALS
14085,50.3249,8.7409,Dressel 20,Friedberg,ACIRG
14490,50.3249,8.7409,Dressel 20,Friedberg,QIMFN
14656,50.3249,8.7409,Dressel 20,Friedberg,PMV
14836,50.3249,8.7409,Dressel 20,Friedberg,RIVES
14860,50.3249,8.7409,Dressel 20,Friedberg,CSP
14879,50.3249,8.7409,Dressel 20,Friedberg,QSASER
14955,50.3249,8.7409,Dressel 20,Friedberg,LVC
14999,50.3249,8.7409,Dressel 20,Friedberg,VRSI
14888,51.649739,6.473181,Dressel 20,Fﾁrstenberg,CSEMPOL
27441,49.753052,8.488592,Dressel 20,Gernsheim,PANNRVF
27442,49.753052,8.488592,Dressel 20,Gernsheim,AGRICOLAE
27443,49.753052,8.488592,Dressel 20,Gernsheim,CPRIS
27444,49.753052,8.488592,Dressel 20,Gernsheim,MSNAR
11995,50.792502,8.356601,Dressel 20,Gewänn,LMFLMELMC
1041,49.921394,8.48255,Dressel 20,Gross-Gerau,PNN
1042,49.921394,8.48255,Dressel 20,Gross-Gerau,SCOROBRES
1043,49.921394,8.48255,Dressel 20,Gross-Gerau,QT
1046,49.921394,8.48255,Dressel 20,Gross-Gerau,AGRICOLAE
1048,49.921394,8.48255,Dressel 20,Gross-Gerau,PCHO
11918,49.921394,8.48255,Dressel 20,Gross-Gerau,GNAEC
11919,49.921394,8.48255,Dressel 20,Gross-Gerau,CANTONQVIE
11920,49.921394,8.48255,Dressel 20,Gross-Gerau,CANTQVIETI
11921,49.921394,8.48255,Dressel 20,Gross-Gerau,ANTONINIG
11922,49.921394,8.48255,Dressel 20,Gross-Gerau,TAASIATICIPC
11923,49.921394,8.48255,Dressel 20,Gross-Gerau,QAN
11924,49.921394,8.48255,Dressel 20,Gross-Gerau,QICIO
11925,49.921394,8.48255,Dressel 20,Gross-Gerau,QCCL
11926,49.921394,8.48255,Dressel 20,Gross-Gerau,LCFPCO
11927,49.921394,8.48255,Dressel 20,Gross-Gerau,SCLT
11928,49.921394,8.48255,Dressel 20,Gross-Gerau,COR
11929,49.921394,8.48255,Dressel 20,Gross-Gerau,HISPSAENICORONA
11930,49.921394,8.48255,Dressel 20,Gross-Gerau,LFO
11931,49.921394,8.48255,Dressel 20,Gross-Gerau,LFC
11932,49.921394,8.48255,Dressel 20,Gross-Gerau,LGG
11933,49.921394,8.48255,Dressel 20,Gross-Gerau,ISCALLIF
11934,49.921394,8.48255,Dressel 20,Gross-Gerau,IIIVNIMELISSIETMELISSE
11935,49.921394,8.48255,Dressel 20,Gross-Gerau,CMARSILV
11936,49.921394,8.48255,Dressel 20,Gross-Gerau,SM
11937,49.921394,8.48255,Dressel 20,Gross-Gerau,SNR
11938,49.921394,8.48255,Dressel 20,Gross-Gerau,PVFAVSTINI
11939,49.921394,8.48255,Dressel 20,Gross-Gerau,PQHEHE
11940,49.921394,8.48255,Dressel 20,Gross-Gerau,POR
11941,49.921394,8.48255,Dressel 20,Gross-Gerau,ROMANI
11942,49.921394,8.48255,Dressel 20,Gross-Gerau,SAXFER
11943,49.921394,8.48255,Dressel 20,Gross-Gerau,LSERLVP
11944,49.921394,8.48255,Dressel 20,Gross-Gerau,QSD
11945,49.921394,8.48255,Dressel 20,Gross-Gerau,PCFT
11946,49.921394,8.48255,Dressel 20,Gross-Gerau,DFBAE
11947,49.921394,8.48255,Dressel 20,Gross-Gerau,QACO
11948,49.921394,8.48255,Dressel 20,Gross-Gerau,O
11949,49.921394,8.48255,Dressel 20,Gross-Gerau,O
11950,49.921394,8.48255,Dressel 20,Gross-Gerau,P
11952,49.921394,8.48255,Dressel 20,Gross-Gerau,TICI
11953,49.921394,8.48255,Dressel 20,Gross-Gerau,RI
11955,49.921394,8.48255,Dressel 20,Gross-Gerau,SAXOFERREO
11960,49.921394,8.48255,Dressel 20,Gross-Gerau,IVNIMELSSI
11961,49.921394,8.48255,Dressel 20,Gross-Gerau,CSTERPAVLLINI
11962,49.921394,8.48255,Dressel 20,Gross-Gerau,SCALENSIAACCI
11963,49.921394,8.48255,Dressel 20,Gross-Gerau,CANTONIQV
11966,49.921394,8.48255,Dressel 20,Gross-Gerau,APOLLO
11967,49.921394,8.48255,Dressel 20,Gross-Gerau,CEN
11970,49.921394,8.48255,Dressel 20,Gross-Gerau,SERMAS
27446,49.921394,8.48255,Dressel 20,Gross-Gerau,LFO
27447,49.921394,8.48255,Dressel 20,Gross-Gerau,CIREXOFARR
27448,49.921394,8.48255,Dressel 20,Gross-Gerau,LQS
27449,49.921394,8.48255,Dressel 20,Gross-Gerau,IIIENNIORIVLIOR
27450,49.921394,8.48255,Dressel 20,Gross-Gerau,IO
27451,49.921394,8.48255,Dressel 20,Gross-Gerau,VRITTIEV
27452,49.921394,8.48255,Dressel 20,Gross-Gerau,Q
27453,49.921394,8.48255,Dressel 20,Gross-Gerau,LMIFIR
27454,49.921394,8.48255,Dressel 20,Gross-Gerau,CXX
27454,49.921394,8.48255,Dressel 20,Gross-Gerau,LLCVV
14084,50.082227,8.980744,Dressel 20,Gro�krotzenburg,ACIRG
27494,50.082227,8.980744,Dressel 20,Gro�krotzenburg,PNN
27494,50.082227,8.980744,Dressel 20,Gro�krotzenburg,PNN
27494,50.082227,8.980744,Dressel 20,Gro�krotzenburg,PNN
27494,50.082227,8.980744,Dressel 20,Gro�krotzenburg,PNN
27494,50.082227,8.980744,Dressel 20,Gro�krotzenburg,PNN
27494,50.082227,8.980744,Dressel 20,Gro�krotzenburg,PNN
27494,50.082227,8.980744,Dressel 20,Gro�krotzenburg,PNN
27494,50.082227,8.980744,Dressel 20,Gro�krotzenburg,PNN
27495,50.082227,8.980744,Dressel 20,Gro�krotzenburg,PNNHEDERA
27497,50.082227,8.980744,Dressel 20,Gro�krotzenburg,DOMS
11996,49.523805,8.657893,Dressel 20,Grosssachsen,PMS
14158,49.868993,8.932099,Dressel 20,Gro�-Umstadt,PCHO
8546,48.455989,10.276951,Dressel 20,G�nzburg,QSERVBROC
8547,48.455989,10.276951,Dressel 20,G�nzburg,QCC
8548,48.455989,10.276951,Dressel 20,Gﾁnzburg,MLFCE
8549,48.455989,10.276951,Dressel 20,Gﾁnzburg,GA
8550,48.455989,10.276951,Dressel 20,Gﾁnzburg,PLORFSAEN
8551,48.455989,10.276951,Dressel 20,G�nzburg,SAENIANS
8552,48.455989,10.276951,Dressel 20,G�nzburg,LCSOL
8553,48.455989,10.276951,Dressel 20,Gﾁnzburg,LFIC
8554,48.455989,10.276951,Dressel 20,Gﾁnzburg,PLODICELI
8555,48.455989,10.276951,Dressel 20,Gﾁnzburg,SANIA
8556,48.455989,10.276951,Dressel 20,Gﾁnzburg,MIC
8557,48.455989,10.276951,Dressel 20,Gﾁnzburg,CRVCVRO
8558,48.455989,10.276951,Dressel 20,Gﾁnzburg,DGC
8559,48.455989,10.276951,Dressel 20,Gﾁnzburg,DTSDDTED
8560,48.455989,10.276951,Dressel 20,Gﾁnzburg,QSRBCO
8561,48.455989,10.276951,Dressel 20,Gﾁnzburg,LL
32242,49.539523,9.330391,Dressel 20,Hainstadt,PNN
14133,50.134229,8.914176,Dressel 20,Hanau,QCC
27505,50.134229,8.914176,Dressel 20,Hanau,LQS
27506,50.134229,8.914176,Dressel 20,Hanau,L
27507,50.134229,8.914176,Dressel 20,Hanau,PANRVF
27508,50.134229,8.914176,Dressel 20,Hanau,IIIENNIIVLPALMA
27523,50.134229,8.914176,Dressel 20,Hanau,AS
27737,50.236768,8.862251,Dressel 20,Hedelbergen,DFN
27738,50.236768,8.862251,Dressel 20,Hedelbergen,CIALB
27739,50.236768,8.862251,Dressel 20,Hedelbergen,MP
27740,50.236768,8.862251,Dressel 20,Hedelbergen,QMR
27741,50.236768,8.862251,Dressel 20,Hedelbergen,CALL
27742,50.236768,8.862251,Dressel 20,Hedelbergen,LAEPAE
27743,50.236768,8.862251,Dressel 20,Hedelbergen,PCAEHER
27744,50.236768,8.862251,Dressel 20,Hedelbergen,FS
27745,50.236768,8.862251,Dressel 20,Hedelbergen,CIALBANIC
27747,50.236768,8.862251,Dressel 20,Hedelbergen,RVFIPO
27748,50.236768,8.862251,Dressel 20,Hedelbergen,QIM
27749,50.236768,8.862251,Dressel 20,Hedelbergen,PCLODIICELI
27750,50.236768,8.862251,Dressel 20,Hedelbergen,QIM
27751,50.236768,8.862251,Dressel 20,Hedelbergen,PANRVF
27752,50.236768,8.862251,Dressel 20,Hedelbergen,LFO
27753,50.236768,8.862251,Dressel 20,Hedelbergen,APH
14453,49.875158,7.217982,Dressel 20,Hochscheid,GIAMMOI
14092,50.2406,8.5484,Dressel 20,Hochtaunuskreis,FIGLINACIRGIMSMAVRIANI
14318,50.2406,8.5484,Dressel 20,Hochtaunuskreis,LFCFP
27829,50.2406,8.5484,Dressel 20,Hochtaunuskreis,LFCCAT
27832,50.2406,8.5484,Dressel 20,Hochtaunuskreis,DFN
13977,49.657495,8.413845,Dressel 20,Hofheim,MAR
14211,49.657495,8.413845,Dressel 20,Hofheim,LCSOL
14472,49.657495,8.413845,Dressel 20,Hofheim,MIM
14473,49.657495,8.413845,Dressel 20,Hofheim,MIM
20581,49.657495,8.413845,Dressel 20,Hofheim,MAR
27789,49.657495,8.413845,Dressel 20,Hofheim,CSEMPOL
27790,49.657495,8.413845,Dressel 20,Hofheim,LQS
27791,49.657495,8.413845,Dressel 20,Hofheim,OP
27792,49.657495,8.413845,Dressel 20,Hofheim,HIS
27797,49.657495,8.413845,Dressel 20,Hofheim,QCR
27798,49.657495,8.413845,Dressel 20,Hofheim,CANTONIQVIETI
27799,49.657495,8.413845,Dressel 20,Hofheim,LCFO
27800,49.657495,8.413845,Dressel 20,Hofheim,ACIC
27804,49.657495,8.413845,Dressel 20,Hofheim,MANNISATVRNINI
27805,49.657495,8.413845,Dressel 20,Hofheim,FSFAQVA
27806,49.657495,8.413845,Dressel 20,Hofheim,PMSA
27807,49.657495,8.413845,Dressel 20,Hofheim,P
27808,49.657495,8.413845,Dressel 20,Hofheim,MIM
27809,49.657495,8.413845,Dressel 20,Hofheim,CIALBANIC
27811,49.657495,8.413845,Dressel 20,Hofheim,RVFIPO
27812,49.657495,8.413845,Dressel 20,Hofheim,QI
27813,49.657495,8.413845,Dressel 20,Hofheim,QIAL
13991,49.657495,8.413845,Dressel 20,Hofheim am Taunus,LAETLAEL
14054,49.657495,8.413845,Dressel 20,Hofheim am Taunus,DATSCOL
14272,49.657495,8.413845,Dressel 20,Hofheim am Taunus,EROTIS
14273,49.657495,8.413845,Dressel 20,Hofheim am Taunus,EROTIS
14664,49.657495,8.413845,Dressel 20,Hofheim am Taunus,PMANILISVP
14783,49.657495,8.413845,Dressel 20,Hofheim am Taunus,PONTICI
14875,49.657495,8.413845,Dressel 20,Hofheim am Taunus,PSTVS
27820,50.219681,7.90972,Dressel 20,Holzhausen,QIAF
14382,51.014009,6.680187,Dressel 20,Hüchelhoven,QFVLPI
14179,47.927438,8.490334,Dressel 20,Hﾁfingen,LCMY
14182,47.927438,8.490334,Dressel 20,Hﾁfingen,LCM
14839,47.927438,8.490334,Dressel 20,H�fingen,ROMANI
31714,47.732209,10.315858,Dressel 20,Kempten,QAC
31715,47.732209,10.315858,Dressel 20,Kempten,MAEALEX
31716,47.732209,10.315858,Dressel 20,Kempten,TAASIATICI
31717,47.732209,10.315858,Dressel 20,Kempten,LATRVS
31718,47.732209,10.315858,Dressel 20,Kempten,ACIRGIF
31719,47.732209,10.315858,Dressel 20,Kempten,BROCHIATTA
31720,47.732209,10.315858,Dressel 20,Kempten,BROCHOD
31721,47.732209,10.315858,Dressel 20,Kempten,PORODV
31722,47.732209,10.315858,Dressel 20,Kempten,LCMY
31723,47.732209,10.315858,Dressel 20,Kempten,QCR
31724,47.732209,10.315858,Dressel 20,Kempten,CALPVRNIC
31725,47.732209,10.315858,Dressel 20,Kempten,EROTIS
31726,47.732209,10.315858,Dressel 20,Kempten,EXPEDITI
31727,47.732209,10.315858,Dressel 20,Kempten,MFCEL
31728,47.732209,10.315858,Dressel 20,Kempten,DFF
31729,47.732209,10.315858,Dressel 20,Kempten,LFO
31730,47.732209,10.315858,Dressel 20,Kempten,MFQF
31731,47.732209,10.315858,Dressel 20,Kempten,MFS
31732,47.732209,10.315858,Dressel 20,Kempten,MIM
31733,47.732209,10.315858,Dressel 20,Kempten,MIMOPSI
31734,47.732209,10.315858,Dressel 20,Kempten,QIMFN
31735,47.732209,10.315858,Dressel 20,Kempten,PIVLCRISP
31736,47.732209,10.315858,Dressel 20,Kempten,ALFO
31737,47.732209,10.315858,Dressel 20,Kempten,ALFO
31738,47.732209,10.315858,Dressel 20,Kempten,GLPVDE
31739,47.732209,10.315858,Dressel 20,Kempten,PMANISVP
31740,47.732209,10.315858,Dressel 20,Kempten,PMANISVP
31741,47.732209,10.315858,Dressel 20,Kempten,IIMVLDC
31742,47.732209,10.315858,Dressel 20,Kempten,CPMC
31743,47.732209,10.315858,Dressel 20,Kempten,PHILOC
31744,47.732209,10.315858,Dressel 20,Kempten,PLOCAMVS
31745,47.732209,10.315858,Dressel 20,Kempten,LRPHCO
31746,47.732209,10.315858,Dressel 20,Kempten,PSAVITI
31747,47.732209,10.315858,Dressel 20,Kempten,QSP
31748,47.732209,10.315858,Dressel 20,Kempten,PSTVSC
31749,47.732209,10.315858,Dressel 20,Kempten,CSEMPOL
31750,47.732209,10.315858,Dressel 20,Kempten,CSEMPOL
31751,47.732209,10.315858,Dressel 20,Kempten,CSEMPOLY
31752,47.732209,10.315858,Dressel 20,Kempten,MASAENIANISIA
31753,47.732209,10.315858,Dressel 20,Kempten,LVANT
31754,47.732209,10.315858,Dressel 20,Kempten,LVRP
31755,47.732209,10.315858,Dressel 20,Kempten,A
31756,47.732209,10.315858,Dressel 20,Kempten,DFC
31757,47.732209,10.315858,Dressel 20,Kempten,IVL
31758,47.732209,10.315858,Dressel 20,Kempten,IFOCRIE
31759,47.732209,10.315858,Dressel 20,Kempten,TVN
31760,47.732209,10.315858,Dressel 20,Kempten,QAEOC
31761,47.732209,10.315858,Dressel 20,Kempten,SEV
31762,47.732209,10.315858,Dressel 20,Kempten,SP
31763,47.732209,10.315858,Dressel 20,Kempten,VIT
31764,47.732209,10.315858,Dressel 20,Kempten,MR
14214,50.353573,7.578835,Dressel 20,Koblenz,PCAEHER
14986,50.353573,7.578835,Dressel 20,Koblenz,VIRGIN
13935,50.933333,6.95,Dressel 20,K?ln,QAAD
13938,50.933333,6.95,Dressel 20,K?ln,LABR
13939,50.933333,6.95,Dressel 20,K?ln,MAC
13957,50.933333,6.95,Dressel 20,K?ln,PAHSC
13972,50.933333,6.95,Dressel 20,K?ln,PORLAPAE
13975,50.933333,6.95,Dressel 20,K?ln,MAR
13980,50.933333,6.95,Dressel 20,K?ln,VAR
14007,50.933333,6.95,Dressel 20,K?ln,CAMPCALIOD
14015,50.933333,6.95,Dressel 20,K?ln,CANTONIQVIETIPALMA
14019,50.933333,6.95,Dressel 20,K?ln,CANTONIQVIETI
14023,50.933333,6.95,Dressel 20,K?ln,CANTONIQVIETI
14026,50.933333,6.95,Dressel 20,K?ln,CANTONIQVIETI
14037,50.933333,6.95,Dressel 20,K?ln,CANTQVI
14041,50.933333,6.95,Dressel 20,K?ln,CANTQ
14042,50.933333,6.95,Dressel 20,K?ln,QHEDERAANTHEDERARV
14044,50.933333,6.95,Dressel 20,K?ln,CAPF
14065,50.933333,6.95,Dressel 20,K?ln,LAVRGER
14070,50.933333,6.95,Dressel 20,K?ln,ACIRGI
14076,50.933333,6.95,Dressel 20,K?ln,ACIRGIF
14095,50.933333,6.95,Dressel 20,K?ln,AFRICANI
14107,50.933333,6.95,Dressel 20,K?ln,AVGGGNNNCOLEARIFBAR
14109,50.933333,6.95,Dressel 20,K?ln,BELLICIANAPAGALENI
14110,50.933333,6.95,Dressel 20,K?ln,BELLIB
14119,50.933333,6.95,Dressel 20,K?ln,BVCCI
14140,50.933333,6.95,Dressel 20,K?ln,QCCL
14144,50.933333,6.95,Dressel 20,K?ln,QCCL
14161,50.933333,6.95,Dressel 20,K?ln,SCLH
14189,50.933333,6.95,Dressel 20,K?ln,QCR
14191,50.933333,6.95,Dressel 20,K?ln,QCR
14215,50.933333,6.95,Dressel 20,K?ln,QCAESINIGRI
14218,50.933333,6.95,Dressel 20,K?ln,IICAMILIMELISSI
14234,50.933333,6.95,Dressel 20,K?ln,CALPC
14286,50.933333,6.95,Dressel 20,K?ln,LFCCOL
14302,50.933333,6.95,Dressel 20,K?ln,LFCCVFCM
14313,50.933333,6.95,Dressel 20,K?ln,LFCCVFSCAL
14326,50.933333,6.95,Dressel 20,K?ln,QFC
14346,50.933333,6.95,Dressel 20,K?ln,DFF
14346,50.933333,6.95,Dressel 20,K?ln,PNN
14358,50.933333,6.95,Dressel 20,K?ln,MFF
14365,50.933333,6.95,Dressel 20,K?ln,FMFA
14366,50.933333,6.95,Dressel 20,K?ln,FMF
14373,50.933333,6.95,Dressel 20,K?ln,MFQF
14385,50.933333,6.95,Dressel 20,K?ln,PQFLFL
14392,50.933333,6.95,Dressel 20,K?ln,FELICIS
14393,50.933333,6.95,Dressel 20,K?ln,PHILEROTI
14430,50.933333,6.95,Dressel 20,K?ln,QIAFS
14432,50.933333,6.95,Dressel 20,K?ln,QIAM
14445,50.933333,6.95,Dressel 20,K?ln,GIALB
14455,50.933333,6.95,Dressel 20,K?ln,QICSEC
14464,50.933333,6.95,Dressel 20,K?ln,MIM
14476,50.933333,6.95,Dressel 20,K?ln,MIMOPSI
14508,50.933333,6.95,Dressel 20,K?ln,QIMF
14509,50.933333,6.95,Dressel 20,K?ln,QIMF
14513,50.933333,6.95,Dressel 20,K?ln,PIRP
14518,50.933333,6.95,Dressel 20,K?ln,SISEN
14563,50.933333,6.95,Dressel 20,K?ln,LHEDERAIHEDERAMELISSIHEDERACI
14573,50.933333,6.95,Dressel 20,K?ln,IIIVNIMELISSIETMELISSEHEDERA
14576,50.933333,6.95,Dressel 20,K?ln,IIIVNIMELISSIETMELISSE
14609,50.933333,6.95,Dressel 20,K?ln,IICLLM
14615,50.933333,6.95,Dressel 20,K?ln,CMM
14631,50.933333,6.95,Dressel 20,K?ln,QMR
14665,50.933333,6.95,Dressel 20,K?ln,LMIFIR
14686,50.933333,6.95,Dressel 20,K?ln,PNNF
14710,50.933333,6.95,Dressel 20,K?ln,DOMS
14716,50.933333,6.95,Dressel 20,K?ln,DOMS
14735,50.933333,6.95,Dressel 20,K?ln,POROCODV
14746,50.933333,6.95,Dressel 20,K?ln,APC
14757,50.933333,6.95,Dressel 20,K?ln,CPLR
14767,50.933333,6.95,Dressel 20,K?ln,LPMS
14781,50.933333,6.95,Dressel 20,K?ln,PONTICI
14782,50.933333,6.95,Dressel 20,K?ln,PONTIC
14835,50.933333,6.95,Dressel 20,K?ln,RIVES
14843,50.933333,6.95,Dressel 20,K?ln,PSA
14850,50.933333,6.95,Dressel 20,K?ln,PORPSAPORPSV
14863,50.933333,6.95,Dressel 20,K?ln,MSP
14868,50.933333,6.95,Dressel 20,K?ln,QSP
14876,50.933333,6.95,Dressel 20,K?ln,QSASC
14893,50.933333,6.95,Dressel 20,K?ln,SERN
14894,50.933333,6.95,Dressel 20,K?ln,LSERGISATV
14901,50.933333,6.95,Dressel 20,K?ln,SAENIANESSAENIAMES
14920,50.933333,6.95,Dressel 20,K?ln,SAXFEREV
14921,50.933333,6.95,Dressel 20,K?ln,SAXOVPTI
14929,50.933333,6.95,Dressel 20,K?ln,SCALFES
14956,50.933333,6.95,Dressel 20,K?ln,QVCCF
14959,50.933333,6.95,Dressel 20,K?ln,PVFAVSTTINI
14967,50.933333,6.95,Dressel 20,K?ln,LVS
14983,50.933333,6.95,Dressel 20,K?ln,VIRCIN
14984,50.933333,6.95,Dressel 20,K?ln,VIRGIN
14990,50.933333,6.95,Dressel 20,K?ln,VIRI
14997,50.933333,6.95,Dressel 20,K?ln,VRITTIPV
28041,50.933333,6.95,Dressel 20,K?ln,AVGGGNNNPALMACOLEARIFBARB
8610,50.933333,6.95,Dressel 20,K?ln,CSE
8611,50.933333,6.95,Dressel 20,K?ln,CCLOCA
8612,50.933333,6.95,Dressel 20,K?ln,MANNSATVRNINI
8613,50.933333,6.95,Dressel 20,K?ln,CM
8614,50.933333,6.95,Dressel 20,K?ln,CHR
8615,50.933333,6.95,Dressel 20,K?ln,CII
8616,50.933333,6.95,Dressel 20,K?ln,LPFAV
11973,48.683449,9.363795,Dressel 20,K?ngen,PARVF
11974,48.683449,9.363795,Dressel 20,K?ngen,CAPF
11986,48.683449,9.363795,Dressel 20,K?ngen,QIA
12003,48.683449,9.363795,Dressel 20,K?ngen,DOMS
13989,48.683449,9.363795,Dressel 20,K?ngen,LHEDERAAEL
14012,48.683449,9.363795,Dressel 20,K?ngen,PARVF
14368,48.683449,9.363795,Dressel 20,K?ngen,LFO
14604,48.683449,9.363795,Dressel 20,K?ngen,ALFO
14701,48.683449,9.363795,Dressel 20,K?ngen,SNR
14731,48.683449,9.363795,Dressel 20,K?ngen,CONSFC
14815,48.683449,9.363795,Dressel 20,K?ngen,LQS
14963,48.683449,9.363795,Dressel 20,K?ngen,CVIV
13974,48.814007,11.504904,Dressel 20,K?sching,LAR
14859,48.814007,11.504904,Dressel 20,K?sching,CSP
14353,48.666945,13.077504,Dressel 20,K�nzing,LFFGI
11978,49.473071,8.608962,Dressel 20,Ladenburg (Lopodunum),QPALMACPALMAC
11979,49.473071,8.608962,Dressel 20,Ladenburg (Lopodunum),QCCA
11984,49.473071,8.608962,Dressel 20,Ladenburg (Lopodunum),QFC
11988,49.473071,8.608962,Dressel 20,Ladenburg (Lopodunum),QIC
11990,49.473071,8.608962,Dressel 20,Ladenburg (Lopodunum),QIMFN
12012,49.473071,8.608962,Dressel 20,Ladenburg (Lopodunum),NLR
14401,49.473071,8.608962,Dressel 20,Ladenburg (Lopodunum),KVFIGGRVMCOLSICETASI
14537,49.473071,8.608962,Dressel 20,Ladenburg (Lopodunum),ISHERMF
14925,49.473071,8.608962,Dressel 20,Ladenburg (Lopodunum),SCALENSIAPHI
18871,49.473071,8.608962,Dressel 20,Ladenburg (Lopodunum),PORPAH
18872,49.473071,8.608962,Dressel 20,Ladenburg (Lopodunum),BELL
18873,49.473071,8.608962,Dressel 20,Ladenburg (Lopodunum),FBELI
18874,49.473071,8.608962,Dressel 20,Ladenburg (Lopodunum),MCC
18875,49.473071,8.608962,Dressel 20,Ladenburg (Lopodunum),PCHO
18876,49.473071,8.608962,Dressel 20,Ladenburg (Lopodunum),PCAESINIGRI
18877,49.473071,8.608962,Dressel 20,Ladenburg (Lopodunum),LFCCVCAT
18878,49.473071,8.608962,Dressel 20,Ladenburg (Lopodunum),SFE
18879,49.473071,8.608962,Dressel 20,Ladenburg (Lopodunum),QIMFN
18880,49.473071,8.608962,Dressel 20,Ladenburg (Lopodunum),QIMFS
18881,49.473071,8.608962,Dressel 20,Ladenburg (Lopodunum),ISVIRG
18882,49.473071,8.608962,Dressel 20,Ladenburg (Lopodunum),LIT
18883,49.473071,8.608962,Dressel 20,Ladenburg (Lopodunum),PIVLCRISP
18884,49.473071,8.608962,Dressel 20,Ladenburg (Lopodunum),IIIVNIMELISSIETMELISSE
18885,49.473071,8.608962,Dressel 20,Ladenburg (Lopodunum),FSCIMNIANO
18885,49.473071,8.608962,Dressel 20,Ladenburg (Lopodunum),LIVNIMELISSI
18886,49.473071,8.608962,Dressel 20,Ladenburg (Lopodunum),LMVE
18887,49.473071,8.608962,Dressel 20,Ladenburg (Lopodunum),CPCSVB
18888,49.473071,8.608962,Dressel 20,Ladenburg (Lopodunum),ROMANI
18889,49.473071,8.608962,Dressel 20,Ladenburg (Lopodunum),LSA
18890,49.473071,8.608962,Dressel 20,Ladenburg (Lopodunum),FSCIMNIANO
18890,49.473071,8.608962,Dressel 20,Ladenburg (Lopodunum),LIVNIMELISSI
18891,49.473071,8.608962,Dressel 20,Ladenburg (Lopodunum),FHEDERASCIMNIANO
18892,49.473071,8.608962,Dressel 20,Ladenburg (Lopodunum),VIRCIN
18868,49.073397,9.145666,Dressel 20,Lauffen am Neckar,LFFCAL
13940,49.984188,8.279096,Dressel 20,Mainz,GAF
13953,49.984188,8.279096,Dressel 20,Mainz,QAGEMELLI
13956,49.984188,8.279096,Dressel 20,Mainz,PORPAH
13961,49.984188,8.279096,Dressel 20,Mainz,SALS
13973,49.984188,8.279096,Dressel 20,Mainz,OFGRARLVC
13976,49.984188,8.279096,Dressel 20,Mainz,MAR
13979,49.984188,8.279096,Dressel 20,Mainz,NARC
13984,49.984188,8.279096,Dressel 20,Mainz,MATBPALMA
13985,49.984188,8.279096,Dressel 20,Mainz,MATB
13987,49.984188,8.279096,Dressel 20,Mainz,LAEL
13993,49.984188,8.279096,Dressel 20,Mainz,SAEQARSE
13997,49.984188,8.279096,Dressel 20,Mainz,QAELIMICIANI
13998,49.984188,8.279096,Dressel 20,Mainz,MAEMRVS
14000,49.984188,8.279096,Dressel 20,Mainz,MAEMRVS
14006,49.984188,8.279096,Dressel 20,Mainz,FALBLIC
14008,49.984188,8.279096,Dressel 20,Mainz,CANNIRVFINI
14009,49.984188,8.279096,Dressel 20,Mainz,PNN
14010,49.984188,8.279096,Dressel 20,Mainz,PANRVF
14017,49.984188,8.279096,Dressel 20,Mainz,CANTQVIETI
14018,49.984188,8.279096,Dressel 20,Mainz,CANTONIQVIETI
14020,49.984188,8.279096,Dressel 20,Mainz,CANTONIQVIETI
14030,49.984188,8.279096,Dressel 20,Mainz,CANTONIQVIETI
14031,49.984188,8.279096,Dressel 20,Mainz,CANTONIQVIETI
14032,49.984188,8.279096,Dressel 20,Mainz,CANTONIQVIETI
14033,49.984188,8.279096,Dressel 20,Mainz,GANTONIQVIETI
14035,49.984188,8.279096,Dressel 20,Mainz,CANTQVIETI
14039,49.984188,8.279096,Dressel 20,Mainz,CANTQVIETI
14059,49.984188,8.279096,Dressel 20,Mainz,PATO
14069,49.984188,8.279096,Dressel 20,Mainz,ACIRGIF
14089,49.984188,8.279096,Dressel 20,Mainz,ACIR
14100,49.984188,8.279096,Dressel 20,Mainz,AGRICOLAE
14108,49.984188,8.279096,Dressel 20,Mainz,KVFIGBARCOLSICETASI
14122,49.984188,8.279096,Dressel 20,Mainz,LCANTP
14123,49.984188,8.279096,Dressel 20,Mainz,LCANTP
14145,49.984188,8.279096,Dressel 20,Mainz,QCCV
14151,49.984188,8.279096,Dressel 20,Mainz,MCFRIMCFPI
14180,49.984188,8.279096,Dressel 20,Mainz,LCM
14213,49.984188,8.279096,Dressel 20,Mainz,PCAEHER
14219,49.984188,8.279096,Dressel 20,Mainz,IICAMILIMELISSI
14238,49.984188,8.279096,Dressel 20,Mainz,CALPVRNI
14242,49.984188,8.279096,Dressel 20,Mainz,CHRYSANTIHEDERA
14279,49.984188,8.279096,Dressel 20,Mainz,QFAB
14280,49.984188,8.279096,Dressel 20,Mainz,CFAV
14288,49.984188,8.279096,Dressel 20,Mainz,LFCCOL
14289,49.984188,8.279096,Dressel 20,Mainz,LFCCVCAT
14292,49.984188,8.279096,Dressel 20,Mainz,LFCCVCM
14296,49.984188,8.279096,Dressel 20,Mainz,LFCCVFCM
14297,49.984188,8.279096,Dressel 20,Mainz,LFCCVFCCM
14306,49.984188,8.279096,Dressel 20,Mainz,LFCCVFCM
14317,49.984188,8.279096,Dressel 20,Mainz,LFCFP
14320,49.984188,8.279096,Dressel 20,Mainz,LFCCV
14323,49.984188,8.279096,Dressel 20,Mainz,LFCCVCAT
14329,49.984188,8.279096,Dressel 20,Mainz,QFCF
14331,49.984188,8.279096,Dressel 20,Mainz,QFC
14348,49.984188,8.279096,Dressel 20,Mainz,DFF
14354,49.984188,8.279096,Dressel 20,Mainz,LEFPC
14363,49.984188,8.279096,Dressel 20,Mainz,FLFBA
14367,49.984188,8.279096,Dressel 20,Mainz,FMFA
14383,49.984188,8.279096,Dressel 20,Mainz,CFVA
14394,49.984188,8.279096,Dressel 20,Mainz,PHILO
14405,49.984188,8.279096,Dressel 20,Mainz,HISPSAENICORONA
14421,49.984188,8.279096,Dressel 20,Mainz,QIAFS
14422,49.984188,8.279096,Dressel 20,Mainz,QIAFS
14423,49.984188,8.279096,Dressel 20,Mainz,QIAFS
14441,49.984188,8.279096,Dressel 20,Mainz,CIALB
14454,49.984188,8.279096,Dressel 20,Mainz,QICSEC
14458,49.984188,8.279096,Dressel 20,Mainz,LIDFITALLICAE
14461,49.984188,8.279096,Dressel 20,Mainz,MIM
14462,49.984188,8.279096,Dressel 20,Mainz,MIM
14466,49.984188,8.279096,Dressel 20,Mainz,MIM
14474,49.984188,8.279096,Dressel 20,Mainz,MIM
14475,49.984188,8.279096,Dressel 20,Mainz,MIM
14496,49.984188,8.279096,Dressel 20,Mainz,QIMFN
14503,49.984188,8.279096,Dressel 20,Mainz,QIMS
14516,49.984188,8.279096,Dressel 20,Mainz,SEXIRVFI
14517,49.984188,8.279096,Dressel 20,Mainz,SEXIRVFI
14532,49.984188,8.279096,Dressel 20,Mainz,LIT
14533,49.984188,8.279096,Dressel 20,Mainz,LIT
14542,49.984188,8.279096,Dressel 20,Mainz,PIVLICRISPI
14549,49.984188,8.279096,Dressel 20,Mainz,CIVLISVRI
14551,49.984188,8.279096,Dressel 20,Mainz,IVLTEREN
14552,49.984188,8.279096,Dressel 20,Mainz,CIVNIHEBVRI
14554,49.984188,8.279096,Dressel 20,Mainz,CIVNIHEBVRI
14564,49.984188,8.279096,Dressel 20,Mainz,LHEDERAIVNIMELISSI
14568,49.984188,8.279096,Dressel 20,Mainz,LIVNIMELISSI
14570,49.984188,8.279096,Dressel 20,Mainz,IIIVNIMELISSIETMELISSE
14579,49.984188,8.279096,Dressel 20,Mainz,IIIVNIMELISSIETMELISSEHEDERA
14592,49.984188,8.279096,Dressel 20,Mainz,IIIVNIMELISSIETMELISSE
14599,49.984188,8.279096,Dressel 20,Mainz,ALFO
14603,49.984188,8.279096,Dressel 20,Mainz,ALFO
14605,49.984188,8.279096,Dressel 20,Mainz,AELFO
14616,49.984188,8.279096,Dressel 20,Mainz,GMMF
14629,49.984188,8.279096,Dressel 20,Mainz,PMOCVFIGEDO
14661,49.984188,8.279096,Dressel 20,Mainz,LMVE
14663,49.984188,8.279096,Dressel 20,Mainz,PMANISVP
14697,49.984188,8.279096,Dressel 20,Mainz,SNR
14703,49.984188,8.279096,Dressel 20,Mainz,SNR
14730,49.984188,8.279096,Dressel 20,Mainz,CONSFC
14736,49.984188,8.279096,Dressel 20,Mainz,POROCODV
14748,49.984188,8.279096,Dressel 20,Mainz,APG
14760,49.984188,8.279096,Dressel 20,Mainz,APM
14784,49.984188,8.279096,Dressel 20,Mainz,PONTICI
14785,49.984188,8.279096,Dressel 20,Mainz,PONTICI
14787,49.984188,8.279096,Dressel 20,Mainz,POPVLI
14791,49.984188,8.279096,Dressel 20,Mainz,AQFVA
14799,49.984188,8.279096,Dressel 20,Mainz,LQS
14809,49.984188,8.279096,Dressel 20,Mainz,LQS
14814,49.984188,8.279096,Dressel 20,Mainz,LQS
14822,49.984188,8.279096,Dressel 20,Mainz,LQS
14831,49.984188,8.279096,Dressel 20,Mainz,PRI
14840,49.984188,8.279096,Dressel 20,Mainz,ROMANI
14841,49.984188,8.279096,Dressel 20,Mainz,RVFPO
14846,49.984188,8.279096,Dressel 20,Mainz,PORPS
14849,49.984188,8.279096,Dressel 20,Mainz,PORPSA
14852,49.984188,8.279096,Dressel 20,Mainz,PSAVITI
14852,49.984188,8.279096,Dressel 20,Mainz,SVAVI
14854,49.984188,8.279096,Dressel 20,Mainz,LSLVPI
14862,49.984188,8.279096,Dressel 20,Mainz,LSPBO
14871,49.984188,8.279096,Dressel 20,Mainz,QSPPALMA
14878,49.984188,8.279096,Dressel 20,Mainz,QSASER
14880,49.984188,8.279096,Dressel 20,Mainz,CSEANT
14883,49.984188,8.279096,Dressel 20,Mainz,QSEPSA
14886,49.984188,8.279096,Dressel 20,Mainz,CSEMPOLYCLITI
14890,49.984188,8.279096,Dressel 20,Mainz,SER
14895,49.984188,8.279096,Dressel 20,Mainz,LSTRLVCANI
14902,49.984188,8.279096,Dressel 20,Mainz,SAENIAMVS
14906,49.984188,8.279096,Dressel 20,Mainz,OPTSAENI
14909,49.984188,8.279096,Dressel 20,Mainz,SATVRNINI
14911,49.984188,8.279096,Dressel 20,Mainz,SAXOFERRI
14918,49.984188,8.279096,Dressel 20,Mainz,SAXOFER
14923,49.984188,8.279096,Dressel 20,Mainz,SCALENSIAGEME
14924,49.984188,8.279096,Dressel 20,Mainz,SCALENSIACRE
14930,49.984188,8.279096,Dressel 20,Mainz,SCALFES
14934,49.984188,8.279096,Dressel 20,Mainz,FSCIMNIANO
14935,49.984188,8.279096,Dressel 20,Mainz,FSCIMNIANO
14936,49.984188,8.279096,Dressel 20,Mainz,FSCIMNIANO
14938,49.984188,8.279096,Dressel 20,Mainz,FSCIMNIANO
14939,49.984188,8.279096,Dressel 20,Mainz,FSCIMNIANI
14940,49.984188,8.279096,Dressel 20,Mainz,STATIANIENSIA
14944,49.984188,8.279096,Dressel 20,Mainz,STCA
14949,49.984188,8.279096,Dressel 20,Mainz,CTOSESAL
14950,49.984188,8.279096,Dressel 20,Mainz,CTYCCL
14952,49.984188,8.279096,Dressel 20,Mainz,TERTI
14953,49.984188,8.279096,Dressel 20,Mainz,LVA
14954,49.984188,8.279096,Dressel 20,Mainz,PVACORONA
14958,49.984188,8.279096,Dressel 20,Mainz,LVF
14966,49.984188,8.279096,Dressel 20,Mainz,EVRI
14971,49.984188,8.279096,Dressel 20,Mainz,LVALTROPHIMI
14974,49.984188,8.279096,Dressel 20,Mainz,LVTROPHIMI
14975,49.984188,8.279096,Dressel 20,Mainz,LVTROPHIMI
14976,49.984188,8.279096,Dressel 20,Mainz,LVTROPHIMI
14978,49.984188,8.279096,Dressel 20,Mainz,LVV
14979,49.984188,8.279096,Dressel 20,Mainz,LALVIT
14980,49.984188,8.279096,Dressel 20,Mainz,LVALAMET
14987,49.984188,8.279096,Dressel 20,Mainz,VIRGIN
14991,49.984188,8.279096,Dressel 20,Mainz,VIRIIII
18897,49.984188,8.279096,Dressel 20,Mainz,PSPAC
18898,49.984188,8.279096,Dressel 20,Mainz,PAC
18899,49.984188,8.279096,Dressel 20,Mainz,PQAF
18900,49.984188,8.279096,Dressel 20,Mainz,CALF
18901,49.984188,8.279096,Dressel 20,Mainz,QAGAPOL
18902,49.984188,8.279096,Dressel 20,Mainz,QAGEMELI
18903,49.984188,8.279096,Dressel 20,Mainz,PORLAR
18904,49.984188,8.279096,Dressel 20,Mainz,MAR
18905,49.984188,8.279096,Dressel 20,Mainz,MAR
18906,49.984188,8.279096,Dressel 20,Mainz,MAA
18907,49.984188,8.279096,Dressel 20,Mainz,PQAR
18908,49.984188,8.279096,Dressel 20,Mainz,CAE
18909,49.984188,8.279096,Dressel 20,Mainz,LAEL
18910,49.984188,8.279096,Dressel 20,Mainz,LAEL
18911,49.984188,8.279096,Dressel 20,Mainz,MAELAEX
18912,49.984188,8.279096,Dressel 20,Mainz,QAEOPTATI
18914,49.984188,8.279096,Dressel 20,Mainz,MAEMRVS
18915,49.984188,8.279096,Dressel 20,Mainz,LANTSVRI
18916,49.984188,8.279096,Dressel 20,Mainz,GANTONIQVIETI
18917,49.984188,8.279096,Dressel 20,Mainz,CANTONIQVIETI
18918,49.984188,8.279096,Dressel 20,Mainz,CANTONIQVIETI
18919,49.984188,8.279096,Dressel 20,Mainz,CANTQVIETI
18920,49.984188,8.279096,Dressel 20,Mainz,MATM
18921,49.984188,8.279096,Dressel 20,Mainz,LATRVS
18922,49.984188,8.279096,Dressel 20,Mainz,ACIRC
18923,49.984188,8.279096,Dressel 20,Mainz,ACIRCIF
18924,49.984188,8.279096,Dressel 20,Mainz,ACIRCI
18925,49.984188,8.279096,Dressel 20,Mainz,FIGLINACIRGIMSMAVRIANI
18926,49.984188,8.279096,Dressel 20,Mainz,ARAXIFM
18928,49.984188,8.279096,Dressel 20,Mainz,ARVA
18929,49.984188,8.279096,Dressel 20,Mainz,ATITTAE
18930,49.984188,8.279096,Dressel 20,Mainz,AVGN
18931,49.984188,8.279096,Dressel 20,Mainz,B
18933,49.984188,8.279096,Dressel 20,Mainz,MCCPALMA
18934,49.984188,8.279096,Dressel 20,Mainz,QHEDERACCHEDERA
18935,49.984188,8.279096,Dressel 20,Mainz,QCCL
18936,49.984188,8.279096,Dressel 20,Mainz,LCFPO
18937,49.984188,8.279096,Dressel 20,Mainz,QCI
18938,49.984188,8.279096,Dressel 20,Mainz,SCLC
18939,49.984188,8.279096,Dressel 20,Mainz,SCLC
18940,49.984188,8.279096,Dressel 20,Mainz,VCLC
18941,49.984188,8.279096,Dressel 20,Mainz,PCM
18942,49.984188,8.279096,Dressel 20,Mainz,QCR
18943,49.984188,8.279096,Dressel 20,Mainz,QCR
18944,49.984188,8.279096,Dressel 20,Mainz,QCR
18945,49.984188,8.279096,Dressel 20,Mainz,QCRM
18946,49.984188,8.279096,Dressel 20,Mainz,QCRV
18947,49.984188,8.279096,Dressel 20,Mainz,LCSOL
18948,49.984188,8.279096,Dressel 20,Mainz,LCVFP
18949,49.984188,8.279096,Dressel 20,Mainz,PCAEHER
18950,49.984188,8.279096,Dressel 20,Mainz,QCALMARSI
18951,49.984188,8.279096,Dressel 20,Mainz,QCALMARSI
18952,49.984188,8.279096,Dressel 20,Mainz,IICAMILIMELISSI
18953,49.984188,8.279096,Dressel 20,Mainz,VCLE
18954,49.984188,8.279096,Dressel 20,Mainz,FCAERARI
18955,49.984188,8.279096,Dressel 20,Mainz,CALPVRQ
18956,49.984188,8.279096,Dressel 20,Mainz,DIORN
18957,49.984188,8.279096,Dressel 20,Mainz,KVFCOLL
18958,49.984188,8.279096,Dressel 20,Mainz,CONSF
18959,49.984188,8.279096,Dressel 20,Mainz,CA
18960,49.984188,8.279096,Dressel 20,Mainz,DOM
18961,49.984188,8.279096,Dressel 20,Mainz,DOMS
18962,49.984188,8.279096,Dressel 20,Mainz,CEFP
18963,49.984188,8.279096,Dressel 20,Mainz,PELC
18965,49.984188,8.279096,Dressel 20,Mainz,DESVSV
18966,49.984188,8.279096,Dressel 20,Mainz,IIIENNIIVLHEDERA
18967,49.984188,8.279096,Dressel 20,Mainz,IIIENNIIVLCORONA
18968,49.984188,8.279096,Dressel 20,Mainz,EROTIS
18969,49.984188,8.279096,Dressel 20,Mainz,FM
18970,49.984188,8.279096,Dressel 20,Mainz,LFCCVCAT
18971,49.984188,8.279096,Dressel 20,Mainz,LCCVFCAT
18972,49.984188,8.279096,Dressel 20,Mainz,LFCCVFCAT
18973,49.984188,8.279096,Dressel 20,Mainz,MFC
18974,49.984188,8.279096,Dressel 20,Mainz,QFC
18975,49.984188,8.279096,Dressel 20,Mainz,QFC
18976,49.984188,8.279096,Dressel 20,Mainz,MFE
18977,49.984188,8.279096,Dressel 20,Mainz,DFF
18977,49.984188,8.279096,Dressel 20,Mainz,PNNF
18978,49.984188,8.279096,Dressel 20,Mainz,LFO
18979,49.984188,8.279096,Dressel 20,Mainz,MFS
18980,49.984188,8.279096,Dressel 20,Mainz,CFVAC
18981,49.984188,8.279096,Dressel 20,Mainz,QFVLPI
18982,49.984188,8.279096,Dressel 20,Mainz,MFV
18983,49.984188,8.279096,Dressel 20,Mainz,FINE
18985,49.984188,8.279096,Dressel 20,Mainz,FRVCTI
18986,49.984188,8.279096,Dressel 20,Mainz,FVSCI
18987,49.984188,8.279096,Dressel 20,Mainz,CHIL
18988,49.984188,8.279096,Dressel 20,Mainz,HERMESF
18989,49.984188,8.279096,Dressel 20,Mainz,GIALB
18990,49.984188,8.279096,Dressel 20,Mainz,GIALB
18991,49.984188,8.279096,Dressel 20,Mainz,GIALB
18992,49.984188,8.279096,Dressel 20,Mainz,MIAPS
18994,49.984188,8.279096,Dressel 20,Mainz,CIB
18995,49.984188,8.279096,Dressel 20,Mainz,LIH
18996,49.984188,8.279096,Dressel 20,Mainz,MIM
18997,49.984188,8.279096,Dressel 20,Mainz,MIM
18998,49.984188,8.279096,Dressel 20,Mainz,MIM
18999,49.984188,8.279096,Dressel 20,Mainz,MIM
19000,49.984188,8.279096,Dressel 20,Mainz,MIM
19001,49.984188,8.279096,Dressel 20,Mainz,MIM
19002,49.984188,8.279096,Dressel 20,Mainz,QIMFN
19003,49.984188,8.279096,Dressel 20,Mainz,SIR
19004,49.984188,8.279096,Dressel 20,Mainz,LIT
19005,49.984188,8.279096,Dressel 20,Mainz,LIV
19006,49.984188,8.279096,Dressel 20,Mainz,LIVNIMELISSI
19007,49.984188,8.279096,Dressel 20,Mainz,LIVNIMELISSI
19008,49.984188,8.279096,Dressel 20,Mainz,LIVNIMELISSI
19009,49.984188,8.279096,Dressel 20,Mainz,LIVNIMELISSICI
19010,49.984188,8.279096,Dressel 20,Mainz,LIVNIMEELISSICI
19011,49.984188,8.279096,Dressel 20,Mainz,IIIVNMELISSIETMELISSE
19012,49.984188,8.279096,Dressel 20,Mainz,IIIVNIMELISSIETMELISSE
19014,49.984188,8.279096,Dressel 20,Mainz,IIIVNIMELISSIETMELISSE
19015,49.984188,8.279096,Dressel 20,Mainz,IIIVNIMELISSIETMELISSE
19016,49.984188,8.279096,Dressel 20,Mainz,IIIVNIMELISSIETMELISSE
19017,49.984188,8.279096,Dressel 20,Mainz,IIIVNIMELISSIETMELISSE
19018,49.984188,8.279096,Dressel 20,Mainz,IIIVNIMELISSIETMELISSE
19019,49.984188,8.279096,Dressel 20,Mainz,IIIVNIMELISSIETMELISSE
19021,49.984188,8.279096,Dressel 20,Mainz,IVCVNDI
19022,49.984188,8.279096,Dressel 20,Mainz,SALALFO
19023,49.984188,8.279096,Dressel 20,Mainz,LLI
19024,49.984188,8.279096,Dressel 20,Mainz,IICLM
19025,49.984188,8.279096,Dressel 20,Mainz,TMCOR
19026,49.984188,8.279096,Dressel 20,Mainz,MMCSNOR
19027,49.984188,8.279096,Dressel 20,Mainz,GMMF
19028,49.984188,8.279096,Dressel 20,Mainz,QMR
19029,49.984188,8.279096,Dressel 20,Mainz,PMS
19032,49.984188,8.279096,Dressel 20,Mainz,PMANILSVP
19033,49.984188,8.279096,Dressel 20,Mainz,CMARSVANI
19034,49.984188,8.279096,Dressel 20,Mainz,MAVRI
19035,49.984188,8.279096,Dressel 20,Mainz,CASIENINI
19035,49.984188,8.279096,Dressel 20,Mainz,MAVRI
19037,49.984188,8.279096,Dressel 20,Mainz,FIGMED
19038,49.984188,8.279096,Dressel 20,Mainz,MEDIANE
19039,49.984188,8.279096,Dressel 20,Mainz,IMINIC
19040,49.984188,8.279096,Dressel 20,Mainz,PNN
19041,49.984188,8.279096,Dressel 20,Mainz,PNN
19042,49.984188,8.279096,Dressel 20,Mainz,PNN
19043,49.984188,8.279096,Dressel 20,Mainz,PNN
19044,49.984188,8.279096,Dressel 20,Mainz,PNN
19045,49.984188,8.279096,Dressel 20,Mainz,PNNF
19046,49.984188,8.279096,Dressel 20,Mainz,PNNF
19047,49.984188,8.279096,Dressel 20,Mainz,PNNF
19048,49.984188,8.279096,Dressel 20,Mainz,PNNF
19050,49.984188,8.279096,Dressel 20,Mainz,PNN
19052,49.984188,8.279096,Dressel 20,Mainz,PNNN
19053,49.984188,8.279096,Dressel 20,Mainz,SNRP
19054,49.984188,8.279096,Dressel 20,Mainz,SEXNR
19055,49.984188,8.279096,Dressel 20,Mainz,PORODV
19056,49.984188,8.279096,Dressel 20,Mainz,OPBATI
19057,49.984188,8.279096,Dressel 20,Mainz,OPTATI
19058,49.984188,8.279096,Dressel 20,Mainz,OPTATI
19059,49.984188,8.279096,Dressel 20,Mainz,APECO
19060,49.984188,8.279096,Dressel 20,Mainz,APECO
19061,49.984188,8.279096,Dressel 20,Mainz,PORCPRE
19062,49.984188,8.279096,Dressel 20,Mainz,FPATERNI
19063,49.984188,8.279096,Dressel 20,Mainz,FPATERNI
19064,49.984188,8.279096,Dressel 20,Mainz,POLYCLTI
19065,49.984188,8.279096,Dressel 20,Mainz,PROBI
19351,49.984188,8.279096,Dressel 20,Mainz,SINEIMAGINE
19352,49.984188,8.279096,Dressel 20,Mainz,LQS
19353,49.984188,8.279096,Dressel 20,Mainz,PQTIAFLA
19354,49.984188,8.279096,Dressel 20,Mainz,QVINT
19356,49.984188,8.279096,Dressel 20,Mainz,QSC
19357,49.984188,8.279096,Dressel 20,Mainz,LSLS
19358,49.984188,8.279096,Dressel 20,Mainz,LSLVPI
19359,49.984188,8.279096,Dressel 20,Mainz,MSNAR
19360,49.984188,8.279096,Dressel 20,Mainz,MSNAR
19361,49.984188,8.279096,Dressel 20,Mainz,MSP
19363,49.984188,8.279096,Dressel 20,Mainz,QSP
19364,49.984188,8.279096,Dressel 20,Mainz,QSP
19365,49.984188,8.279096,Dressel 20,Mainz,QSP
19366,49.984188,8.279096,Dressel 20,Mainz,LSSEX
19367,49.984188,8.279096,Dressel 20,Mainz,PMVSC
19368,49.984188,8.279096,Dressel 20,Mainz,CSEMAI
19369,49.984188,8.279096,Dressel 20,Mainz,MSEMPHEL
19370,49.984188,8.279096,Dressel 20,Mainz,CSEM
19371,49.984188,8.279096,Dressel 20,Mainz,CSEMPOL
19372,49.984188,8.279096,Dressel 20,Mainz,CSEMPOLYC
19374,49.984188,8.279096,Dressel 20,Mainz,CASTELANI
19375,49.984188,8.279096,Dressel 20,Mainz,SNR
19376,49.984188,8.279096,Dressel 20,Mainz,CENIHISPSAE
19377,49.984188,8.279096,Dressel 20,Mainz,CENHISPSAE
19378,49.984188,8.279096,Dressel 20,Mainz,SALS
19379,49.984188,8.279096,Dressel 20,Mainz,SAMIS
19380,49.984188,8.279096,Dressel 20,Mainz,SAXOFERREO
19381,49.984188,8.279096,Dressel 20,Mainz,SAXOFERRO
19382,49.984188,8.279096,Dressel 20,Mainz,SLTSAXIFERRI
19383,49.984188,8.279096,Dressel 20,Mainz,SCALENSIA
19384,49.984188,8.279096,Dressel 20,Mainz,SCALENSIA
19385,49.984188,8.279096,Dressel 20,Mainz,FSCIMNIANO
19386,49.984188,8.279096,Dressel 20,Mainz,FSCIMNIANO
19387,49.984188,8.279096,Dressel 20,Mainz,SECVNDI
19388,49.984188,8.279096,Dressel 20,Mainz,SER
19389,49.984188,8.279096,Dressel 20,Mainz,SER
19390,49.984188,8.279096,Dressel 20,Mainz,VRITTIER
19391,49.984188,8.279096,Dressel 20,Mainz,TELEPH
19392,49.984188,8.279096,Dressel 20,Mainz,CVVA
19393,49.984188,8.279096,Dressel 20,Mainz,POPVLI
19393,49.984188,8.279096,Dressel 20,Mainz,PORTO
19393,49.984188,8.279096,Dressel 20,Mainz,QVINT
19394,49.984188,8.279096,Dressel 20,Mainz,LVALTROPHIMI
19395,49.984188,8.279096,Dressel 20,Mainz,PVALFAVSSCOR
19396,49.984188,8.279096,Dressel 20,Mainz,VFAVSTI
19397,49.984188,8.279096,Dressel 20,Mainz,LVALTROPHIMI
19398,49.984188,8.279096,Dressel 20,Mainz,LVALVIT
19399,49.984188,8.279096,Dressel 20,Mainz,LVALV
19400,49.984188,8.279096,Dressel 20,Mainz,LVIST
19401,49.984188,8.279096,Dressel 20,Mainz,VIBIO
19402,49.984188,8.279096,Dressel 20,Mainz,VIRG
19403,49.984188,8.279096,Dressel 20,Mainz,VIRAV
19404,49.984188,8.279096,Dressel 20,Mainz,VIRII
19405,49.984188,8.279096,Dressel 20,Mainz,A
19406,49.984188,8.279096,Dressel 20,Mainz,A
19407,49.984188,8.279096,Dressel 20,Mainz,BABP
19408,49.984188,8.279096,Dressel 20,Mainz,AGE
19409,49.984188,8.279096,Dressel 20,Mainz,CCL
19410,49.984188,8.279096,Dressel 20,Mainz,M
19411,49.984188,8.279096,Dressel 20,Mainz,MA
19412,49.984188,8.279096,Dressel 20,Mainz,ND
19414,49.984188,8.279096,Dressel 20,Mainz,PORTVS
19415,49.984188,8.279096,Dressel 20,Mainz,P
19416,49.984188,8.279096,Dressel 20,Mainz,SIVI
19418,49.984188,8.279096,Dressel 20,Mainz,LIT
19419,49.984188,8.279096,Dressel 20,Mainz,II
19420,49.984188,8.279096,Dressel 20,Mainz,SINEIMAGINE
20079,49.984188,8.279096,Dressel 20,Mainz,LQS
37023,49.984188,8.279096,Dressel 20,Mainz,ALFO
18932,50.009937,8.282909,Dressel 20,Mainz-Kastel,LFCABAB
18964,50.009937,8.282909,Dressel 20,Mainz-Kastel,QER
18993,50.009937,8.282909,Dressel 20,Mainz-Kastel,CIB
19013,50.009937,8.282909,Dressel 20,Mainz-Kastel,IIIVNIMELISSIETMELISSE
19020,50.009937,8.282909,Dressel 20,Mainz-Kastel,IIIVNMELISSIETMELISSE
19031,50.009937,8.282909,Dressel 20,Mainz-Kastel,QMS
19036,50.009937,8.282909,Dressel 20,Mainz-Kastel,MECC
19355,50.009937,8.282909,Dressel 20,Mainz-Kastel,OFGRARLVC
19362,50.009937,8.282909,Dressel 20,Mainz-Kastel,MSP
27851,50.009937,8.282909,Dressel 20,Mainz-Kastel,IIIENNIORIVLSAE
27852,50.009937,8.282909,Dressel 20,Mainz-Kastel,PRI
27853,50.009937,8.282909,Dressel 20,Mainz-Kastel,CIALB
27854,50.009937,8.282909,Dressel 20,Mainz-Kastel,LAEL
27855,50.009937,8.282909,Dressel 20,Mainz-Kastel,PNN
27856,50.009937,8.282909,Dressel 20,Mainz-Kastel,FSCIMNIANO
14142,49.496706,8.479547,Dressel 20,Mannheim,QCCL
14446,49.704515,9.267253,Dressel 20,Miltenberg,CIALB
13995,51.453418,6.632595,Dressel 20,Moers,MAELALEX
13978,51.150231,6.458276,Dressel 20,Mﾁlfort,MARB
12008,48.870328,9.279149,Dressel 20,Neckarrems,QVCVIR
14864,48.870328,9.279149,Dressel 20,Neckarrems,MSP
14027,49.415254,8.686601,Dressel 20,Neuenheim,CANTONIQVIETI
14062,49.415254,8.686601,Dressel 20,Neuenheim,TAAPA
14359,49.415254,8.686601,Dressel 20,Neuenheim,PQFFPALMA
14369,49.415254,8.686601,Dressel 20,Neuenheim,LFOPALMA
14510,49.415254,8.686601,Dressel 20,Neuenheim,CIPALMAB
14960,49.415254,8.686601,Dressel 20,Neuenheim,PVAFAV
14198,48.680752,9.277518,Dressel 20,Neuhausen auf den Fildern,MCS
14209,47.948948,7.673177,Dressel 20,Neumagen,MMCSVR
13964,51.198071,6.685037,Dressel 20,Neuss,CAPXIV
14083,51.198071,6.685037,Dressel 20,Neuss,ACIRGI
14150,51.198071,6.685037,Dressel 20,Neuss,LCFPCE
14181,51.198071,6.685037,Dressel 20,Neuss,LCM
14260,51.198071,6.685037,Dressel 20,Neuss,IIIENNIORIVLSAE
14388,51.198071,6.685037,Dressel 20,Neuss,MFLAVIT
14416,51.198071,6.685037,Dressel 20,Neuss,MIAPMA
14470,51.198071,6.685037,Dressel 20,Neuss,MIM
14471,51.198071,6.685037,Dressel 20,Neuss,MIM
14560,51.198071,6.685037,Dressel 20,Neuss,LIVNIMELISSI
14737,51.198071,6.685037,Dressel 20,Neuss,POROCODV
14884,51.198071,6.685037,Dressel 20,Neuss,ILSLSEN
14903,51.198071,6.685037,Dressel 20,Neuss,SAENIANE
14964,51.198071,6.685037,Dressel 20,Neuss,LVIVCV
14973,51.198071,6.685037,Dressel 20,Neuss,LVALTROPHIMI
14451,49.813836,6.581303,Dressel 20,Newel,CIALS
13986,50.159548,8.645835,Dressel 20,Nida-Heddernheim,QAHEDERATTLLIIC
14021,50.159548,8.645835,Dressel 20,Nida-Heddernheim,CANTONIQVIETI
14024,50.159548,8.645835,Dressel 20,Nida-Heddernheim,CANTONIQVIETI
14034,50.159548,8.645835,Dressel 20,Nida-Heddernheim,CANTONIQVIETI
14048,50.159548,8.645835,Dressel 20,Nida-Heddernheim,CAPF
14139,50.159548,8.645835,Dressel 20,Nida-Heddernheim,QCCF
14186,50.159548,8.645835,Dressel 20,Nida-Heddernheim,QCR
14338,50.159548,8.645835,Dressel 20,Nida-Heddernheim,PORMFDIAB
14597,50.159548,8.645835,Dressel 20,Nida-Heddernheim,ALFO
14659,50.159548,8.645835,Dressel 20,Nida-Heddernheim,LNV
14688,50.159548,8.645835,Dressel 20,Nida-Heddernheim,PNNSHSOLETLUNA
14793,50.159548,8.645835,Dressel 20,Nida-Heddernheim,MQF
27538,50.159548,8.645835,Dressel 20,Nida-Heddernheim,IIIVNIMELISSEETMELISSE
27539,50.159548,8.645835,Dressel 20,Nida-Heddernheim,CIS
27540,50.159548,8.645835,Dressel 20,Nida-Heddernheim,LCM
27541,50.159548,8.645835,Dressel 20,Nida-Heddernheim,QIAN
27542,50.159548,8.645835,Dressel 20,Nida-Heddernheim,DOMS
27543,50.159548,8.645835,Dressel 20,Nida-Heddernheim,QMCALIAIDIS
27544,50.159548,8.645835,Dressel 20,Nida-Heddernheim,SNR
27545,50.159548,8.645835,Dressel 20,Nida-Heddernheim,QCCLEPALMA
27546,50.159548,8.645835,Dressel 20,Nida-Heddernheim,LFSEC
27547,50.159548,8.645835,Dressel 20,Nida-Heddernheim,LFCRESCVF
27548,50.159548,8.645835,Dressel 20,Nida-Heddernheim,IIIENNIIVLPALMA
27550,50.159548,8.645835,Dressel 20,Nida-Heddernheim,TSIP
27551,50.159548,8.645835,Dressel 20,Nida-Heddernheim,LC
27552,50.159548,8.645835,Dressel 20,Nida-Heddernheim,QCCV
27553,50.159548,8.645835,Dressel 20,Nida-Heddernheim,NAFSCA
27554,50.159548,8.645835,Dressel 20,Nida-Heddernheim,GAVEL
27555,50.159548,8.645835,Dressel 20,Nida-Heddernheim,SLAEONIS
27556,50.159548,8.645835,Dressel 20,Nida-Heddernheim,APPR
27557,50.159548,8.645835,Dressel 20,Nida-Heddernheim,SCALESIAR
27558,50.159548,8.645835,Dressel 20,Nida-Heddernheim,PCLODIICELI
27560,50.159548,8.645835,Dressel 20,Nida-Heddernheim,QMR
27561,50.159548,8.645835,Dressel 20,Nida-Heddernheim,SLFCL
27562,50.159548,8.645835,Dressel 20,Nida-Heddernheim,QHRP
27563,50.159548,8.645835,Dressel 20,Nida-Heddernheim,LF
27564,50.159548,8.645835,Dressel 20,Nida-Heddernheim,IANVARISVARIS
27565,50.159548,8.645835,Dressel 20,Nida-Heddernheim,QIM
27566,50.159548,8.645835,Dressel 20,Nida-Heddernheim,VIRCIN
27567,50.159548,8.645835,Dressel 20,Nida-Heddernheim,IIINNIII
27568,50.159548,8.645835,Dressel 20,Nida-Heddernheim,RES
27569,50.159548,8.645835,Dressel 20,Nida-Heddernheim,VIRCIN
27570,50.159548,8.645835,Dressel 20,Nida-Heddernheim,QAELIMINICIANI
27571,50.159548,8.645835,Dressel 20,Nida-Heddernheim,FSCIMNIANI
27572,50.159548,8.645835,Dressel 20,Nida-Heddernheim,LFCCVF
27573,50.159548,8.645835,Dressel 20,Nida-Heddernheim,QPPHRYXI
27574,50.159548,8.645835,Dressel 20,Nida-Heddernheim,CL
27575,50.159548,8.645835,Dressel 20,Nida-Heddernheim,FSAT
27576,50.159548,8.645835,Dressel 20,Nida-Heddernheim,AELFO
27577,50.159548,8.645835,Dressel 20,Nida-Heddernheim,DOMS
27578,50.159548,8.645835,Dressel 20,Nida-Heddernheim,LCANT
27579,50.159548,8.645835,Dressel 20,Nida-Heddernheim,LFC
27580,50.159548,8.645835,Dressel 20,Nida-Heddernheim,GAF
27581,50.159548,8.645835,Dressel 20,Nida-Heddernheim,LFEF
27582,50.159548,8.645835,Dressel 20,Nida-Heddernheim,LFFK
27583,50.159548,8.645835,Dressel 20,Nida-Heddernheim,PALMALFC
27584,50.159548,8.645835,Dressel 20,Nida-Heddernheim,DFF
27585,50.159548,8.645835,Dressel 20,Nida-Heddernheim,FCVCV
27586,50.159548,8.645835,Dressel 20,Nida-Heddernheim,PQFFE
27587,50.159548,8.645835,Dressel 20,Nida-Heddernheim,LFO
27588,50.159548,8.645835,Dressel 20,Nida-Heddernheim,SNR
27589,50.159548,8.645835,Dressel 20,Nida-Heddernheim,LCM
27590,50.159548,8.645835,Dressel 20,Nida-Heddernheim,MS
27592,50.159548,8.645835,Dressel 20,Nida-Heddernheim,HYGIANTI
27592,50.159548,8.645835,Dressel 20,Nida-Heddernheim,PALMA
27593,50.159548,8.645835,Dressel 20,Nida-Heddernheim,VB
27594,50.159548,8.645835,Dressel 20,Nida-Heddernheim,LQS
27595,50.159548,8.645835,Dressel 20,Nida-Heddernheim,LC
27596,50.159548,8.645835,Dressel 20,Nida-Heddernheim,SISY
27597,50.159548,8.645835,Dressel 20,Nida-Heddernheim,PMV
27598,50.159548,8.645835,Dressel 20,Nida-Heddernheim,CMM
27599,50.159548,8.645835,Dressel 20,Nida-Heddernheim,QVE
27600,50.159548,8.645835,Dressel 20,Nida-Heddernheim,FIGLINACIRGMSMAVRIANI
27601,50.159548,8.645835,Dressel 20,Nida-Heddernheim,QSP
27602,50.159548,8.645835,Dressel 20,Nida-Heddernheim,FAVSTICLAR
27603,50.159548,8.645835,Dressel 20,Nida-Heddernheim,PORTO
27604,50.159548,8.645835,Dressel 20,Nida-Heddernheim,TIS
27605,50.159548,8.645835,Dressel 20,Nida-Heddernheim,PEREGRINI
27619,50.159548,8.645835,Dressel 20,Nida-Heddernheim,QAELIMINICIANI
27634,50.159548,8.645835,Dressel 20,Nida-Heddernheim,BELSI
27984,50.159548,8.645835,Dressel 20,Nida-Heddernheim,CMARISILVAI
27985,50.159548,8.645835,Dressel 20,Nida-Heddernheim,LHEDERAIVNIMELISSI
14612,50.579788,9.802851,Dressel 20,Niederbieber,QMCALIAIDIS
14691,50.325846,8.874742,Dressel 20,Oberflorstadt,PNN
14932,50.325846,8.874742,Dressel 20,Oberflorstadt,SCA
20649,50.325846,8.874742,Dressel 20,Oberflorstadt,APH
13962,48.7119,11.455324,Dressel 20,Oberstimm,PORTANV
14082,49.198844,9.507198,Dressel 20,Th�ringen,ACIRGI
14125,49.198844,9.507198,Dressel 20,Th�ringen,LCANTP
14350,49.198844,9.507198,Dressel 20,Th�ringen,DFF
13936,50.181629,8.186805,Dressel 20,Orlen,LAAL
13942,50.181629,8.186805,Dressel 20,Orlen,GAF
13951,50.181629,8.186805,Dressel 20,Orlen,CAFSMCAFFM
13958,50.181629,8.186805,Dressel 20,Orlen,LAL
13992,50.181629,8.186805,Dressel 20,Orlen,LAEF
14045,50.181629,8.186805,Dressel 20,Orlen,CAPF
14046,50.181629,8.186805,Dressel 20,Orlen,CAPF
14049,50.181629,8.186805,Dressel 20,Orlen,CAPF
14050,50.181629,8.186805,Dressel 20,Orlen,CAPF
14052,50.181629,8.186805,Dressel 20,Orlen,LATSP
14053,50.181629,8.186805,Dressel 20,Orlen,DATSCOL
14055,50.181629,8.186805,Dressel 20,Orlen,DATSCOL
14056,50.181629,8.186805,Dressel 20,Orlen,DATSCOL
14058,50.181629,8.186805,Dressel 20,Orlen,PATTO
14072,50.181629,8.186805,Dressel 20,Orlen,ACIRGI
14102,50.181629,8.186805,Dressel 20,Orlen,ARAXIFM
14104,50.181629,8.186805,Dressel 20,Orlen,ARRAXIFM
14113,50.181629,8.186805,Dressel 20,Orlen,BELL
14115,50.181629,8.186805,Dressel 20,Orlen,BELI
14117,50.181629,8.186805,Dressel 20,Orlen,FBELI
14120,50.181629,8.186805,Dressel 20,Orlen,PPCAL
14121,50.181629,8.186805,Dressel 20,Orlen,LCANTP
14132,50.181629,8.186805,Dressel 20,Orlen,QCC
14156,50.181629,8.186805,Dressel 20,Orlen,PCHO
14167,50.181629,8.186805,Dressel 20,Orlen,MCLSS
14168,50.181629,8.186805,Dressel 20,Orlen,FCM
14171,50.181629,8.186805,Dressel 20,Orlen,LCM
14173,50.181629,8.186805,Dressel 20,Orlen,LCMY
14174,50.181629,8.186805,Dressel 20,Orlen,LCMY
14177,50.181629,8.186805,Dressel 20,Orlen,LCMY
14178,50.181629,8.186805,Dressel 20,Orlen,LCMY
14183,50.181629,8.186805,Dressel 20,Orlen,PPCM
14200,50.181629,8.186805,Dressel 20,Orlen,MMCSANTO
14203,50.181629,8.186805,Dressel 20,Orlen,MMCSANTO
14207,50.181629,8.186805,Dressel 20,Orlen,MMCSVR
14225,50.181629,8.186805,Dressel 20,Orlen,PCLODIICELI
14228,50.181629,8.186805,Dressel 20,Orlen,PCICELI
14257,50.181629,8.186805,Dressel 20,Orlen,IIIENNIIVLCORONA
14266,50.181629,8.186805,Dressel 20,Orlen,IIIENNIIVLPALMA
14269,50.181629,8.186805,Dressel 20,Orlen,FIGEDOPP
14274,50.181629,8.186805,Dressel 20,Orlen,EROTICIANI
14285,50.181629,8.186805,Dressel 20,Orlen,LFCARES
14299,50.181629,8.186805,Dressel 20,Orlen,LFCCVFCM
14308,50.181629,8.186805,Dressel 20,Orlen,LFCCVFS
14309,50.181629,8.186805,Dressel 20,Orlen,LFCCVFS
14310,50.181629,8.186805,Dressel 20,Orlen,LFCCVFS
14311,50.181629,8.186805,Dressel 20,Orlen,LFCCVFS
14322,50.181629,8.186805,Dressel 20,Orlen,LFCFP
14340,50.181629,8.186805,Dressel 20,Orlen,EFDS
14343,50.181629,8.186805,Dressel 20,Orlen,SFE
14351,50.181629,8.186805,Dressel 20,Orlen,LFFG
14352,50.181629,8.186805,Dressel 20,Orlen,LFF
14357,50.181629,8.186805,Dressel 20,Orlen,LFFV
14360,50.181629,8.186805,Dressel 20,Orlen,SFF
14364,50.181629,8.186805,Dressel 20,Orlen,FLQR
14380,50.181629,8.186805,Dressel 20,Orlen,CFSATM
14384,50.181629,8.186805,Dressel 20,Orlen,PQFLFL
14419,50.181629,8.186805,Dressel 20,Orlen,QIAF
14420,50.181629,8.186805,Dressel 20,Orlen,QIAFS
14433,50.181629,8.186805,Dressel 20,Orlen,QIAS
14434,50.181629,8.186805,Dressel 20,Orlen,QIAFS
14438,50.181629,8.186805,Dressel 20,Orlen,QIA
14456,50.181629,8.186805,Dressel 20,Orlen,LIDFITA
14460,50.181629,8.186805,Dressel 20,Orlen,GIF
14463,50.181629,8.186805,Dressel 20,Orlen,MIM
14485,50.181629,8.186805,Dressel 20,Orlen,QIMFN
14486,50.181629,8.186805,Dressel 20,Orlen,QIMFN
14499,50.181629,8.186805,Dressel 20,Orlen,QIMFS
14501,50.181629,8.186805,Dressel 20,Orlen,QIMNOV
14502,50.181629,8.186805,Dressel 20,Orlen,QIMS
14523,50.181629,8.186805,Dressel 20,Orlen,LIT
14524,50.181629,8.186805,Dressel 20,Orlen,LIT
14527,50.181629,8.186805,Dressel 20,Orlen,LIT
14548,50.181629,8.186805,Dressel 20,Orlen,IVLEGNAS
14557,50.181629,8.186805,Dressel 20,Orlen,LIVNIMELISSI
14558,50.181629,8.186805,Dressel 20,Orlen,FSCIMNIANO
14558,50.181629,8.186805,Dressel 20,Orlen,LIVNIMELISSI
14567,50.181629,8.186805,Dressel 20,Orlen,LIVNI
14575,50.181629,8.186805,Dressel 20,Orlen,IIIVNIMELISSIETMELISSE
14577,50.181629,8.186805,Dressel 20,Orlen,IIIVNIMELISSIETMELISSEHEDERA
14580,50.181629,8.186805,Dressel 20,Orlen,IIIVNIMELISSEETMELISSEHEDERA
14587,50.181629,8.186805,Dressel 20,Orlen,IIIVNIMELISSIETMELISSE
14607,50.181629,8.186805,Dressel 20,Orlen,SALALFO
14613,50.181629,8.186805,Dressel 20,Orlen,SMFLHEDERA
14617,50.181629,8.186805,Dressel 20,Orlen,GMMF
14625,50.181629,8.186805,Dressel 20,Orlen,LMMT
14632,50.181629,8.186805,Dressel 20,Orlen,QMR
14635,50.181629,8.186805,Dressel 20,Orlen,QMR
14637,50.181629,8.186805,Dressel 20,Orlen,QMR
14638,50.181629,8.186805,Dressel 20,Orlen,QMR
14641,50.181629,8.186805,Dressel 20,Orlen,QMR
14643,50.181629,8.186805,Dressel 20,Orlen,QMR
14662,50.181629,8.186805,Dressel 20,Orlen,PMSPMZ
14669,50.181629,8.186805,Dressel 20,Orlen,MAVR
14681,50.181629,8.186805,Dressel 20,Orlen,PNN
14682,50.181629,8.186805,Dressel 20,Orlen,PNN
14683,50.181629,8.186805,Dressel 20,Orlen,PNN
14684,50.181629,8.186805,Dressel 20,Orlen,PNNNNAR
14705,50.181629,8.186805,Dressel 20,Orlen,LNRVFI
14708,50.181629,8.186805,Dressel 20,Orlen,CNACOR
14711,50.181629,8.186805,Dressel 20,Orlen,DOMS
14721,50.181629,8.186805,Dressel 20,Orlen,DOMS
14766,50.181629,8.186805,Dressel 20,Orlen,LPMOA
14770,50.181629,8.186805,Dressel 20,Orlen,APP
14788,50.181629,8.186805,Dressel 20,Orlen,POPVLI
14800,50.181629,8.186805,Dressel 20,Orlen,LQS
14801,50.181629,8.186805,Dressel 20,Orlen,LQS
14810,50.181629,8.186805,Dressel 20,Orlen,LQS
14811,50.181629,8.186805,Dressel 20,Orlen,LQS
14819,50.181629,8.186805,Dressel 20,Orlen,LQSK
14825,50.181629,8.186805,Dressel 20,Orlen,GRADOS
14842,50.181629,8.186805,Dressel 20,Orlen,GR
14873,50.181629,8.186805,Dressel 20,Orlen,FSS
14877,50.181629,8.186805,Dressel 20,Orlen,QSASC
14933,50.181629,8.186805,Dressel 20,Orlen,FHEDERASCIMNIANO
14945,50.181629,8.186805,Dressel 20,Orlen,STPR
14946,50.181629,8.186805,Dressel 20,Orlen,TPR
14947,50.181629,8.186805,Dressel 20,Orlen,STPR
14951,50.181629,8.186805,Dressel 20,Orlen,CTY
14957,50.181629,8.186805,Dressel 20,Orlen,QVCVIR
14965,50.181629,8.186805,Dressel 20,Orlen,VMFC
14970,50.181629,8.186805,Dressel 20,Orlen,LVVA
14988,50.181629,8.186805,Dressel 20,Orlen,VIRG
14994,50.181629,8.186805,Dressel 20,Orlen,VIR
12013,49.429975,9.422521,Dressel 20,Osterburken,PCETN
12699,48.574308,13.464016,Dressel 20,Passau,PCLODIICELI
12700,49.034512,12.119234,Dressel 20,Regensburg,LSLPAMPHORA
12701,49.034512,12.119234,Dressel 20,Regensburg,QIMFN
12702,49.034512,12.119234,Dressel 20,Regensburg,COI
14489,49.034512,12.119234,Dressel 20,Regensburg,QIMFN
14857,49.034512,12.119234,Dressel 20,Regensburg,LSLPANFORA
18852,49.034512,12.119234,Dressel 20,Regensburg,QIMFN
18853,49.034512,12.119234,Dressel 20,Regensburg,PCAEHE
18854,49.034512,12.119234,Dressel 20,Regensburg,PMZ
18855,49.034512,12.119234,Dressel 20,Regensburg,APAMPHORA
18856,49.034512,12.119234,Dressel 20,Regensburg,AP
18857,49.034512,12.119234,Dressel 20,Regensburg,LSLPAMPHORA
18858,49.034512,12.119234,Dressel 20,Regensburg,CTOSSA
18859,49.034512,12.119234,Dressel 20,Regensburg,M
14075,50.575927,7.238334,Dressel 20,Remagen,ACIRGIF
14087,50.575927,7.238334,Dressel 20,Remagen,ACIRGI
14590,50.575927,7.238334,Dressel 20,Remagen,IIIVNMELISSIETMELISSE
27860,49.833333,8.166667,Dressel 20,Rheinhessen,AORGE
27861,49.833333,8.166667,Dressel 20,Rheinhessen,KVFICCEPACOLLEOPAR
27862,49.833333,8.166667,Dressel 20,Rheinhessen,QIM
27863,49.833333,8.166667,Dressel 20,Rheinhessen,SISEN
27864,49.833333,8.166667,Dressel 20,Rheinhessen,CI
27865,49.833333,8.166667,Dressel 20,Rheinhessen,PMV
27866,49.833333,8.166667,Dressel 20,Rheinhessen,IIIVNMELSSIETMELISSE
27867,49.833333,8.166667,Dressel 20,Rheinhessen,LIDFITAL
27868,49.833333,8.166667,Dressel 20,Rheinhessen,MIM
27869,49.833333,8.166667,Dressel 20,Rheinhessen,IIIENNIIVL
27871,49.833333,8.166667,Dressel 20,Rheinhessen,CEFP
27872,49.833333,8.166667,Dressel 20,Rheinhessen,VIRCIN
27873,49.833333,8.166667,Dressel 20,Rheinhessen,AELFO
27875,49.833333,8.166667,Dressel 20,Rheinhessen,DOMS
27876,49.833333,8.166667,Dressel 20,Rheinhessen,SCALCELS
27877,49.833333,8.166667,Dressel 20,Rheinhessen,EROTICI
27878,49.833333,8.166667,Dressel 20,Rheinhessen,PRI
27879,49.833333,8.166667,Dressel 20,Rheinhessen,LCAXLCNXLCMX
27880,49.833333,8.166667,Dressel 20,Rheinhessen,DOMS
27881,49.833333,8.166667,Dressel 20,Rheinhessen,LAL
27882,49.833333,8.166667,Dressel 20,Rheinhessen,VIRC
27883,49.833333,8.166667,Dressel 20,Rheinhessen,CANTONIQVIETI
27885,49.833333,8.166667,Dressel 20,Rheinhessen,RAMMAR
27886,49.833333,8.166667,Dressel 20,Rheinhessen,LFCAGAL
27887,49.833333,8.166667,Dressel 20,Rheinhessen,EXOFCBEL
27888,49.833333,8.166667,Dressel 20,Rheinhessen,IIIENNIIVLPALMA
27889,49.833333,8.166667,Dressel 20,Rheinhessen,IICAMILIMELISSI
27890,49.833333,8.166667,Dressel 20,Rheinhessen,AGRICOLAE
27891,49.833333,8.166667,Dressel 20,Rheinhessen,QFLVPI
27892,49.833333,8.166667,Dressel 20,Rheinhessen,PORCPR
27895,49.833333,8.166667,Dressel 20,Rheinhessen,CALPVRN
27896,49.833333,8.166667,Dressel 20,Rheinhessen,ACIRGIF
30669,49.833333,8.166667,Dressel 20,Rheinhessen,PA
36999,49.833333,8.166667,Dressel 20,Rheinhessen,ACIRGI
13946,49.117784,8.279373,Dressel 20,Rheinzabern,LAF
14243,49.117784,8.279373,Dressel 20,Rheinzabern,DEDIMVS
14277,49.117784,8.279373,Dressel 20,Rheinzabern,EVETYCHI
14342,49.117784,8.279373,Dressel 20,Rheinzabern,SFE
14057,48.151113,7.749145,Dressel 20,Riegel am Kaiserstuhl,PATV
14025,48.270991,9.825866,Dressel 20,Risstissen,CANTONIQVIETI
14779,48.270991,9.825866,Dressel 20,Risstissen,PASSERARI
32244,51.035167,6.692361,Dressel 20,Rommerskirchen,ACIRGI
32245,51.035167,6.692361,Dressel 20,Rommerskirchen,QVIN
32246,51.035167,6.692361,Dressel 20,Rommerskirchen,QMR
32247,51.035167,6.692361,Dressel 20,Rommerskirchen,MR
32248,51.035167,6.692361,Dressel 20,Rommerskirchen,VIII
7337,51.035167,6.692361,Dressel 20,Rommerskirchen,GMMF
7341,51.035167,6.692361,Dressel 20,Rommerskirchen,LIVNIMELISSI
14229,50.3,8.716667,Dressel 20,Rosbach vor der H?he,PCICELI
14379,50.3,8.716667,Dressel 20,Rosbach vor der H?he,CFSAR
11980,48.476092,8.93975,Dressel 20,Rottenburg,QCM
11989,48.476092,8.93975,Dressel 20,Rottenburg,QIMNFN
11997,48.476092,8.93975,Dressel 20,Rottenburg,QMS
12004,48.476092,8.93975,Dressel 20,Rottenburg,POROCC
12007,48.476092,8.93975,Dressel 20,Rottenburg,FSCIMNIANO
14448,48.476092,8.93975,Dressel 20,Rottenburg,CIALB
14653,48.476092,8.93975,Dressel 20,Rottenburg,QMS
14727,48.476092,8.93975,Dressel 20,Rottenburg,DOMS
11977,48.168228,8.618248,Dressel 20,Rottweil,BELSI
11992,48.168228,8.618248,Dressel 20,Rottweil,QIVLI
11993,48.168228,8.618248,Dressel 20,Rottweil,ALFO
12006,48.168228,8.618248,Dressel 20,Rottweil,ROMANIPALMA
12010,48.168228,8.618248,Dressel 20,Rottweil,VRITTIET
12011,48.168228,8.618248,Dressel 20,Rottweil,VIRGIN
12014,48.168228,8.618248,Dressel 20,Rottweil,OP
13954,48.168228,8.618248,Dressel 20,Rottweil,QAGEMELLI
13968,48.168228,8.618248,Dressel 20,Rottweil,LAPAEP
13969,48.168228,8.618248,Dressel 20,Rottweil,LAEPAE
14013,48.168228,8.618248,Dressel 20,Rottweil,MANNISATVR
14022,48.168228,8.618248,Dressel 20,Rottweil,CANTONIQVIETI
14029,48.168228,8.618248,Dressel 20,Rottweil,CANTONIQVIETI
14040,48.168228,8.618248,Dressel 20,Rottweil,CANTQ
14063,48.168228,8.618248,Dressel 20,Rottweil,TAAPA
14064,48.168228,8.618248,Dressel 20,Rottweil,TAASITICIPC
14101,48.168228,8.618248,Dressel 20,Rottweil,AGRICOLAE
14130,48.168228,8.618248,Dressel 20,Rottweil,QCC
14131,48.168228,8.618248,Dressel 20,Rottweil,QCC
14147,48.168228,8.618248,Dressel 20,Rottweil,LCFPCE
14148,48.168228,8.618248,Dressel 20,Rottweil,LCFPCELCFPGE
14194,48.168228,8.618248,Dressel 20,Rottweil,QCR
14195,48.168228,8.618248,Dressel 20,Rottweil,QCR
14212,48.168228,8.618248,Dressel 20,Rottweil,LCT
14223,48.168228,8.618248,Dressel 20,Rottweil,PCLODIICELI
14226,48.168228,8.618248,Dressel 20,Rottweil,PCLODICELI
14239,48.168228,8.618248,Dressel 20,Rottweil,CALPC
14264,48.168228,8.618248,Dressel 20,Rottweil,IIIENNIORIVLISAE
14333,48.168228,8.618248,Dressel 20,Rottweil,QFC
14375,48.168228,8.618248,Dressel 20,Rottweil,QFRSTSIP
14381,48.168228,8.618248,Dressel 20,Rottweil,LFSEC
14386,48.168228,8.618248,Dressel 20,Rottweil,MFLAVIE
14387,48.168228,8.618248,Dressel 20,Rottweil,MFLAVITITVRI
14397,48.168228,8.618248,Dressel 20,Rottweil,LHEDERAGHEDERAG
14415,48.168228,8.618248,Dressel 20,Rottweil,MIAPM
14452,48.168228,8.618248,Dressel 20,Rottweil,CIALBANIC
14495,48.168228,8.618248,Dressel 20,Rottweil,QIMF
14505,48.168228,8.618248,Dressel 20,Rottweil,QIMFS
14538,48.168228,8.618248,Dressel 20,Rottweil,ISMILOF
14544,48.168228,8.618248,Dressel 20,Rottweil,PIVLICRISPI
14546,48.168228,8.618248,Dressel 20,Rottweil,PIVLCRISPI
14595,48.168228,8.618248,Dressel 20,Rottweil,CIVVALB
14614,48.168228,8.618248,Dressel 20,Rottweil,PMHPOR
14630,48.168228,8.618248,Dressel 20,Rottweil,PMRFN
14644,48.168228,8.618248,Dressel 20,Rottweil,QMR
14645,48.168228,8.618248,Dressel 20,Rottweil,QMR
14646,48.168228,8.618248,Dressel 20,Rottweil,MMRP
14647,48.168228,8.618248,Dressel 20,Rottweil,MMRP
14702,48.168228,8.618248,Dressel 20,Rottweil,SNR
14747,48.168228,8.618248,Dressel 20,Rottweil,APG
14755,48.168228,8.618248,Dressel 20,Rottweil,LPCHFILI
14764,48.168228,8.618248,Dressel 20,Rottweil,CPMC
14765,48.168228,8.618248,Dressel 20,Rottweil,CPMC
14768,48.168228,8.618248,Dressel 20,Rottweil,LPMS
14769,48.168228,8.618248,Dressel 20,Rottweil,PMPS
14776,48.168228,8.618248,Dressel 20,Rottweil,QPPRIX
14778,48.168228,8.618248,Dressel 20,Rottweil,PASSERARI
14795,48.168228,8.618248,Dressel 20,Rottweil,LQS
14830,48.168228,8.618248,Dressel 20,Rottweil,MRIPALMA
14856,48.168228,8.618248,Dressel 20,Rottweil,LSLPANFORA
14869,48.168228,8.618248,Dressel 20,Rottweil,QSPPALMA
14870,48.168228,8.618248,Dressel 20,Rottweil,QSPPALMA
14872,48.168228,8.618248,Dressel 20,Rottweil,QSP
14885,48.168228,8.618248,Dressel 20,Rottweil,MSEMPHEL
14896,48.168228,8.618248,Dressel 20,Rottweil,CSTERPAVLLINI
14898,48.168228,8.618248,Dressel 20,Rottweil,CSTERPAVLLINI
14899,48.168228,8.618248,Dressel 20,Rottweil,CSTERPAVLLINI
14900,48.168228,8.618248,Dressel 20,Rottweil,SAENIANAN
14905,48.168228,8.618248,Dressel 20,Rottweil,CECSAENI
14931,48.168228,8.618248,Dressel 20,Rottweil,SCAVENSCAVEM
14942,48.168228,8.618248,Dressel 20,Rottweil,SVCESSI
14961,48.168228,8.618248,Dressel 20,Rottweil,PVFAVSTINI
14962,48.168228,8.618248,Dressel 20,Rottweil,PVFAVSTINI
14972,48.168228,8.618248,Dressel 20,Rottweil,LVALTROPHIMI
14981,48.168228,8.618248,Dressel 20,Rottweil,LVBCHROM
14996,48.168228,8.618248,Dressel 20,Rottweil,VRITIPVS
14998,48.168228,8.618248,Dressel 20,Rottweil,VRITTIPVRITTIF
13941,50.271515,8.566917,Dressel 20,Saalburg,GAF
13949,50.271515,8.566917,Dressel 20,Saalburg,CAFFP
13950,50.271515,8.566917,Dressel 20,Saalburg,CAFSM
13967,50.271515,8.566917,Dressel 20,Saalburg,LVALEME
13990,50.271515,8.566917,Dressel 20,Saalburg,LHEDERAAE
13994,50.271515,8.566917,Dressel 20,Saalburg,CAESM
14001,50.271515,8.566917,Dressel 20,Saalburg,MAEMRVS
14051,50.271515,8.566917,Dressel 20,Saalburg,PAPRV
14060,50.271515,8.566917,Dressel 20,Saalburg,PATTO
14079,50.271515,8.566917,Dressel 20,Saalburg,ACIRGI
14080,50.271515,8.566917,Dressel 20,Saalburg,ACIRGI
14094,50.271515,8.566917,Dressel 20,Saalburg,MSMACIRGI
14111,50.271515,8.566917,Dressel 20,Saalburg,BELIC
14114,50.271515,8.566917,Dressel 20,Saalburg,BEL
14116,50.271515,8.566917,Dressel 20,Saalburg,BELI
14118,50.271515,8.566917,Dressel 20,Saalburg,BVRB
14126,50.271515,8.566917,Dressel 20,Saalburg,MCC
14127,50.271515,8.566917,Dressel 20,Saalburg,MCC
14134,50.271515,8.566917,Dressel 20,Saalburg,QCCC
14136,50.271515,8.566917,Dressel 20,Saalburg,QCCE
14137,50.271515,8.566917,Dressel 20,Saalburg,QCCE
14141,50.271515,8.566917,Dressel 20,Saalburg,QCCL
14154,50.271515,8.566917,Dressel 20,Saalburg,LCHE
14155,50.271515,8.566917,Dressel 20,Saalburg,PCHO
14157,50.271515,8.566917,Dressel 20,Saalburg,PCHO
14162,50.271515,8.566917,Dressel 20,Saalburg,SCLH
14163,50.271515,8.566917,Dressel 20,Saalburg,SCLT
14164,50.271515,8.566917,Dressel 20,Saalburg,SCLT
14165,50.271515,8.566917,Dressel 20,Saalburg,SCLT
14166,34.951399,-5.362541,Dressel 20,Saalburg,MCLSBMCLSR
14170,50.271515,8.566917,Dressel 20,Saalburg,LCM
14172,50.271515,8.566917,Dressel 20,Saalburg,LCM
14175,50.271515,8.566917,Dressel 20,Saalburg,LCMY
14199,50.271515,8.566917,Dressel 20,Saalburg,MMCSAPI
14201,50.271515,8.566917,Dressel 20,Saalburg,MMCSANTO
14202,50.271515,8.566917,Dressel 20,Saalburg,MMCSANTO
14204,50.271515,8.566917,Dressel 20,Saalburg,MMCSANTO
14205,50.271515,8.566917,Dressel 20,Saalburg,MMCSANTO
14222,50.271515,8.566917,Dressel 20,Saalburg,PCLODIICELI
14247,50.271515,8.566917,Dressel 20,Saalburg,CEFP
14249,50.271515,8.566917,Dressel 20,Saalburg,HER
14255,50.271515,8.566917,Dressel 20,Saalburg,IIINNIIVL
14268,50.271515,8.566917,Dressel 20,Saalburg,EQFAT
14276,50.271515,8.566917,Dressel 20,Saalburg,EVTICIEVETICHI
14293,50.271515,8.566917,Dressel 20,Saalburg,LFCCVF
14316,50.271515,8.566917,Dressel 20,Saalburg,LFCFP
14321,50.271515,8.566917,Dressel 20,Saalburg,LFCCV
14328,50.271515,8.566917,Dressel 20,Saalburg,QFC
14332,50.271515,8.566917,Dressel 20,Saalburg,QFC
14341,50.271515,8.566917,Dressel 20,Saalburg,SFE
14347,50.271515,8.566917,Dressel 20,Saalburg,DFF
14372,50.271515,8.566917,Dressel 20,Saalburg,QFPP
14390,50.271515,8.566917,Dressel 20,Saalburg,FOLS
14391,50.271515,8.566917,Dressel 20,Saalburg,QFVLNIC
14399,50.271515,8.566917,Dressel 20,Saalburg,FGRV
14404,50.271515,8.566917,Dressel 20,Saalburg,QHRSIL
14413,50.271515,8.566917,Dressel 20,Saalburg,DIA
14431,50.271515,8.566917,Dressel 20,Saalburg,QIAFS
14439,50.271515,8.566917,Dressel 20,Saalburg,QIAFS
14443,50.271515,8.566917,Dressel 20,Saalburg,CIALB
14457,50.271515,8.566917,Dressel 20,Saalburg,LIDFITA
14482,50.271515,8.566917,Dressel 20,Saalburg,QIMFN
14483,50.271515,8.566917,Dressel 20,Saalburg,QIMFN
14484,50.271515,8.566917,Dressel 20,Saalburg,QIMFN
14497,50.271515,8.566917,Dressel 20,Saalburg,QIMFS
14512,50.271515,8.566917,Dressel 20,Saalburg,PIRP
14519,50.271515,8.566917,Dressel 20,Saalburg,LISI
14525,50.271515,8.566917,Dressel 20,Saalburg,LIT
14528,50.271515,8.566917,Dressel 20,Saalburg,LIT
14536,50.271515,8.566917,Dressel 20,Saalburg,ISAFRIF
14571,50.271515,8.566917,Dressel 20,Saalburg,IIIENMELISSIETMELISSE
14574,50.271515,8.566917,Dressel 20,Saalburg,IIIVNMELISSIETMELISSEHEDERA
14583,50.271515,8.566917,Dressel 20,Saalburg,IIIVNMELISSIETMELISSE
14593,50.271515,8.566917,Dressel 20,Saalburg,IIIVNMELISSIETMELISSE
14610,50.271515,8.566917,Dressel 20,Saalburg,GLPV
14618,50.271515,8.566917,Dressel 20,Saalburg,CMMF
14619,50.271515,8.566917,Dressel 20,Saalburg,GMMF
14621,50.271515,8.566917,Dressel 20,Saalburg,GMMF
14636,50.271515,8.566917,Dressel 20,Saalburg,QMR
14654,50.271515,8.566917,Dressel 20,Saalburg,QMSDI
14655,50.271515,8.566917,Dressel 20,Saalburg,PMV
14667,50.271515,8.566917,Dressel 20,Saalburg,QMVMCER
14671,50.271515,8.566917,Dressel 20,Saalburg,MEDIANAE
14672,50.271515,8.566917,Dressel 20,Saalburg,GNAC
14676,50.271515,8.566917,Dressel 20,Saalburg,PNN
14677,50.271515,8.566917,Dressel 20,Saalburg,PNN
14679,50.271515,8.566917,Dressel 20,Saalburg,PNN
14680,50.271515,8.566917,Dressel 20,Saalburg,PNN
14685,50.271515,8.566917,Dressel 20,Saalburg,PNNAR
14695,50.271515,8.566917,Dressel 20,Saalburg,SNR
14696,50.271515,8.566917,Dressel 20,Saalburg,SNR
14699,50.271515,8.566917,Dressel 20,Saalburg,SNR
14700,50.271515,8.566917,Dressel 20,Saalburg,SNR
14704,50.271515,8.566917,Dressel 20,Saalburg,SNR
14706,50.271515,8.566917,Dressel 20,Saalburg,PNSI
14709,50.271515,8.566917,Dressel 20,Saalburg,DOMS
14713,50.271515,8.566917,Dressel 20,Saalburg,DOMS
14715,50.271515,8.566917,Dressel 20,Saalburg,DOMS
14717,50.271515,8.566917,Dressel 20,Saalburg,DOMS
14745,50.271515,8.566917,Dressel 20,Saalburg,PPAC
14749,50.271515,8.566917,Dressel 20,Saalburg,APAMPHORACO
14754,50.271515,8.566917,Dressel 20,Saalburg,LPCHFILI
14756,50.271515,8.566917,Dressel 20,Saalburg,LPFLPE
14762,50.271515,8.566917,Dressel 20,Saalburg,MPM
14771,50.271515,8.566917,Dressel 20,Saalburg,APP
14777,50.271515,8.566917,Dressel 20,Saalburg,PMPS
14790,50.271515,8.566917,Dressel 20,Saalburg,AQFVA
14797,50.271515,8.566917,Dressel 20,Saalburg,LQS
14798,50.271515,8.566917,Dressel 20,Saalburg,LQS
14817,50.271515,8.566917,Dressel 20,Saalburg,LQSK
14820,50.271515,8.566917,Dressel 20,Saalburg,LQS
14821,50.271515,8.566917,Dressel 20,Saalburg,LQS
14829,50.271515,8.566917,Dressel 20,Saalburg,LRCARPS
14866,50.271515,8.566917,Dressel 20,Saalburg,MSP
14867,50.271515,8.566917,Dressel 20,Saalburg,MSP
14912,50.271515,8.566917,Dressel 20,Saalburg,SAXOFERRI
14913,50.271515,8.566917,Dressel 20,Saalburg,SAXOFERRI
14914,50.271515,8.566917,Dressel 20,Saalburg,SAXOFERRI
14926,50.271515,8.566917,Dressel 20,Saalburg,SCALENSIS
14927,50.271515,8.566917,Dressel 20,Saalburg,SCALENSISP
14948,50.271515,8.566917,Dressel 20,Saalburg,LTSTRPALMA
20528,50.271515,8.566917,Dressel 20,Saalburg,FELIC
28055,50.271515,8.566917,Dressel 20,Saalburg,QCCF
5589,47.724101,10.723349,Dressel 20,Salchenried,QIMF
11987,49.144939,9.055253,Dressel 20,Schwaigern,QIAFS
14989,49.320833,8.431111,Dressel 20,Speyer,VIRG
11972,49.181848,8.645571,Dressel 20,Stettfeld,CAFFM
13982,49.975833,9.063797,Dressel 20,Stockstadt am Main,CAS
14005,49.975833,9.063797,Dressel 20,Stockstadt am Main,FALBLIC
14265,49.975833,9.063797,Dressel 20,Stockstadt am Main,IIIENNIIVL
14305,49.975833,9.063797,Dressel 20,Stockstadt am Main,LFCCVFM
14411,49.975833,9.063797,Dressel 20,Stockstadt am Main,CIA
14487,49.975833,9.063797,Dressel 20,Stockstadt am Main,QIMFN
14504,49.975833,9.063797,Dressel 20,Stockstadt am Main,QIMFS
14511,49.975833,9.063797,Dressel 20,Stockstadt am Main,CIR
14600,49.975833,9.063797,Dressel 20,Stockstadt am Main,ALFO
14601,49.975833,9.063797,Dressel 20,Stockstadt am Main,ALFO
14639,49.975833,9.063797,Dressel 20,Stockstadt am Main,QMR
14719,49.975833,9.063797,Dressel 20,Stockstadt am Main,DOMS
14734,49.975833,9.063797,Dressel 20,Stockstadt am Main,CORCLE
14772,49.975833,9.063797,Dressel 20,Stockstadt am Main,QPPHRYXI
14865,49.975833,9.063797,Dressel 20,Stockstadt am Main,MSP
14406,50.77368,6.225952,Dressel 20,Stolberg,HISPSAENI
14572,50.77368,6.225952,Dressel 20,Stolberg,IIIVNMELISSIETMELISSE
14016,48.881259,12.573853,Dressel 20,Straubing,CANTONIQVIETI
14091,48.881259,12.573853,Dressel 20,Straubing,ACIRGIF
14193,48.881259,12.573853,Dressel 20,Straubing,QCR
14753,48.881259,12.573853,Dressel 20,Straubing,APAMPHORANI
14805,48.881259,12.573853,Dressel 20,Straubing,LQS
14011,48.782343,9.180819,Dressel 20,Sttutgart-Bad Cannstatt,PANRVF
14128,48.782343,9.180819,Dressel 20,Sttutgart-Bad Cannstatt,MCC
14324,48.782343,9.180819,Dressel 20,Sttutgart-Bad Cannstatt,LFCCVCAT
14336,48.782343,9.180819,Dressel 20,Sttutgart-Bad Cannstatt,MFCTL
14521,48.782343,9.180819,Dressel 20,Sttutgart-Bad Cannstatt,LIT
13937,48.782343,9.180819,Dressel 20,Stuttgart,LAAL
13988,48.782343,9.180819,Dressel 20,Stuttgart,LAEL
14481,48.782343,9.180819,Dressel 20,Stuttgart,HEDERAQHEDERAIHEDERAMF
14881,48.782343,9.180819,Dressel 20,Stuttgart,CSANTF
13943,48.364013,8.636449,Dressel 20,Sulz am Neckar,GAF
14014,48.364013,8.636449,Dressel 20,Sulz am Neckar,MMANISATVRNINI
14362,49.083333,11.85,Dressel 20,Theilenhofen,SFF
14627,49.083333,11.85,Dressel 20,Theilenhofen,QMMCER
13948,49.75979,6.636628,Dressel 20,Trier,CAFFM
14192,49.75979,6.636628,Dressel 20,Trier,QCR
14221,49.75979,6.636628,Dressel 20,Trier,IICAMILIMELISSI
14252,49.75979,6.636628,Dressel 20,Trier,IIIENNIIVL
14259,49.75979,6.636628,Dressel 20,Trier,IIIENNIIVL
14283,49.75979,6.636628,Dressel 20,Trier,LFC
14287,49.75979,6.636628,Dressel 20,Trier,LFCCOL
14334,49.75979,6.636628,Dressel 20,Trier,QFC
14409,49.75979,6.636628,Dressel 20,Trier,HISPSAENI
14426,49.75979,6.636628,Dressel 20,Trier,QIAFS
14427,49.75979,6.636628,Dressel 20,Trier,QIAFS
14562,49.75979,6.636628,Dressel 20,Trier,LIVNIMELISSI
14608,49.75979,6.636628,Dressel 20,Trier,CLMFF
14608,49.75979,6.636628,Dressel 20,Trier,VRSI
14722,49.75979,6.636628,Dressel 20,Trier,DOMS
14722,49.75979,6.636628,Dressel 20,Trier,LQS
14725,49.75979,6.636628,Dressel 20,Trier,DOMS
14806,49.75979,6.636628,Dressel 20,Trier,LQS
14985,49.75979,6.636628,Dressel 20,Trier,VIRGIN
11975,48.339204,10.003041,Dressel 20,Unterkirchberg,CANTONIQVIETI
11981,48.339204,10.003041,Dressel 20,Unterkirchberg,QCR
11991,48.339204,10.003041,Dressel 20,Unterkirchberg,SEXIVLIRVF
12015,48.339204,10.003041,Dressel 20,Unterkirchberg,SAN
11999,48.268117,8.485057,Dressel 20,Waldm?ssingen,PMSS
11982,49.012683,9.151124,Dressel 20,Walheim,MMCSANTO
11983,49.012683,9.151124,Dressel 20,Walheim,IIENNIIVLPALMA
11998,49.012683,9.151124,Dressel 20,Walheim,PMV
12001,49.012683,9.151124,Dressel 20,Walheim,PN
14425,49.012683,9.151124,Dressel 20,Walheim,LAS
14425,49.012683,9.151124,Dressel 20,Walheim,QIAFS
14594,49.012683,9.151124,Dressel 20,Walheim,IIIVNIMELISSIETMELISSE
27095,49.012683,9.151124,Dressel 20,Walheim,LAN
27096,49.012683,9.151124,Dressel 20,Walheim,CCA
27097,49.012683,9.151124,Dressel 20,Walheim,QF
27098,49.012683,9.151124,Dressel 20,Walheim,M
27099,49.012683,9.151124,Dressel 20,Walheim,AL
12000,49.58358,9.366424,Dressel 20,Walld�rn,PNNF
12005,49.58358,9.366424,Dressel 20,Walld�rn,PORRVFI
13947,49.030564,10.972771,Dressel 20,Weissenburg in Bayern,CAFFM
14447,49.030564,10.972771,Dressel 20,Weissenburg in Bayern,CIALB
14628,49.030564,10.972771,Dressel 20,Weissenburg in Bayern,QMMCER
14066,50.417187,7.450716,Dressel 20,Wei�enthurm,LAGFR
14377,50.417187,7.450716,Dressel 20,Wei�enthurm,MFS
14553,50.417187,7.450716,Dressel 20,Wei�enthurm,CIVNIHEBVRI
11971,48.875595,9.630983,Dressel 20,Welzheim,LAF
14824,48.875595,9.630983,Dressel 20,Welzheim,MCLSR
14824,48.875595,9.630983,Dressel 20,Welzheim,PSA
20602,48.875595,9.630983,Dressel 20,Welzheim,MQSR
13996,50.082582,8.249322,Dressel 20,Wiesbaden,AELIITALSEN
14043,50.082582,8.249322,Dressel 20,Wiesbaden,QANTRVG
14188,50.082582,8.249322,Dressel 20,Wiesbaden,QCR
14216,50.082582,8.249322,Dressel 20,Wiesbaden,QCALMARSI
14262,50.082582,8.249322,Dressel 20,Wiesbaden,III
14450,50.082582,8.249322,Dressel 20,Wiesbaden,CIALB
14506,50.082582,8.249322,Dressel 20,Wiesbaden,QIMF
14543,50.082582,8.249322,Dressel 20,Wiesbaden,PIVLICRISPI
14588,50.082582,8.249322,Dressel 20,Wiesbaden,FPATERNIHEDERA
14588,50.082582,8.249322,Dressel 20,Wiesbaden,IVNIMELISSIETMELISSE
14738,50.082582,8.249322,Dressel 20,Wiesbaden,BROODV
14887,50.082582,8.249322,Dressel 20,Wiesbaden,CSEMPOL
27911,50.082582,8.249322,Dressel 20,Wiesbaden,LFCCVFCAT
27912,50.082582,8.249322,Dressel 20,Wiesbaden,LI
27913,50.082582,8.249322,Dressel 20,Wiesbaden,BRRV
27914,50.082582,8.249322,Dressel 20,Wiesbaden,OCNIMMINCO
27917,50.082582,8.249322,Dressel 20,Wiesbaden,IIIVNIMELISSIETMELISSE
27918,50.082582,8.249322,Dressel 20,Wiesbaden,STLACCI
27919,50.082582,8.249322,Dressel 20,Wiesbaden,LFO
27920,50.082582,8.249322,Dressel 20,Wiesbaden,QMR
27921,50.082582,8.249322,Dressel 20,Wiesbaden,BROCHIOD
27922,50.082582,8.249322,Dressel 20,Wiesbaden,NOPVIC
27925,50.082582,8.249322,Dressel 20,Wiesbaden,LIDFITAL
27926,50.082582,8.249322,Dressel 20,Wiesbaden,QIMNOV
27927,50.082582,8.249322,Dressel 20,Wiesbaden,FIGLINAACIRGIMSMAVRIANI
27928,50.082582,8.249322,Dressel 20,Wiesbaden,ASVLE
27929,50.082582,8.249322,Dressel 20,Wiesbaden,PNN
27930,50.082582,8.249322,Dressel 20,Wiesbaden,CANANITA
27931,50.082582,8.249322,Dressel 20,Wiesbaden,OQL
27932,50.082582,8.249322,Dressel 20,Wiesbaden,AELITALSEN
27933,50.082582,8.249322,Dressel 20,Wiesbaden,LVLVALCHAE
27948,50.082582,8.249322,Dressel 20,Wiesbaden,MP
10,49.632784,8.359164,Dressel 20,Worms,PIVLCRISPART
11,49.632784,8.359164,Dressel 20,Worms,FPATERNIHEDERA
11,49.632784,8.359164,Dressel 20,Worms,IIIVNMELISSIETMELISSE
11,49.632784,8.359164,Dressel 20,Worms,VENERF
12,49.632784,8.359164,Dressel 20,Worms,ALFO
13,49.632784,8.359164,Dressel 20,Worms,SATVRNI
14414,49.632784,8.359164,Dressel 20,Worms,DIA
14837,49.632784,8.359164,Dressel 20,Worms,ROMANI
27949,49.632784,8.359164,Dressel 20,Worms,FOLS
27950,49.632784,8.359164,Dressel 20,Worms,LFC
27951,49.632784,8.359164,Dressel 20,Worms,LCHE
27952,49.632784,8.359164,Dressel 20,Worms,QCM
27953,49.632784,8.359164,Dressel 20,Worms,LIVNIMELISSIP
27954,49.632784,8.359164,Dressel 20,Worms,FOLS
27955,49.632784,8.359164,Dressel 20,Worms,QMR
27956,49.632784,8.359164,Dressel 20,Worms,EVTSTERPAVL
27957,49.632784,8.359164,Dressel 20,Worms,QIAFS
27959,49.632784,8.359164,Dressel 20,Worms,EVTICI
27961,49.632784,8.359164,Dressel 20,Worms,MILONF
37022,49.632784,8.359164,Dressel 20,Worms,ALFO
8,49.632784,8.359164,Dressel 20,Worms,QSERVBRO
830,49.632784,8.359164,Dressel 20,Worms,GAPF
831,49.632784,8.359164,Dressel 20,Worms,CAS
832,49.632784,8.359164,Dressel 20,Worms,LFCCVCAT
833,49.632784,8.359164,Dressel 20,Worms,LFFV
834,49.632784,8.359164,Dressel 20,Worms,LIDFITA
835,49.632784,8.359164,Dressel 20,Worms,LMVE
836,49.632784,8.359164,Dressel 20,Worms,DOMS
838,49.632784,8.359164,Dressel 20,Worms,SAXOFERREO
839,49.632784,8.359164,Dressel 20,Worms,FEK
840,49.632784,8.359164,Dressel 20,Worms,IIK
9,49.632784,8.359164,Dressel 20,Worms,DIA
13971,51.658769,6.452971,Dressel 20,Xanten,PORLAPA
14093,51.658769,6.452971,Dressel 20,Xanten,FIGLINAACIRGIMSM
14187,51.658769,6.452971,Dressel 20,Xanten,QCR
14275,51.658769,6.452971,Dressel 20,Xanten,EVHELPISI
14304,51.658769,6.452971,Dressel 20,Xanten,LFCCVFCM
14469,51.658769,6.452971,Dressel 20,Xanten,MIM
14488,51.658769,6.452971,Dressel 20,Xanten,QIMFN
14773,51.658769,6.452971,Dressel 20,Xanten,QPPHRYXI
14838,51.658769,6.452971,Dressel 20,Xanten,ROMANI
14853,51.658769,6.452971,Dressel 20,Xanten,PSAVITI
14889,51.658769,6.452971,Dressel 20,Xanten,POLYCLITI
14977,51.658769,6.452971,Dressel 20,Xanten,LVV
14135,50.181629,8.186805,Dressel 20,Zugmantel,QCCC
14184,50.181629,8.186805,Dressel 20,Zugmantel,PCAPPCM
